stage,config,episode,panel,comparison,n_origins,mean_MAE_reduction_K,relative_MAE_reduction_pct,origin_positive_fraction,status
TRAIN_FORWARD,SUPPLY_15M,2,ALL,HISTORY_SUMMARY_PLAN_TUNED__vs__CURRENT_PLAN_TUNED,130,-0.0019499783075485457,-1.1871466899867262,0.46153846153846156,OBSERVED
TRAIN_FORWARD,SUPPLY_15M,2,RECENT_OR_PLANNED_CHANGE,HISTORY_SUMMARY_PLAN_TUNED__vs__CURRENT_PLAN_TUNED,37,0.005070382659766479,1.3801633896924916,0.4594594594594595,OBSERVED
TRAIN_FORWARD,SUPPLY_15M,2,RECENT_PAST_CHANGE,HISTORY_SUMMARY_PLAN_TUNED__vs__CURRENT_PLAN_TUNED,13,0.009250704678965329,13.007980860268761,0.6153846153846154,OBSERVED
TRAIN_FORWARD,SUPPLY_15M,2,CHANGE_IN_PLAN,HISTORY_SUMMARY_PLAN_TUNED__vs__CURRENT_PLAN_TUNED,24,0.002806041566033772,0.5315986262283269,0.375,OBSERVED
TRAIN_FORWARD,SUPPLY_15M,2,NO_RECENT_OR_PLANNED_CHANGE,HISTORY_SUMMARY_PLAN_TUNED__vs__CURRENT_PLAN_TUNED,93,-0.004743025144007214,-5.683863984656163,0.46236559139784944,OBSERVED
TRAIN_FORWARD,SUPPLY_15M,2,MULTIPLE_CHANGES_IN_CONTEXT,HISTORY_SUMMARY_PLAN_TUNED__vs__CURRENT_PLAN_TUNED,33,0.011283274403743894,8.372381123969177,0.6363636363636364,OBSERVED
TRAIN_FORWARD,SUPPLY_15M,2,ALL,HISTORY_LAGS_PLAN_TUNED__vs__CURRENT_PLAN_TUNED,130,-0.011061953735343643,-6.734516846091928,0.45384615384615384,OBSERVED
TRAIN_FORWARD,SUPPLY_15M,2,RECENT_OR_PLANNED_CHANGE,HISTORY_LAGS_PLAN_TUNED__vs__CURRENT_PLAN_TUNED,37,0.011689791097592923,3.1819731938721203,0.6486486486486487,OBSERVED
TRAIN_FORWARD,SUPPLY_15M,2,RECENT_PAST_CHANGE,HISTORY_LAGS_PLAN_TUNED__vs__CURRENT_PLAN_TUNED,13,0.01933344505935883,27.185937939089612,0.6923076923076923,OBSERVED
TRAIN_FORWARD,SUPPLY_15M,2,CHANGE_IN_PLAN,HISTORY_LAGS_PLAN_TUNED__vs__CURRENT_PLAN_TUNED,24,0.007549478534969729,1.430232704500803,0.625,OBSERVED
TRAIN_FORWARD,SUPPLY_15M,2,NO_RECENT_OR_PLANNED_CHANGE,HISTORY_LAGS_PLAN_TUNED__vs__CURRENT_PLAN_TUNED,93,-0.020113723185006583,-24.10353378645903,0.3763440860215054,OBSERVED
TRAIN_FORWARD,SUPPLY_15M,2,MULTIPLE_CHANGES_IN_CONTEXT,HISTORY_LAGS_PLAN_TUNED__vs__CURRENT_PLAN_TUNED,33,0.012000938454690644,8.90490003102546,0.6666666666666666,OBSERVED
TRAIN_FORWARD,SUPPLY_15M,2,ALL,HISTORY_SUMMARY_PLAN_A1__vs__CURRENT_PLAN_A1,130,0.003051613460222847,1.7306250827057386,0.5384615384615384,OBSERVED
TRAIN_FORWARD,SUPPLY_15M,2,RECENT_OR_PLANNED_CHANGE,HISTORY_SUMMARY_PLAN_A1__vs__CURRENT_PLAN_A1,37,0.0018625440632358014,0.5063897093031889,0.5405405405405406,OBSERVED
TRAIN_FORWARD,SUPPLY_15M,2,RECENT_PAST_CHANGE,HISTORY_SUMMARY_PLAN_A1__vs__CURRENT_PLAN_A1,13,0.0013966688430753344,2.592968252321399,0.6153846153846154,OBSERVED
TRAIN_FORWARD,SUPPLY_15M,2,CHANGE_IN_PLAN,HISTORY_SUMMARY_PLAN_A1__vs__CURRENT_PLAN_A1,24,0.0021148931408227203,0.393203798646929,0.5,OBSERVED
TRAIN_FORWARD,SUPPLY_15M,2,NO_RECENT_OR_PLANNED_CHANGE,HISTORY_SUMMARY_PLAN_A1__vs__CURRENT_PLAN_A1,93,0.0035246840805295224,3.519384254184937,0.5376344086021505,OBSERVED
TRAIN_FORWARD,SUPPLY_15M,2,MULTIPLE_CHANGES_IN_CONTEXT,HISTORY_SUMMARY_PLAN_A1__vs__CURRENT_PLAN_A1,33,0.017514801962638354,11.579113836540426,0.7272727272727273,OBSERVED
TRAIN_FORWARD,SUPPLY_15M,2,ALL,HISTORY_LAGS_PLAN_A1__vs__CURRENT_PLAN_A1,130,-0.0019950014431105068,-1.1314013332570172,0.5,OBSERVED
TRAIN_FORWARD,SUPPLY_15M,2,RECENT_OR_PLANNED_CHANGE,HISTORY_LAGS_PLAN_A1__vs__CURRENT_PLAN_A1,37,0.009484209327871645,2.578573092207958,0.5945945945945946,OBSERVED
TRAIN_FORWARD,SUPPLY_15M,2,RECENT_PAST_CHANGE,HISTORY_LAGS_PLAN_A1__vs__CURRENT_PLAN_A1,13,0.001522460362823701,2.826504941233691,0.5384615384615384,OBSERVED
TRAIN_FORWARD,SUPPLY_15M,2,CHANGE_IN_PLAN,HISTORY_LAGS_PLAN_A1__vs__CURRENT_PLAN_A1,24,0.013796823350605952,2.5651240935078783,0.625,OBSERVED
TRAIN_FORWARD,SUPPLY_15M,2,NO_RECENT_OR_PLANNED_CHANGE,HISTORY_LAGS_PLAN_A1__vs__CURRENT_PLAN_A1,93,-0.006561999276727064,-6.5521324472906155,0.46236559139784944,OBSERVED
TRAIN_FORWARD,SUPPLY_15M,2,MULTIPLE_CHANGES_IN_CONTEXT,HISTORY_LAGS_PLAN_A1__vs__CURRENT_PLAN_A1,33,0.024968795920068024,16.50698254747852,0.6666666666666666,OBSERVED
TRAIN_FORWARD,SUPPLY_15M,3,ALL,HISTORY_SUMMARY_PLAN_TUNED__vs__CURRENT_PLAN_TUNED,130,-0.000639962732542208,-0.22141478830982644,0.46923076923076923,OBSERVED
TRAIN_FORWARD,SUPPLY_15M,3,RECENT_OR_PLANNED_CHANGE,HISTORY_SUMMARY_PLAN_TUNED__vs__CURRENT_PLAN_TUNED,49,0.01619324560193865,2.648380527137102,0.5714285714285714,OBSERVED
TRAIN_FORWARD,SUPPLY_15M,3,RECENT_PAST_CHANGE,HISTORY_SUMMARY_PLAN_TUNED__vs__CURRENT_PLAN_TUNED,17,-0.012820529565412164,-14.495287245932543,0.29411764705882354,OBSERVED
TRAIN_FORWARD,SUPPLY_15M,3,CHANGE_IN_PLAN,HISTORY_SUMMARY_PLAN_TUNED__vs__CURRENT_PLAN_TUNED,32,0.031606813659593766,3.55420368745065,0.71875,OBSERVED
TRAIN_FORWARD,SUPPLY_15M,3,NO_RECENT_OR_PLANNED_CHANGE,HISTORY_SUMMARY_PLAN_TUNED__vs__CURRENT_PLAN_TUNED,81,-0.010823014687968898,-11.514136973870743,0.4074074074074074,OBSERVED
TRAIN_FORWARD,SUPPLY_15M,3,MULTIPLE_CHANGES_IN_CONTEXT,HISTORY_SUMMARY_PLAN_TUNED__vs__CURRENT_PLAN_TUNED,66,0.0017735425492781392,0.6001805158925184,0.4393939393939394,OBSERVED
TRAIN_FORWARD,SUPPLY_15M,3,ALL,HISTORY_LAGS_PLAN_TUNED__vs__CURRENT_PLAN_TUNED,130,-0.009569569584846413,-3.3108868940351552,0.4230769230769231,OBSERVED
TRAIN_FORWARD,SUPPLY_15M,3,RECENT_OR_PLANNED_CHANGE,HISTORY_LAGS_PLAN_TUNED__vs__CURRENT_PLAN_TUNED,49,0.0003075587513342123,0.05030076292343854,0.4897959183673469,OBSERVED
TRAIN_FORWARD,SUPPLY_15M,3,RECENT_PAST_CHANGE,HISTORY_LAGS_PLAN_TUNED__vs__CURRENT_PLAN_TUNED,17,-0.01667901997896659,-18.857815844676146,0.35294117647058826,OBSERVED
TRAIN_FORWARD,SUPPLY_15M,3,CHANGE_IN_PLAN,HISTORY_LAGS_PLAN_TUNED__vs__CURRENT_PLAN_TUNED,32,0.009331678701806519,1.049352434233692,0.5625,OBSERVED
TRAIN_FORWARD,SUPPLY_15M,3,NO_RECENT_OR_PLANNED_CHANGE,HISTORY_LAGS_PLAN_TUNED__vs__CURRENT_PLAN_TUNED,81,-0.015544622528955679,-16.537251234120017,0.38271604938271603,OBSERVED
TRAIN_FORWARD,SUPPLY_15M,3,MULTIPLE_CHANGES_IN_CONTEXT,HISTORY_LAGS_PLAN_TUNED__vs__CURRENT_PLAN_TUNED,66,-0.005274648774627111,-1.7849819413670385,0.3939393939393939,OBSERVED
TRAIN_FORWARD,SUPPLY_15M,3,ALL,HISTORY_SUMMARY_PLAN_A1__vs__CURRENT_PLAN_A1,130,-0.0060234959631574065,-1.9932870517659063,0.4307692307692308,OBSERVED
TRAIN_FORWARD,SUPPLY_15M,3,RECENT_OR_PLANNED_CHANGE,HISTORY_SUMMARY_PLAN_A1__vs__CURRENT_PLAN_A1,49,0.008179123059996175,1.3241831863078606,0.5102040816326531,OBSERVED
TRAIN_FORWARD,SUPPLY_15M,3,RECENT_PAST_CHANGE,HISTORY_SUMMARY_PLAN_A1__vs__CURRENT_PLAN_A1,17,-0.041785880213561145,-54.59864592601917,0.35294117647058826,OBSERVED
TRAIN_FORWARD,SUPPLY_15M,3,CHANGE_IN_PLAN,HISTORY_SUMMARY_PLAN_A1__vs__CURRENT_PLAN_A1,32,0.034723031049073504,3.836146887680785,0.59375,OBSERVED
TRAIN_FORWARD,SUPPLY_15M,3,NO_RECENT_OR_PLANNED_CHANGE,HISTORY_SUMMARY_PLAN_A1__vs__CURRENT_PLAN_A1,81,-0.014615203767287354,-13.126554354643222,0.38271604938271603,OBSERVED
TRAIN_FORWARD,SUPPLY_15M,3,MULTIPLE_CHANGES_IN_CONTEXT,HISTORY_SUMMARY_PLAN_A1__vs__CURRENT_PLAN_A1,66,-0.0064977911159395385,-2.151909299956089,0.3939393939393939,OBSERVED
TRAIN_FORWARD,SUPPLY_15M,3,ALL,HISTORY_LAGS_PLAN_A1__vs__CURRENT_PLAN_A1,130,-0.0036886268961780796,-1.2206353712061238,0.4461538461538462,OBSERVED
TRAIN_FORWARD,SUPPLY_15M,3,RECENT_OR_PLANNED_CHANGE,HISTORY_LAGS_PLAN_A1__vs__CURRENT_PLAN_A1,49,-0.000698440808580462,-0.11307612913626307,0.42857142857142855,OBSERVED
TRAIN_FORWARD,SUPPLY_15M,3,RECENT_PAST_CHANGE,HISTORY_LAGS_PLAN_A1__vs__CURRENT_PLAN_A1,17,-0.039681399295852106,-51.84886997546327,0.23529411764705882,OBSERVED
TRAIN_FORWARD,SUPPLY_15M,3,CHANGE_IN_PLAN,HISTORY_LAGS_PLAN_A1__vs__CURRENT_PLAN_A1,32,0.020011255887782596,2.210812670242084,0.53125,OBSERVED
TRAIN_FORWARD,SUPPLY_15M,3,NO_RECENT_OR_PLANNED_CHANGE,HISTORY_LAGS_PLAN_A1__vs__CURRENT_PLAN_A1,81,-0.005497504899786516,-4.937549830368117,0.4567901234567901,OBSERVED
TRAIN_FORWARD,SUPPLY_15M,3,MULTIPLE_CHANGES_IN_CONTEXT,HISTORY_LAGS_PLAN_A1__vs__CURRENT_PLAN_A1,66,-0.0030887892531040427,-1.0229313624831613,0.3787878787878788,OBSERVED
TRAIN_FORWARD,SUPPLY_15M,4,ALL,HISTORY_SUMMARY_PLAN_TUNED__vs__CURRENT_PLAN_TUNED,130,-0.026470141358848554,-18.76873265050922,0.3076923076923077,OBSERVED
TRAIN_FORWARD,SUPPLY_15M,4,RECENT_OR_PLANNED_CHANGE,HISTORY_SUMMARY_PLAN_TUNED__vs__CURRENT_PLAN_TUNED,46,-0.026915034008482497,-13.96653526234092,0.30434782608695654,OBSERVED
TRAIN_FORWARD,SUPPLY_15M,4,RECENT_PAST_CHANGE,HISTORY_SUMMARY_PLAN_TUNED__vs__CURRENT_PLAN_TUNED,16,-0.0241847172601401,-49.19724379559853,0.25,OBSERVED
TRAIN_FORWARD,SUPPLY_15M,4,CHANGE_IN_PLAN,HISTORY_SUMMARY_PLAN_TUNED__vs__CURRENT_PLAN_TUNED,30,-0.02837120294093178,-10.536259377301104,0.3333333333333333,OBSERVED
TRAIN_FORWARD,SUPPLY_15M,4,NO_RECENT_OR_PLANNED_CHANGE,HISTORY_SUMMARY_PLAN_TUNED__vs__CURRENT_PLAN_TUNED,84,-0.026226509669763302,-23.26416897348712,0.30952380952380953,OBSERVED
TRAIN_FORWARD,SUPPLY_15M,4,MULTIPLE_CHANGES_IN_CONTEXT,HISTORY_SUMMARY_PLAN_TUNED__vs__CURRENT_PLAN_TUNED,63,-0.03822984408983959,-36.95689145409955,0.25396825396825395,OBSERVED
TRAIN_FORWARD,SUPPLY_15M,4,ALL,HISTORY_LAGS_PLAN_TUNED__vs__CURRENT_PLAN_TUNED,130,-0.02206734816873912,-15.646919012252127,0.35384615384615387,OBSERVED
TRAIN_FORWARD,SUPPLY_15M,4,RECENT_OR_PLANNED_CHANGE,HISTORY_LAGS_PLAN_TUNED__vs__CURRENT_PLAN_TUNED,46,-0.028090359637120654,-14.576425884508977,0.30434782608695654,OBSERVED
TRAIN_FORWARD,SUPPLY_15M,4,RECENT_PAST_CHANGE,HISTORY_LAGS_PLAN_TUNED__vs__CURRENT_PLAN_TUNED,16,-0.02473123353645737,-50.30898284117163,0.1875,OBSERVED
TRAIN_FORWARD,SUPPLY_15M,4,CHANGE_IN_PLAN,HISTORY_LAGS_PLAN_TUNED__vs__CURRENT_PLAN_TUNED,30,-0.0298818935574744,-11.097286987159132,0.36666666666666664,OBSERVED
TRAIN_FORWARD,SUPPLY_15M,4,NO_RECENT_OR_PLANNED_CHANGE,HISTORY_LAGS_PLAN_TUNED__vs__CURRENT_PLAN_TUNED,84,-0.018769032364625418,-16.649029775506342,0.38095238095238093,OBSERVED
TRAIN_FORWARD,SUPPLY_15M,4,MULTIPLE_CHANGES_IN_CONTEXT,HISTORY_LAGS_PLAN_TUNED__vs__CURRENT_PLAN_TUNED,63,-0.017852986122861954,-17.25852893157648,0.36507936507936506,OBSERVED
TRAIN_FORWARD,SUPPLY_15M,4,ALL,HISTORY_SUMMARY_PLAN_A1__vs__CURRENT_PLAN_A1,130,-0.01965167355974962,-13.252391157707116,0.38461538461538464,OBSERVED
TRAIN_FORWARD,SUPPLY_15M,4,RECENT_OR_PLANNED_CHANGE,HISTORY_SUMMARY_PLAN_A1__vs__CURRENT_PLAN_A1,46,-0.018199759138962532,-8.915145367034814,0.41304347826086957,OBSERVED
TRAIN_FORWARD,SUPPLY_15M,4,RECENT_PAST_CHANGE,HISTORY_SUMMARY_PLAN_A1__vs__CURRENT_PLAN_A1,16,-0.0030724753155174237,-4.006012158939994,0.4375,OBSERVED
TRAIN_FORWARD,SUPPLY_15M,4,CHANGE_IN_PLAN,HISTORY_SUMMARY_PLAN_A1__vs__CURRENT_PLAN_A1,30,-0.026267643844799925,-9.653092100390618,0.4,OBSERVED
TRAIN_FORWARD,SUPPLY_15M,4,NO_RECENT_OR_PLANNED_CHANGE,HISTORY_SUMMARY_PLAN_A1__vs__CURRENT_PLAN_A1,84,-0.020446769552085416,-17.371986671053296,0.36904761904761907,OBSERVED
TRAIN_FORWARD,SUPPLY_15M,4,MULTIPLE_CHANGES_IN_CONTEXT,HISTORY_SUMMARY_PLAN_A1__vs__CURRENT_PLAN_A1,63,-0.02906756300529974,-24.58833714809862,0.3492063492063492,OBSERVED
TRAIN_FORWARD,SUPPLY_15M,4,ALL,HISTORY_LAGS_PLAN_A1__vs__CURRENT_PLAN_A1,130,-0.016870758317772006,-11.377040620712616,0.4461538461538462,OBSERVED
TRAIN_FORWARD,SUPPLY_15M,4,RECENT_OR_PLANNED_CHANGE,HISTORY_LAGS_PLAN_A1__vs__CURRENT_PLAN_A1,46,-0.026331252582823525,-12.898354460605475,0.43478260869565216,OBSERVED
TRAIN_FORWARD,SUPPLY_15M,4,RECENT_PAST_CHANGE,HISTORY_LAGS_PLAN_A1__vs__CURRENT_PLAN_A1,16,-0.010068597493136738,-13.127826862357022,0.5,OBSERVED
TRAIN_FORWARD,SUPPLY_15M,4,CHANGE_IN_PLAN,HISTORY_LAGS_PLAN_A1__vs__CURRENT_PLAN_A1,30,-0.03500466863065646,-12.863859896679472,0.4,OBSERVED
TRAIN_FORWARD,SUPPLY_15M,4,NO_RECENT_OR_PLANNED_CHANGE,HISTORY_LAGS_PLAN_A1__vs__CURRENT_PLAN_A1,84,-0.011690011458339035,-9.932068864052589,0.4523809523809524,OBSERVED
TRAIN_FORWARD,SUPPLY_15M,4,MULTIPLE_CHANGES_IN_CONTEXT,HISTORY_LAGS_PLAN_A1__vs__CURRENT_PLAN_A1,63,-0.005815836211794763,-4.919632978783173,0.47619047619047616,OBSERVED
TRAIN_FORWARD,SUPPLY_30M,2,ALL,HISTORY_SUMMARY_PLAN_TUNED__vs__CURRENT_PLAN_TUNED,129,-6.585826861692191e-05,-0.023283669852984076,0.4728682170542636,OBSERVED
TRAIN_FORWARD,SUPPLY_30M,2,RECENT_OR_PLANNED_CHANGE,HISTORY_SUMMARY_PLAN_TUNED__vs__CURRENT_PLAN_TUNED,48,0.003027630066555901,0.5920199956625142,0.5208333333333334,OBSERVED
TRAIN_FORWARD,SUPPLY_30M,2,RECENT_PAST_CHANGE,HISTORY_SUMMARY_PLAN_TUNED__vs__CURRENT_PLAN_TUNED,13,0.01312850229505792,8.453096882940779,0.7692307692307693,OBSERVED
TRAIN_FORWARD,SUPPLY_30M,2,CHANGE_IN_PLAN,HISTORY_SUMMARY_PLAN_TUNED__vs__CURRENT_PLAN_TUNED,36,-0.0007258382081551955,-0.11481915183119351,0.4166666666666667,OBSERVED
TRAIN_FORWARD,SUPPLY_30M,2,NO_RECENT_OR_PLANNED_CHANGE,HISTORY_SUMMARY_PLAN_TUNED__vs__CURRENT_PLAN_TUNED,81,-0.0018990365413119254,-1.2882529776189346,0.4444444444444444,OBSERVED
TRAIN_FORWARD,SUPPLY_30M,2,MULTIPLE_CHANGES_IN_CONTEXT,HISTORY_SUMMARY_PLAN_TUNED__vs__CURRENT_PLAN_TUNED,33,0.0209614882587308,9.136659301285908,0.6363636363636364,OBSERVED
TRAIN_FORWARD,SUPPLY_30M,2,ALL,HISTORY_LAGS_PLAN_TUNED__vs__CURRENT_PLAN_TUNED,129,-0.012982976742377783,-4.590028716619236,0.4883720930232558,OBSERVED
TRAIN_FORWARD,SUPPLY_30M,2,RECENT_OR_PLANNED_CHANGE,HISTORY_LAGS_PLAN_TUNED__vs__CURRENT_PLAN_TUNED,48,0.02210161473910156,4.321729397033611,0.6041666666666666,OBSERVED
TRAIN_FORWARD,SUPPLY_30M,2,RECENT_PAST_CHANGE,HISTORY_LAGS_PLAN_TUNED__vs__CURRENT_PLAN_TUNED,13,0.032766730453403094,21.097634812775908,0.6153846153846154,OBSERVED
TRAIN_FORWARD,SUPPLY_30M,2,CHANGE_IN_PLAN,HISTORY_LAGS_PLAN_TUNED__vs__CURRENT_PLAN_TUNED,36,0.017543823523645974,2.775228576049924,0.5833333333333334,OBSERVED
TRAIN_FORWARD,SUPPLY_30M,2,NO_RECENT_OR_PLANNED_CHANGE,HISTORY_LAGS_PLAN_TUNED__vs__CURRENT_PLAN_TUNED,81,-0.03377384576843962,-22.911227051364254,0.41975308641975306,OBSERVED
TRAIN_FORWARD,SUPPLY_30M,2,MULTIPLE_CHANGES_IN_CONTEXT,HISTORY_LAGS_PLAN_TUNED__vs__CURRENT_PLAN_TUNED,33,0.027675625934705027,12.063206676649534,0.696969696969697,OBSERVED
TRAIN_FORWARD,SUPPLY_30M,2,ALL,HISTORY_SUMMARY_PLAN_A1__vs__CURRENT_PLAN_A1,129,0.006622912625208724,2.2295977818138404,0.5271317829457365,OBSERVED
TRAIN_FORWARD,SUPPLY_30M,2,RECENT_OR_PLANNED_CHANGE,HISTORY_SUMMARY_PLAN_A1__vs__CURRENT_PLAN_A1,48,0.001018366856531852,0.1993312276967269,0.5208333333333334,OBSERVED
TRAIN_FORWARD,SUPPLY_30M,2,RECENT_PAST_CHANGE,HISTORY_SUMMARY_PLAN_A1__vs__CURRENT_PLAN_A1,13,0.009171461518609817,7.029353758100043,0.7692307692307693,OBSERVED
TRAIN_FORWARD,SUPPLY_30M,2,CHANGE_IN_PLAN,HISTORY_SUMMARY_PLAN_A1__vs__CURRENT_PLAN_A1,36,-0.0018552035570103204,-0.2896255563647426,0.4444444444444444,OBSERVED
TRAIN_FORWARD,SUPPLY_30M,2,NO_RECENT_OR_PLANNED_CHANGE,HISTORY_SUMMARY_PLAN_A1__vs__CURRENT_PLAN_A1,81,0.009944124932572799,5.838451933245905,0.5308641975308642,OBSERVED
TRAIN_FORWARD,SUPPLY_30M,2,MULTIPLE_CHANGES_IN_CONTEXT,HISTORY_SUMMARY_PLAN_A1__vs__CURRENT_PLAN_A1,33,0.032214456181210466,12.539532724575928,0.7272727272727273,OBSERVED
TRAIN_FORWARD,SUPPLY_30M,2,ALL,HISTORY_LAGS_PLAN_A1__vs__CURRENT_PLAN_A1,129,0.002462309704498877,0.828934422959622,0.5116279069767442,OBSERVED
TRAIN_FORWARD,SUPPLY_30M,2,RECENT_OR_PLANNED_CHANGE,HISTORY_LAGS_PLAN_A1__vs__CURRENT_PLAN_A1,48,0.02559778348412346,5.010412088215615,0.625,OBSERVED
TRAIN_FORWARD,SUPPLY_30M,2,RECENT_PAST_CHANGE,HISTORY_LAGS_PLAN_A1__vs__CURRENT_PLAN_A1,13,0.0185709047401756,14.233441285425394,0.5384615384615384,OBSERVED
TRAIN_FORWARD,SUPPLY_30M,2,CHANGE_IN_PLAN,HISTORY_LAGS_PLAN_A1__vs__CURRENT_PLAN_A1,36,0.0273667137396818,4.272361198737122,0.6388888888888888,OBSERVED
TRAIN_FORWARD,SUPPLY_30M,2,NO_RECENT_OR_PLANNED_CHANGE,HISTORY_LAGS_PLAN_A1__vs__CURRENT_PLAN_A1,81,-0.011247600683426794,-6.603756127341915,0.4444444444444444,OBSERVED
TRAIN_FORWARD,SUPPLY_30M,2,MULTIPLE_CHANGES_IN_CONTEXT,HISTORY_LAGS_PLAN_A1__vs__CURRENT_PLAN_A1,33,0.055510507269045245,21.60756085846946,0.7272727272727273,OBSERVED
TRAIN_FORWARD,SUPPLY_30M,3,ALL,HISTORY_SUMMARY_PLAN_TUNED__vs__CURRENT_PLAN_TUNED,129,0.008102420556806962,1.7261090752162,0.49612403100775193,OBSERVED
TRAIN_FORWARD,SUPPLY_30M,3,RECENT_OR_PLANNED_CHANGE,HISTORY_SUMMARY_PLAN_TUNED__vs__CURRENT_PLAN_TUNED,61,0.0421933191890324,5.2355134331735425,0.6065573770491803,OBSERVED
TRAIN_FORWARD,SUPPLY_30M,3,RECENT_PAST_CHANGE,HISTORY_SUMMARY_PLAN_TUNED__vs__CURRENT_PLAN_TUNED,17,0.011976910326476456,4.00313972758452,0.47058823529411764,OBSERVED
TRAIN_FORWARD,SUPPLY_30M,3,CHANGE_IN_PLAN,HISTORY_SUMMARY_PLAN_TUNED__vs__CURRENT_PLAN_TUNED,48,0.062044034339678374,6.349729072512959,0.6875,OBSERVED
TRAIN_FORWARD,SUPPLY_30M,3,NO_RECENT_OR_PLANNED_CHANGE,HISTORY_SUMMARY_PLAN_TUNED__vs__CURRENT_PLAN_TUNED,68,-0.022479120863277618,-13.41705611070299,0.39705882352941174,OBSERVED
TRAIN_FORWARD,SUPPLY_30M,3,MULTIPLE_CHANGES_IN_CONTEXT,HISTORY_SUMMARY_PLAN_TUNED__vs__CURRENT_PLAN_TUNED,66,0.016788312257492055,3.3900729528315536,0.48484848484848486,OBSERVED
TRAIN_FORWARD,SUPPLY_30M,3,ALL,HISTORY_LAGS_PLAN_TUNED__vs__CURRENT_PLAN_TUNED,129,-0.011424993533687871,-2.4339374739339235,0.40310077519379844,OBSERVED
TRAIN_FORWARD,SUPPLY_30M,3,RECENT_OR_PLANNED_CHANGE,HISTORY_LAGS_PLAN_TUNED__vs__CURRENT_PLAN_TUNED,61,0.004037865312289227,0.5010342511600954,0.4426229508196721,OBSERVED
TRAIN_FORWARD,SUPPLY_30M,3,RECENT_PAST_CHANGE,HISTORY_LAGS_PLAN_TUNED__vs__CURRENT_PLAN_TUNED,17,0.03006135631946132,10.047650559884662,0.47058823529411764,OBSERVED
TRAIN_FORWARD,SUPPLY_30M,3,CHANGE_IN_PLAN,HISTORY_LAGS_PLAN_TUNED__vs__CURRENT_PLAN_TUNED,48,0.003824380736695939,0.3913959143147914,0.4791666666666667,OBSERVED
TRAIN_FORWARD,SUPPLY_30M,3,NO_RECENT_OR_PLANNED_CHANGE,HISTORY_LAGS_PLAN_TUNED__vs__CURRENT_PLAN_TUNED,68,-0.025296087498461448,-15.098411873506999,0.36764705882352944,OBSERVED
TRAIN_FORWARD,SUPPLY_30M,3,MULTIPLE_CHANGES_IN_CONTEXT,HISTORY_LAGS_PLAN_TUNED__vs__CURRENT_PLAN_TUNED,66,0.0017006268029421724,0.34340848794623885,0.4090909090909091,OBSERVED
TRAIN_FORWARD,SUPPLY_30M,3,ALL,HISTORY_SUMMARY_PLAN_A1__vs__CURRENT_PLAN_A1,129,-0.000966482597731097,-0.20352680963435582,0.5116279069767442,OBSERVED
TRAIN_FORWARD,SUPPLY_30M,3,RECENT_OR_PLANNED_CHANGE,HISTORY_SUMMARY_PLAN_A1__vs__CURRENT_PLAN_A1,61,0.03106180991214229,3.8681823900740513,0.6229508196721312,OBSERVED
TRAIN_FORWARD,SUPPLY_30M,3,RECENT_PAST_CHANGE,HISTORY_SUMMARY_PLAN_A1__vs__CURRENT_PLAN_A1,17,-0.04532832707624734,-18.30181710363155,0.47058823529411764,OBSERVED
TRAIN_FORWARD,SUPPLY_30M,3,CHANGE_IN_PLAN,HISTORY_SUMMARY_PLAN_A1__vs__CURRENT_PLAN_A1,48,0.059560158971477074,6.038324217750935,0.6875,OBSERVED
TRAIN_FORWARD,SUPPLY_30M,3,NO_RECENT_OR_PLANNED_CHANGE,HISTORY_SUMMARY_PLAN_A1__vs__CURRENT_PLAN_A1,68,-0.02969774499629399,-16.452479640131084,0.4117647058823529,OBSERVED
TRAIN_FORWARD,SUPPLY_30M,3,MULTIPLE_CHANGES_IN_CONTEXT,HISTORY_SUMMARY_PLAN_A1__vs__CURRENT_PLAN_A1,66,0.00032868721944272965,0.06723000274097274,0.5151515151515151,OBSERVED
TRAIN_FORWARD,SUPPLY_30M,3,ALL,HISTORY_LAGS_PLAN_A1__vs__CURRENT_PLAN_A1,129,-0.010657240548685354,-2.2442557925738345,0.4418604651162791,OBSERVED
TRAIN_FORWARD,SUPPLY_30M,3,RECENT_OR_PLANNED_CHANGE,HISTORY_LAGS_PLAN_A1__vs__CURRENT_PLAN_A1,61,-0.002565431967392343,-0.3194778020749169,0.47540983606557374,OBSERVED
TRAIN_FORWARD,SUPPLY_30M,3,RECENT_PAST_CHANGE,HISTORY_LAGS_PLAN_A1__vs__CURRENT_PLAN_A1,17,-0.03380616867792319,-13.649617270832003,0.5294117647058824,OBSERVED
TRAIN_FORWARD,SUPPLY_30M,3,CHANGE_IN_PLAN,HISTORY_LAGS_PLAN_A1__vs__CURRENT_PLAN_A1,48,0.013508099365703505,1.3694772637322044,0.5,OBSERVED
TRAIN_FORWARD,SUPPLY_30M,3,NO_RECENT_OR_PLANNED_CHANGE,HISTORY_LAGS_PLAN_A1__vs__CURRENT_PLAN_A1,68,-0.01791606883484526,-9.925459248615091,0.4117647058823529,OBSERVED
TRAIN_FORWARD,SUPPLY_30M,3,MULTIPLE_CHANGES_IN_CONTEXT,HISTORY_LAGS_PLAN_A1__vs__CURRENT_PLAN_A1,66,-0.0060131159225860695,-1.2299285644347566,0.4393939393939394,OBSERVED
TRAIN_FORWARD,SUPPLY_30M,4,ALL,HISTORY_SUMMARY_PLAN_TUNED__vs__CURRENT_PLAN_TUNED,129,-0.04276275798349794,-18.028269359546957,0.3488372093023256,OBSERVED
TRAIN_FORWARD,SUPPLY_30M,4,RECENT_OR_PLANNED_CHANGE,HISTORY_SUMMARY_PLAN_TUNED__vs__CURRENT_PLAN_TUNED,55,-0.04046492507337777,-13.962139506436737,0.36363636363636365,OBSERVED
TRAIN_FORWARD,SUPPLY_30M,4,RECENT_PAST_CHANGE,HISTORY_SUMMARY_PLAN_TUNED__vs__CURRENT_PLAN_TUNED,15,-0.047111649124574585,-33.400633537774375,0.3333333333333333,OBSERVED
TRAIN_FORWARD,SUPPLY_30M,4,CHANGE_IN_PLAN,HISTORY_SUMMARY_PLAN_TUNED__vs__CURRENT_PLAN_TUNED,45,-0.04454099071794083,-13.58625388591766,0.35555555555555557,OBSERVED
TRAIN_FORWARD,SUPPLY_30M,4,NO_RECENT_OR_PLANNED_CHANGE,HISTORY_SUMMARY_PLAN_TUNED__vs__CURRENT_PLAN_TUNED,74,-0.044470606768046726,-22.449873068357576,0.33783783783783783,OBSERVED
TRAIN_FORWARD,SUPPLY_30M,4,MULTIPLE_CHANGES_IN_CONTEXT,HISTORY_SUMMARY_PLAN_TUNED__vs__CURRENT_PLAN_TUNED,63,-0.057091290802362554,-32.529554505138236,0.2698412698412698,OBSERVED
TRAIN_FORWARD,SUPPLY_30M,4,ALL,HISTORY_LAGS_PLAN_TUNED__vs__CURRENT_PLAN_TUNED,129,-0.037689689342619785,-15.889524052882784,0.4108527131782946,OBSERVED
TRAIN_FORWARD,SUPPLY_30M,4,RECENT_OR_PLANNED_CHANGE,HISTORY_LAGS_PLAN_TUNED__vs__CURRENT_PLAN_TUNED,55,-0.04909727459430919,-16.94067135991253,0.34545454545454546,OBSERVED
TRAIN_FORWARD,SUPPLY_30M,4,RECENT_PAST_CHANGE,HISTORY_LAGS_PLAN_TUNED__vs__CURRENT_PLAN_TUNED,15,-0.031114495019095325,-22.05916933830309,0.4,OBSERVED
TRAIN_FORWARD,SUPPLY_30M,4,CHANGE_IN_PLAN,HISTORY_LAGS_PLAN_TUNED__vs__CURRENT_PLAN_TUNED,45,-0.05871589198570279,-17.90999712394264,0.3333333333333333,OBSERVED
TRAIN_FORWARD,SUPPLY_30M,4,NO_RECENT_OR_PLANNED_CHANGE,HISTORY_LAGS_PLAN_TUNED__vs__CURRENT_PLAN_TUNED,74,-0.029211078682580358,-14.746482143457806,0.4594594594594595,OBSERVED
TRAIN_FORWARD,SUPPLY_30M,4,MULTIPLE_CHANGES_IN_CONTEXT,HISTORY_LAGS_PLAN_TUNED__vs__CURRENT_PLAN_TUNED,63,-0.02235606511909455,-12.738069652856954,0.49206349206349204,OBSERVED
TRAIN_FORWARD,SUPPLY_30M,4,ALL,HISTORY_SUMMARY_PLAN_A1__vs__CURRENT_PLAN_A1,129,-0.03417186049762745,-14.162590439869296,0.40310077519379844,OBSERVED
TRAIN_FORWARD,SUPPLY_30M,4,RECENT_OR_PLANNED_CHANGE,HISTORY_SUMMARY_PLAN_A1__vs__CURRENT_PLAN_A1,55,-0.02907825893413814,-9.740062501901066,0.45454545454545453,OBSERVED
TRAIN_FORWARD,SUPPLY_30M,4,RECENT_PAST_CHANGE,HISTORY_SUMMARY_PLAN_A1__vs__CURRENT_PLAN_A1,15,-0.020331687184604194,-12.328595856208842,0.5333333333333333,OBSERVED
TRAIN_FORWARD,SUPPLY_30M,4,CHANGE_IN_PLAN,HISTORY_SUMMARY_PLAN_A1__vs__CURRENT_PLAN_A1,45,-0.03361541305753321,-9.991251953735143,0.4444444444444444,OBSERVED
TRAIN_FORWARD,SUPPLY_30M,4,NO_RECENT_OR_PLANNED_CHANGE,HISTORY_SUMMARY_PLAN_A1__vs__CURRENT_PLAN_A1,74,-0.03795764544346411,-19.10066178684545,0.36486486486486486,OBSERVED
TRAIN_FORWARD,SUPPLY_30M,4,MULTIPLE_CHANGES_IN_CONTEXT,HISTORY_SUMMARY_PLAN_A1__vs__CURRENT_PLAN_A1,63,-0.04709894209511703,-25.026976486210298,0.3968253968253968,OBSERVED
TRAIN_FORWARD,SUPPLY_30M,4,ALL,HISTORY_LAGS_PLAN_A1__vs__CURRENT_PLAN_A1,129,-0.034139191095015946,-14.149050545863991,0.4186046511627907,OBSERVED
TRAIN_FORWARD,SUPPLY_30M,4,RECENT_OR_PLANNED_CHANGE,HISTORY_LAGS_PLAN_A1__vs__CURRENT_PLAN_A1,55,-0.047363123052488236,-15.86476617672845,0.38181818181818183,OBSERVED
TRAIN_FORWARD,SUPPLY_30M,4,RECENT_PAST_CHANGE,HISTORY_LAGS_PLAN_A1__vs__CURRENT_PLAN_A1,15,-0.01782193661631167,-10.806749677117562,0.4666666666666667,OBSERVED
TRAIN_FORWARD,SUPPLY_30M,4,CHANGE_IN_PLAN,HISTORY_LAGS_PLAN_A1__vs__CURRENT_PLAN_A1,45,-0.05496670363308166,-16.33733264334633,0.37777777777777777,OBSERVED
TRAIN_FORWARD,SUPPLY_30M,4,NO_RECENT_OR_PLANNED_CHANGE,HISTORY_LAGS_PLAN_A1__vs__CURRENT_PLAN_A1,74,-0.024310593018516263,-12.233330325400388,0.44594594594594594,OBSERVED
TRAIN_FORWARD,SUPPLY_30M,4,MULTIPLE_CHANGES_IN_CONTEXT,HISTORY_LAGS_PLAN_A1__vs__CURRENT_PLAN_A1,63,-0.011146040801815395,-5.9226744519659755,0.4603174603174603,OBSERVED
TRAIN_FORWARD,ZONE_60M,2,ALL,HISTORY_SUMMARY_PLAN_TUNED__vs__CURRENT_PLAN_TUNED,22,0.009023046496809663,7.919633851620309,0.5909090909090909,OBSERVED
TRAIN_FORWARD,ZONE_60M,2,RECENT_OR_PLANNED_CHANGE,HISTORY_SUMMARY_PLAN_TUNED__vs__CURRENT_PLAN_TUNED,18,0.025057107304833858,18.711225391254676,0.7222222222222222,OBSERVED
TRAIN_FORWARD,ZONE_60M,2,RECENT_PAST_CHANGE,HISTORY_SUMMARY_PLAN_TUNED__vs__CURRENT_PLAN_TUNED,10,0.0038914951167730734,4.109928295404991,0.7,OBSERVED
TRAIN_FORWARD,ZONE_60M,2,CHANGE_IN_PLAN,HISTORY_SUMMARY_PLAN_TUNED__vs__CURRENT_PLAN_TUNED,11,0.050370720362116914,27.8227802785072,0.8181818181818182,OBSERVED
TRAIN_FORWARD,ZONE_60M,2,NO_RECENT_OR_PLANNED_CHANGE,HISTORY_SUMMARY_PLAN_TUNED__vs__CURRENT_PLAN_TUNED,4,-0.0631302271392992,-262.9040784983887,0.0,OBSERVED
TRAIN_FORWARD,ZONE_60M,2,MULTIPLE_CHANGES_IN_CONTEXT,HISTORY_SUMMARY_PLAN_TUNED__vs__CURRENT_PLAN_TUNED,22,0.009023046496809663,7.919633851620309,0.5909090909090909,OBSERVED
TRAIN_FORWARD,ZONE_60M,2,ALL,HISTORY_LAGS_PLAN_TUNED__vs__CURRENT_PLAN_TUNED,22,-0.3825740698552517,-335.78975298964565,0.0,OBSERVED
TRAIN_FORWARD,ZONE_60M,2,RECENT_OR_PLANNED_CHANGE,HISTORY_LAGS_PLAN_TUNED__vs__CURRENT_PLAN_TUNED,18,-0.41106594867633445,-306.9607166853221,0.0,OBSERVED
TRAIN_FORWARD,ZONE_60M,2,RECENT_PAST_CHANGE,HISTORY_LAGS_PLAN_TUNED__vs__CURRENT_PLAN_TUNED,10,-0.4068349119411498,-429.6709274897012,0.0,OBSERVED
TRAIN_FORWARD,ZONE_60M,2,CHANGE_IN_PLAN,HISTORY_LAGS_PLAN_TUNED__vs__CURRENT_PLAN_TUNED,11,-0.4025898463715851,-222.37460090761016,0.0,OBSERVED
TRAIN_FORWARD,ZONE_60M,2,NO_RECENT_OR_PLANNED_CHANGE,HISTORY_LAGS_PLAN_TUNED__vs__CURRENT_PLAN_TUNED,4,-0.25436061516037967,-1059.277721074349,0.0,OBSERVED
TRAIN_FORWARD,ZONE_60M,2,MULTIPLE_CHANGES_IN_CONTEXT,HISTORY_LAGS_PLAN_TUNED__vs__CURRENT_PLAN_TUNED,22,-0.3825740698552517,-335.78975298964565,0.0,OBSERVED
TRAIN_FORWARD,ZONE_60M,2,ALL,HISTORY_SUMMARY_PLAN_A1__vs__CURRENT_PLAN_A1,22,-0.027818444565774748,-26.215517261083477,0.36363636363636365,OBSERVED
TRAIN_FORWARD,ZONE_60M,2,RECENT_OR_PLANNED_CHANGE,HISTORY_SUMMARY_PLAN_A1__vs__CURRENT_PLAN_A1,18,-0.017268397458963667,-14.961260504753696,0.3333333333333333,OBSERVED
TRAIN_FORWARD,ZONE_60M,2,RECENT_PAST_CHANGE,HISTORY_SUMMARY_PLAN_A1__vs__CURRENT_PLAN_A1,10,-0.022945333479784814,-22.87567639956079,0.3,OBSERVED
TRAIN_FORWARD,ZONE_60M,2,CHANGE_IN_PLAN,HISTORY_SUMMARY_PLAN_A1__vs__CURRENT_PLAN_A1,11,-0.010349786523886713,-7.477638466682703,0.36363636363636365,OBSERVED
TRAIN_FORWARD,ZONE_60M,2,NO_RECENT_OR_PLANNED_CHANGE,HISTORY_SUMMARY_PLAN_A1__vs__CURRENT_PLAN_A1,4,-0.07529365654642461,-117.21412258293117,0.5,OBSERVED
TRAIN_FORWARD,ZONE_60M,2,MULTIPLE_CHANGES_IN_CONTEXT,HISTORY_SUMMARY_PLAN_A1__vs__CURRENT_PLAN_A1,22,-0.027818444565774748,-26.215517261083477,0.36363636363636365,OBSERVED
TRAIN_FORWARD,ZONE_60M,2,ALL,HISTORY_LAGS_PLAN_A1__vs__CURRENT_PLAN_A1,22,-0.3876033836190434,-365.26927915376064,0.0,OBSERVED
TRAIN_FORWARD,ZONE_60M,2,RECENT_OR_PLANNED_CHANGE,HISTORY_LAGS_PLAN_A1__vs__CURRENT_PLAN_A1,18,-0.4286629458628573,-371.39161390221005,0.0,OBSERVED
TRAIN_FORWARD,ZONE_60M,2,RECENT_PAST_CHANGE,HISTORY_LAGS_PLAN_A1__vs__CURRENT_PLAN_A1,10,-0.3958145312839818,-394.6129237944339,0.0,OBSERVED
TRAIN_FORWARD,ZONE_60M,2,CHANGE_IN_PLAN,HISTORY_LAGS_PLAN_A1__vs__CURRENT_PLAN_A1,11,-0.44790253889783005,-323.60602283509667,0.0,OBSERVED
TRAIN_FORWARD,ZONE_60M,2,NO_RECENT_OR_PLANNED_CHANGE,HISTORY_LAGS_PLAN_A1__vs__CURRENT_PLAN_A1,4,-0.2028353535218805,-315.76588363996603,0.0,OBSERVED
TRAIN_FORWARD,ZONE_60M,2,MULTIPLE_CHANGES_IN_CONTEXT,HISTORY_LAGS_PLAN_A1__vs__CURRENT_PLAN_A1,22,-0.3876033836190434,-365.26927915376064,0.0,OBSERVED
TRAIN_FORWARD,ZONE_60M,3,ALL,HISTORY_SUMMARY_PLAN_TUNED__vs__CURRENT_PLAN_TUNED,22,-0.053361950718811585,-78.44517011488682,0.2727272727272727,OBSERVED
TRAIN_FORWARD,ZONE_60M,3,RECENT_OR_PLANNED_CHANGE,HISTORY_SUMMARY_PLAN_TUNED__vs__CURRENT_PLAN_TUNED,20,-0.05403248893589396,-74.2232302002826,0.3,OBSERVED
TRAIN_FORWARD,ZONE_60M,3,RECENT_PAST_CHANGE,HISTORY_SUMMARY_PLAN_TUNED__vs__CURRENT_PLAN_TUNED,14,-0.0666411858559222,-91.57614951553985,0.21428571428571427,OBSERVED
TRAIN_FORWARD,ZONE_60M,3,CHANGE_IN_PLAN,HISTORY_SUMMARY_PLAN_TUNED__vs__CURRENT_PLAN_TUNED,14,-0.0483509400303062,-60.089268698646826,0.35714285714285715,OBSERVED
TRAIN_FORWARD,ZONE_60M,3,NO_RECENT_OR_PLANNED_CHANGE,HISTORY_SUMMARY_PLAN_TUNED__vs__CURRENT_PLAN_TUNED,2,-0.04665656854798783,-229.8695681702355,0.0,OBSERVED
TRAIN_FORWARD,ZONE_60M,3,MULTIPLE_CHANGES_IN_CONTEXT,HISTORY_SUMMARY_PLAN_TUNED__vs__CURRENT_PLAN_TUNED,22,-0.053361950718811585,-78.44517011488682,0.2727272727272727,OBSERVED
TRAIN_FORWARD,ZONE_60M,3,ALL,HISTORY_LAGS_PLAN_TUNED__vs__CURRENT_PLAN_TUNED,22,-0.2278879185571359,-335.0084900858011,0.18181818181818182,OBSERVED
TRAIN_FORWARD,ZONE_60M,3,RECENT_OR_PLANNED_CHANGE,HISTORY_LAGS_PLAN_TUNED__vs__CURRENT_PLAN_TUNED,20,-0.23301261770133713,-320.08425863439544,0.2,OBSERVED
TRAIN_FORWARD,ZONE_60M,3,RECENT_PAST_CHANGE,HISTORY_LAGS_PLAN_TUNED__vs__CURRENT_PLAN_TUNED,14,-0.2343510499500652,-322.0375885229501,0.21428571428571427,OBSERVED
TRAIN_FORWARD,ZONE_60M,3,CHANGE_IN_PLAN,HISTORY_LAGS_PLAN_TUNED__vs__CURRENT_PLAN_TUNED,14,-0.21131262714246363,-262.61374078397733,0.21428571428571427,OBSERVED
TRAIN_FORWARD,ZONE_60M,3,NO_RECENT_OR_PLANNED_CHANGE,HISTORY_LAGS_PLAN_TUNED__vs__CURRENT_PLAN_TUNED,2,-0.17664092711512325,-870.2820396099314,0.0,OBSERVED
TRAIN_FORWARD,ZONE_60M,3,MULTIPLE_CHANGES_IN_CONTEXT,HISTORY_LAGS_PLAN_TUNED__vs__CURRENT_PLAN_TUNED,22,-0.2278879185571359,-335.0084900858011,0.18181818181818182,OBSERVED
TRAIN_FORWARD,ZONE_60M,3,ALL,HISTORY_SUMMARY_PLAN_A1__vs__CURRENT_PLAN_A1,22,-0.04895788252139364,-48.16130119019084,0.2727272727272727,OBSERVED
TRAIN_FORWARD,ZONE_60M,3,RECENT_OR_PLANNED_CHANGE,HISTORY_SUMMARY_PLAN_A1__vs__CURRENT_PLAN_A1,20,-0.04696078370886739,-42.69869716061731,0.3,OBSERVED
TRAIN_FORWARD,ZONE_60M,3,RECENT_PAST_CHANGE,HISTORY_SUMMARY_PLAN_A1__vs__CURRENT_PLAN_A1,14,-0.053701835066916496,-51.85114219891155,0.2857142857142857,OBSERVED
TRAIN_FORWARD,ZONE_60M,3,CHANGE_IN_PLAN,HISTORY_SUMMARY_PLAN_A1__vs__CURRENT_PLAN_A1,14,-0.03930354668759421,-31.5646933478349,0.35714285714285715,OBSERVED
TRAIN_FORWARD,ZONE_60M,3,NO_RECENT_OR_PLANNED_CHANGE,HISTORY_SUMMARY_PLAN_A1__vs__CURRENT_PLAN_A1,2,-0.06892887064665605,-375.1000253569111,0.0,OBSERVED
TRAIN_FORWARD,ZONE_60M,3,MULTIPLE_CHANGES_IN_CONTEXT,HISTORY_SUMMARY_PLAN_A1__vs__CURRENT_PLAN_A1,22,-0.04895788252139364,-48.16130119019084,0.2727272727272727,OBSERVED
TRAIN_FORWARD,ZONE_60M,3,ALL,HISTORY_LAGS_PLAN_A1__vs__CURRENT_PLAN_A1,22,-0.24906452470141868,-245.01205877715506,0.09090909090909091,OBSERVED
TRAIN_FORWARD,ZONE_60M,3,RECENT_OR_PLANNED_CHANGE,HISTORY_LAGS_PLAN_A1__vs__CURRENT_PLAN_A1,20,-0.26860249393339664,-244.2245558794415,0.1,OBSERVED
TRAIN_FORWARD,ZONE_60M,3,RECENT_PAST_CHANGE,HISTORY_LAGS_PLAN_A1__vs__CURRENT_PLAN_A1,14,-0.27906493552485045,-269.447694601099,0.07142857142857142,OBSERVED
TRAIN_FORWARD,ZONE_60M,3,CHANGE_IN_PLAN,HISTORY_LAGS_PLAN_A1__vs__CURRENT_PLAN_A1,14,-0.25522512700716843,-204.9713969244999,0.14285714285714285,OBSERVED
TRAIN_FORWARD,ZONE_60M,3,NO_RECENT_OR_PLANNED_CHANGE,HISTORY_LAGS_PLAN_A1__vs__CURRENT_PLAN_A1,2,-0.05368483238163909,-292.14437722129225,0.0,OBSERVED
TRAIN_FORWARD,ZONE_60M,3,MULTIPLE_CHANGES_IN_CONTEXT,HISTORY_LAGS_PLAN_A1__vs__CURRENT_PLAN_A1,22,-0.24906452470141868,-245.01205877715506,0.09090909090909091,OBSERVED
TRAIN_FORWARD,ZONE_60M,4,ALL,HISTORY_SUMMARY_PLAN_TUNED__vs__CURRENT_PLAN_TUNED,22,-0.003957303123977402,-8.77508428582178,0.45454545454545453,OBSERVED
TRAIN_FORWARD,ZONE_60M,4,RECENT_OR_PLANNED_CHANGE,HISTORY_SUMMARY_PLAN_TUNED__vs__CURRENT_PLAN_TUNED,18,-0.004543743593491929,-9.366879071174903,0.4444444444444444,OBSERVED
TRAIN_FORWARD,ZONE_60M,4,RECENT_PAST_CHANGE,HISTORY_SUMMARY_PLAN_TUNED__vs__CURRENT_PLAN_TUNED,11,-0.017371851965722152,-41.838941395322514,0.2727272727272727,OBSERVED
TRAIN_FORWARD,ZONE_60M,4,CHANGE_IN_PLAN,HISTORY_SUMMARY_PLAN_TUNED__vs__CURRENT_PLAN_TUNED,11,0.014965469608653442,25.71406172096698,0.5454545454545454,OBSERVED
TRAIN_FORWARD,ZONE_60M,4,NO_RECENT_OR_PLANNED_CHANGE,HISTORY_SUMMARY_PLAN_TUNED__vs__CURRENT_PLAN_TUNED,4,-0.0013183210111620287,-4.432086518745895,0.5,OBSERVED
TRAIN_FORWARD,ZONE_60M,4,MULTIPLE_CHANGES_IN_CONTEXT,HISTORY_SUMMARY_PLAN_TUNED__vs__CURRENT_PLAN_TUNED,22,-0.003957303123977402,-8.77508428582178,0.45454545454545453,OBSERVED
TRAIN_FORWARD,ZONE_60M,4,ALL,HISTORY_LAGS_PLAN_TUNED__vs__CURRENT_PLAN_TUNED,22,-0.01954921406618385,-43.34921934914067,0.36363636363636365,OBSERVED
TRAIN_FORWARD,ZONE_60M,4,RECENT_OR_PLANNED_CHANGE,HISTORY_LAGS_PLAN_TUNED__vs__CURRENT_PLAN_TUNED,18,-0.01953453369986978,-40.27023336892351,0.3888888888888889,OBSERVED
TRAIN_FORWARD,ZONE_60M,4,RECENT_PAST_CHANGE,HISTORY_LAGS_PLAN_TUNED__vs__CURRENT_PLAN_TUNED,11,-0.02300821462201029,-55.413743168014264,0.36363636363636365,OBSERVED
TRAIN_FORWARD,ZONE_60M,4,CHANGE_IN_PLAN,HISTORY_LAGS_PLAN_TUNED__vs__CURRENT_PLAN_TUNED,11,-0.018788439384227796,-32.2827884857902,0.36363636363636365,OBSERVED
TRAIN_FORWARD,ZONE_60M,4,NO_RECENT_OR_PLANNED_CHANGE,HISTORY_LAGS_PLAN_TUNED__vs__CURRENT_PLAN_TUNED,4,-0.019615275714597168,-65.94493929784215,0.25,OBSERVED
TRAIN_FORWARD,ZONE_60M,4,MULTIPLE_CHANGES_IN_CONTEXT,HISTORY_LAGS_PLAN_TUNED__vs__CURRENT_PLAN_TUNED,22,-0.01954921406618385,-43.34921934914067,0.36363636363636365,OBSERVED
TRAIN_FORWARD,ZONE_60M,4,ALL,HISTORY_SUMMARY_PLAN_A1__vs__CURRENT_PLAN_A1,22,-0.0022132539494141724,-4.23898187225135,0.5454545454545454,OBSERVED
TRAIN_FORWARD,ZONE_60M,4,RECENT_OR_PLANNED_CHANGE,HISTORY_SUMMARY_PLAN_A1__vs__CURRENT_PLAN_A1,18,-0.004187190117298309,-7.732035485626918,0.5,OBSERVED
TRAIN_FORWARD,ZONE_60M,4,RECENT_PAST_CHANGE,HISTORY_SUMMARY_PLAN_A1__vs__CURRENT_PLAN_A1,11,-0.01765928163201962,-39.964403180670104,0.36363636363636365,OBSERVED
TRAIN_FORWARD,ZONE_60M,4,CHANGE_IN_PLAN,HISTORY_SUMMARY_PLAN_A1__vs__CURRENT_PLAN_A1,11,0.015366796511170228,24.08295911601485,0.6363636363636364,OBSERVED
TRAIN_FORWARD,ZONE_60M,4,NO_RECENT_OR_PLANNED_CHANGE,HISTORY_SUMMARY_PLAN_A1__vs__CURRENT_PLAN_A1,4,0.006669458806064434,15.34142470936406,0.75,OBSERVED
TRAIN_FORWARD,ZONE_60M,4,MULTIPLE_CHANGES_IN_CONTEXT,HISTORY_SUMMARY_PLAN_A1__vs__CURRENT_PLAN_A1,22,-0.0022132539494141724,-4.23898187225135,0.5454545454545454,OBSERVED
TRAIN_FORWARD,ZONE_60M,4,ALL,HISTORY_LAGS_PLAN_A1__vs__CURRENT_PLAN_A1,22,-0.037792690339464335,-72.38325692133168,0.13636363636363635,OBSERVED
TRAIN_FORWARD,ZONE_60M,4,RECENT_OR_PLANNED_CHANGE,HISTORY_LAGS_PLAN_A1__vs__CURRENT_PLAN_A1,18,-0.037606361913244374,-69.4436404015372,0.16666666666666666,OBSERVED
TRAIN_FORWARD,ZONE_60M,4,RECENT_PAST_CHANGE,HISTORY_LAGS_PLAN_A1__vs__CURRENT_PLAN_A1,11,-0.050027578554799376,-113.21651475853345,0.18181818181818182,OBSERVED
TRAIN_FORWARD,ZONE_60M,4,CHANGE_IN_PLAN,HISTORY_LAGS_PLAN_A1__vs__CURRENT_PLAN_A1,11,-0.02807069474085402,-43.99260400895613,0.18181818181818182,OBSERVED
TRAIN_FORWARD,ZONE_60M,4,NO_RECENT_OR_PLANNED_CHANGE,HISTORY_LAGS_PLAN_A1__vs__CURRENT_PLAN_A1,4,-0.03863116825745412,-88.8613568941476,0.0,OBSERVED
TRAIN_FORWARD,ZONE_60M,4,MULTIPLE_CHANGES_IN_CONTEXT,HISTORY_LAGS_PLAN_A1__vs__CURRENT_PLAN_A1,22,-0.037792690339464335,-72.38325692133168,0.13636363636363635,OBSERVED
TRAIN_FORWARD,ZONE_120M,2,ALL,HISTORY_SUMMARY_PLAN_TUNED__vs__CURRENT_PLAN_TUNED,20,0.05427248057368874,15.473958241701485,0.6,OBSERVED
TRAIN_FORWARD,ZONE_120M,2,RECENT_OR_PLANNED_CHANGE,HISTORY_SUMMARY_PLAN_TUNED__vs__CURRENT_PLAN_TUNED,20,0.05427248057368874,15.473958241701485,0.6,OBSERVED
TRAIN_FORWARD,ZONE_120M,2,RECENT_PAST_CHANGE,HISTORY_SUMMARY_PLAN_TUNED__vs__CURRENT_PLAN_TUNED,10,0.0455963844750033,13.753489317932518,0.6,OBSERVED
TRAIN_FORWARD,ZONE_120M,2,CHANGE_IN_PLAN,HISTORY_SUMMARY_PLAN_TUNED__vs__CURRENT_PLAN_TUNED,16,0.08535434069847138,22.200779154702737,0.6875,OBSERVED
TRAIN_FORWARD,ZONE_120M,2,NO_RECENT_OR_PLANNED_CHANGE,HISTORY_SUMMARY_PLAN_TUNED__vs__CURRENT_PLAN_TUNED,0,,,,NO_PANEL_SUPPORT
TRAIN_FORWARD,ZONE_120M,2,MULTIPLE_CHANGES_IN_CONTEXT,HISTORY_SUMMARY_PLAN_TUNED__vs__CURRENT_PLAN_TUNED,20,0.05427248057368874,15.473958241701485,0.6,OBSERVED
TRAIN_FORWARD,ZONE_120M,2,ALL,HISTORY_LAGS_PLAN_TUNED__vs__CURRENT_PLAN_TUNED,20,-0.25883433078489193,-73.79783609938553,0.2,OBSERVED
TRAIN_FORWARD,ZONE_120M,2,RECENT_OR_PLANNED_CHANGE,HISTORY_LAGS_PLAN_TUNED__vs__CURRENT_PLAN_TUNED,20,-0.25883433078489193,-73.79783609938553,0.2,OBSERVED
TRAIN_FORWARD,ZONE_120M,2,RECENT_PAST_CHANGE,HISTORY_LAGS_PLAN_TUNED__vs__CURRENT_PLAN_TUNED,10,-0.2386957545751625,-71.99911897806459,0.2,OBSERVED
TRAIN_FORWARD,ZONE_120M,2,CHANGE_IN_PLAN,HISTORY_LAGS_PLAN_TUNED__vs__CURRENT_PLAN_TUNED,16,-0.30111388825807667,-78.320128524537,0.125,OBSERVED
TRAIN_FORWARD,ZONE_120M,2,NO_RECENT_OR_PLANNED_CHANGE,HISTORY_LAGS_PLAN_TUNED__vs__CURRENT_PLAN_TUNED,0,,,,NO_PANEL_SUPPORT
TRAIN_FORWARD,ZONE_120M,2,MULTIPLE_CHANGES_IN_CONTEXT,HISTORY_LAGS_PLAN_TUNED__vs__CURRENT_PLAN_TUNED,20,-0.25883433078489193,-73.79783609938553,0.2,OBSERVED
TRAIN_FORWARD,ZONE_120M,2,ALL,HISTORY_SUMMARY_PLAN_A1__vs__CURRENT_PLAN_A1,20,-0.05002521865737617,-33.07692785798472,0.3,OBSERVED
TRAIN_FORWARD,ZONE_120M,2,RECENT_OR_PLANNED_CHANGE,HISTORY_SUMMARY_PLAN_A1__vs__CURRENT_PLAN_A1,20,-0.05002521865737617,-33.07692785798472,0.3,OBSERVED
TRAIN_FORWARD,ZONE_120M,2,RECENT_PAST_CHANGE,HISTORY_SUMMARY_PLAN_A1__vs__CURRENT_PLAN_A1,10,-0.0887991789638645,-79.06830905763593,0.1,OBSERVED
TRAIN_FORWARD,ZONE_120M,2,CHANGE_IN_PLAN,HISTORY_SUMMARY_PLAN_A1__vs__CURRENT_PLAN_A1,16,-0.02184942429881327,-13.378335195443226,0.375,OBSERVED
TRAIN_FORWARD,ZONE_120M,2,NO_RECENT_OR_PLANNED_CHANGE,HISTORY_SUMMARY_PLAN_A1__vs__CURRENT_PLAN_A1,0,,,,NO_PANEL_SUPPORT
TRAIN_FORWARD,ZONE_120M,2,MULTIPLE_CHANGES_IN_CONTEXT,HISTORY_SUMMARY_PLAN_A1__vs__CURRENT_PLAN_A1,20,-0.05002521865737617,-33.07692785798472,0.3,OBSERVED
TRAIN_FORWARD,ZONE_120M,2,ALL,HISTORY_LAGS_PLAN_A1__vs__CURRENT_PLAN_A1,20,-0.4509788607496499,-298.1895060701111,0.0,OBSERVED
TRAIN_FORWARD,ZONE_120M,2,RECENT_OR_PLANNED_CHANGE,HISTORY_LAGS_PLAN_A1__vs__CURRENT_PLAN_A1,20,-0.4509788607496499,-298.1895060701111,0.0,OBSERVED
TRAIN_FORWARD,ZONE_120M,2,RECENT_PAST_CHANGE,HISTORY_LAGS_PLAN_A1__vs__CURRENT_PLAN_A1,10,-0.4443250128679,-395.6345976326384,0.0,OBSERVED
TRAIN_FORWARD,ZONE_120M,2,CHANGE_IN_PLAN,HISTORY_LAGS_PLAN_A1__vs__CURRENT_PLAN_A1,16,-0.5155948032413373,-315.6971098394504,0.0,OBSERVED
TRAIN_FORWARD,ZONE_120M,2,NO_RECENT_OR_PLANNED_CHANGE,HISTORY_LAGS_PLAN_A1__vs__CURRENT_PLAN_A1,0,,,,NO_PANEL_SUPPORT
TRAIN_FORWARD,ZONE_120M,2,MULTIPLE_CHANGES_IN_CONTEXT,HISTORY_LAGS_PLAN_A1__vs__CURRENT_PLAN_A1,20,-0.4509788607496499,-298.1895060701111,0.0,OBSERVED
TRAIN_FORWARD,ZONE_120M,3,ALL,HISTORY_SUMMARY_PLAN_TUNED__vs__CURRENT_PLAN_TUNED,20,-0.09471985082386042,-37.079080380492904,0.3,OBSERVED
TRAIN_FORWARD,ZONE_120M,3,RECENT_OR_PLANNED_CHANGE,HISTORY_SUMMARY_PLAN_TUNED__vs__CURRENT_PLAN_TUNED,20,-0.09471985082386042,-37.079080380492904,0.3,OBSERVED
TRAIN_FORWARD,ZONE_120M,3,RECENT_PAST_CHANGE,HISTORY_SUMMARY_PLAN_TUNED__vs__CURRENT_PLAN_TUNED,13,-0.1228056751332945,-47.1996236590995,0.23076923076923078,OBSERVED
TRAIN_FORWARD,ZONE_120M,3,CHANGE_IN_PLAN,HISTORY_SUMMARY_PLAN_TUNED__vs__CURRENT_PLAN_TUNED,18,-0.08463327409796444,-30.12164809147529,0.3333333333333333,OBSERVED
TRAIN_FORWARD,ZONE_120M,3,NO_RECENT_OR_PLANNED_CHANGE,HISTORY_SUMMARY_PLAN_TUNED__vs__CURRENT_PLAN_TUNED,0,,,,NO_PANEL_SUPPORT
TRAIN_FORWARD,ZONE_120M,3,MULTIPLE_CHANGES_IN_CONTEXT,HISTORY_SUMMARY_PLAN_TUNED__vs__CURRENT_PLAN_TUNED,20,-0.09471985082386042,-37.079080380492904,0.3,OBSERVED
TRAIN_FORWARD,ZONE_120M,3,ALL,HISTORY_LAGS_PLAN_TUNED__vs__CURRENT_PLAN_TUNED,20,-0.45944605469066013,-179.8549833450953,0.15,OBSERVED
TRAIN_FORWARD,ZONE_120M,3,RECENT_OR_PLANNED_CHANGE,HISTORY_LAGS_PLAN_TUNED__vs__CURRENT_PLAN_TUNED,20,-0.45944605469066013,-179.8549833450953,0.15,OBSERVED
TRAIN_FORWARD,ZONE_120M,3,RECENT_PAST_CHANGE,HISTORY_LAGS_PLAN_TUNED__vs__CURRENT_PLAN_TUNED,13,-0.5516044470412796,-212.005856250331,0.07692307692307693,OBSERVED
TRAIN_FORWARD,ZONE_120M,3,CHANGE_IN_PLAN,HISTORY_LAGS_PLAN_TUNED__vs__CURRENT_PLAN_TUNED,18,-0.4323209994055929,-153.86644491121456,0.16666666666666666,OBSERVED
TRAIN_FORWARD,ZONE_120M,3,NO_RECENT_OR_PLANNED_CHANGE,HISTORY_LAGS_PLAN_TUNED__vs__CURRENT_PLAN_TUNED,0,,,,NO_PANEL_SUPPORT
TRAIN_FORWARD,ZONE_120M,3,MULTIPLE_CHANGES_IN_CONTEXT,HISTORY_LAGS_PLAN_TUNED__vs__CURRENT_PLAN_TUNED,20,-0.45944605469066013,-179.8549833450953,0.15,OBSERVED
TRAIN_FORWARD,ZONE_120M,3,ALL,HISTORY_SUMMARY_PLAN_A1__vs__CURRENT_PLAN_A1,20,-0.12096928644631282,-47.35469763412889,0.2,OBSERVED
TRAIN_FORWARD,ZONE_120M,3,RECENT_OR_PLANNED_CHANGE,HISTORY_SUMMARY_PLAN_A1__vs__CURRENT_PLAN_A1,20,-0.12096928644631282,-47.35469763412889,0.2,OBSERVED
TRAIN_FORWARD,ZONE_120M,3,RECENT_PAST_CHANGE,HISTORY_SUMMARY_PLAN_A1__vs__CURRENT_PLAN_A1,13,-0.1285696424940564,-49.414969895468474,0.15384615384615385,OBSERVED
TRAIN_FORWARD,ZONE_120M,3,CHANGE_IN_PLAN,HISTORY_SUMMARY_PLAN_A1__vs__CURRENT_PLAN_A1,18,-0.11567418201505891,-41.16935142901044,0.2222222222222222,OBSERVED
TRAIN_FORWARD,ZONE_120M,3,NO_RECENT_OR_PLANNED_CHANGE,HISTORY_SUMMARY_PLAN_A1__vs__CURRENT_PLAN_A1,0,,,,NO_PANEL_SUPPORT
TRAIN_FORWARD,ZONE_120M,3,MULTIPLE_CHANGES_IN_CONTEXT,HISTORY_SUMMARY_PLAN_A1__vs__CURRENT_PLAN_A1,20,-0.12096928644631282,-47.35469763412889,0.2,OBSERVED
TRAIN_FORWARD,ZONE_120M,3,ALL,HISTORY_LAGS_PLAN_A1__vs__CURRENT_PLAN_A1,20,-0.45944605469066013,-179.8549833450953,0.15,OBSERVED
TRAIN_FORWARD,ZONE_120M,3,RECENT_OR_PLANNED_CHANGE,HISTORY_LAGS_PLAN_A1__vs__CURRENT_PLAN_A1,20,-0.45944605469066013,-179.8549833450953,0.15,OBSERVED
TRAIN_FORWARD,ZONE_120M,3,RECENT_PAST_CHANGE,HISTORY_LAGS_PLAN_A1__vs__CURRENT_PLAN_A1,13,-0.5516044470412796,-212.005856250331,0.07692307692307693,OBSERVED
TRAIN_FORWARD,ZONE_120M,3,CHANGE_IN_PLAN,HISTORY_LAGS_PLAN_A1__vs__CURRENT_PLAN_A1,18,-0.4323209994055929,-153.86644491121456,0.16666666666666666,OBSERVED
TRAIN_FORWARD,ZONE_120M,3,NO_RECENT_OR_PLANNED_CHANGE,HISTORY_LAGS_PLAN_A1__vs__CURRENT_PLAN_A1,0,,,,NO_PANEL_SUPPORT
TRAIN_FORWARD,ZONE_120M,3,MULTIPLE_CHANGES_IN_CONTEXT,HISTORY_LAGS_PLAN_A1__vs__CURRENT_PLAN_A1,20,-0.45944605469066013,-179.8549833450953,0.15,OBSERVED
TRAIN_FORWARD,ZONE_120M,4,ALL,HISTORY_SUMMARY_PLAN_TUNED__vs__CURRENT_PLAN_TUNED,20,0.031473734964522035,19.056700422861528,0.6,OBSERVED
TRAIN_FORWARD,ZONE_120M,4,RECENT_OR_PLANNED_CHANGE,HISTORY_SUMMARY_PLAN_TUNED__vs__CURRENT_PLAN_TUNED,20,0.031473734964522035,19.056700422861528,0.6,OBSERVED
TRAIN_FORWARD,ZONE_120M,4,RECENT_PAST_CHANGE,HISTORY_SUMMARY_PLAN_TUNED__vs__CURRENT_PLAN_TUNED,11,-0.03858983914589683,-27.15408104586629,0.36363636363636365,OBSERVED
TRAIN_FORWARD,ZONE_120M,4,CHANGE_IN_PLAN,HISTORY_SUMMARY_PLAN_TUNED__vs__CURRENT_PLAN_TUNED,16,0.06648022086276677,38.50044350302788,0.6875,OBSERVED
TRAIN_FORWARD,ZONE_120M,4,NO_RECENT_OR_PLANNED_CHANGE,HISTORY_SUMMARY_PLAN_TUNED__vs__CURRENT_PLAN_TUNED,0,,,,NO_PANEL_SUPPORT
TRAIN_FORWARD,ZONE_120M,4,MULTIPLE_CHANGES_IN_CONTEXT,HISTORY_SUMMARY_PLAN_TUNED__vs__CURRENT_PLAN_TUNED,20,0.031473734964522035,19.056700422861528,0.6,OBSERVED
TRAIN_FORWARD,ZONE_120M,4,ALL,HISTORY_LAGS_PLAN_TUNED__vs__CURRENT_PLAN_TUNED,20,-0.13793727444079487,-83.51818807419322,0.25,OBSERVED
TRAIN_FORWARD,ZONE_120M,4,RECENT_OR_PLANNED_CHANGE,HISTORY_LAGS_PLAN_TUNED__vs__CURRENT_PLAN_TUNED,20,-0.13793727444079487,-83.51818807419322,0.25,OBSERVED
TRAIN_FORWARD,ZONE_120M,4,RECENT_PAST_CHANGE,HISTORY_LAGS_PLAN_TUNED__vs__CURRENT_PLAN_TUNED,11,-0.11916854377282098,-83.85399803018129,0.18181818181818182,OBSERVED
TRAIN_FORWARD,ZONE_120M,4,CHANGE_IN_PLAN,HISTORY_LAGS_PLAN_TUNED__vs__CURRENT_PLAN_TUNED,16,-0.12244677760623975,-70.91214773621701,0.3125,OBSERVED
TRAIN_FORWARD,ZONE_120M,4,NO_RECENT_OR_PLANNED_CHANGE,HISTORY_LAGS_PLAN_TUNED__vs__CURRENT_PLAN_TUNED,0,,,,NO_PANEL_SUPPORT
TRAIN_FORWARD,ZONE_120M,4,MULTIPLE_CHANGES_IN_CONTEXT,HISTORY_LAGS_PLAN_TUNED__vs__CURRENT_PLAN_TUNED,20,-0.13793727444079487,-83.51818807419322,0.25,OBSERVED
TRAIN_FORWARD,ZONE_120M,4,ALL,HISTORY_SUMMARY_PLAN_A1__vs__CURRENT_PLAN_A1,20,0.037720771970808184,22.83915308993516,0.6,OBSERVED
TRAIN_FORWARD,ZONE_120M,4,RECENT_OR_PLANNED_CHANGE,HISTORY_SUMMARY_PLAN_A1__vs__CURRENT_PLAN_A1,20,0.037720771970808184,22.83915308993516,0.6,OBSERVED
TRAIN_FORWARD,ZONE_120M,4,RECENT_PAST_CHANGE,HISTORY_SUMMARY_PLAN_A1__vs__CURRENT_PLAN_A1,11,-0.013570485156940896,-9.548991701938197,0.36363636363636365,OBSERVED
TRAIN_FORWARD,ZONE_120M,4,CHANGE_IN_PLAN,HISTORY_SUMMARY_PLAN_A1__vs__CURRENT_PLAN_A1,16,0.06392010977133422,37.0178158709591,0.6875,OBSERVED
TRAIN_FORWARD,ZONE_120M,4,NO_RECENT_OR_PLANNED_CHANGE,HISTORY_SUMMARY_PLAN_A1__vs__CURRENT_PLAN_A1,0,,,,NO_PANEL_SUPPORT
TRAIN_FORWARD,ZONE_120M,4,MULTIPLE_CHANGES_IN_CONTEXT,HISTORY_SUMMARY_PLAN_A1__vs__CURRENT_PLAN_A1,20,0.037720771970808184,22.83915308993516,0.6,OBSERVED
TRAIN_FORWARD,ZONE_120M,4,ALL,HISTORY_LAGS_PLAN_A1__vs__CURRENT_PLAN_A1,20,-0.047469375442002484,-28.74173237076183,0.4,OBSERVED
TRAIN_FORWARD,ZONE_120M,4,RECENT_OR_PLANNED_CHANGE,HISTORY_LAGS_PLAN_A1__vs__CURRENT_PLAN_A1,20,-0.047469375442002484,-28.74173237076183,0.4,OBSERVED
TRAIN_FORWARD,ZONE_120M,4,RECENT_PAST_CHANGE,HISTORY_LAGS_PLAN_A1__vs__CURRENT_PLAN_A1,11,-0.048333443028826605,-34.010253949712784,0.36363636363636365,OBSERVED
TRAIN_FORWARD,ZONE_120M,4,CHANGE_IN_PLAN,HISTORY_LAGS_PLAN_A1__vs__CURRENT_PLAN_A1,16,-0.02459223405935504,-14.242009213084803,0.5,OBSERVED
TRAIN_FORWARD,ZONE_120M,4,NO_RECENT_OR_PLANNED_CHANGE,HISTORY_LAGS_PLAN_A1__vs__CURRENT_PLAN_A1,0,,,,NO_PANEL_SUPPORT
TRAIN_FORWARD,ZONE_120M,4,MULTIPLE_CHANGES_IN_CONTEXT,HISTORY_LAGS_PLAN_A1__vs__CURRENT_PLAN_A1,20,-0.047469375442002484,-28.74173237076183,0.4,OBSERVED
TRAIN_FORWARD,ZONE_360M,2,ALL,HISTORY_SUMMARY_PLAN_TUNED__vs__CURRENT_PLAN_TUNED,12,0.3921936284986385,28.09822466264665,0.75,OBSERVED
TRAIN_FORWARD,ZONE_360M,2,RECENT_OR_PLANNED_CHANGE,HISTORY_SUMMARY_PLAN_TUNED__vs__CURRENT_PLAN_TUNED,12,0.3921936284986385,28.09822466264665,0.75,OBSERVED
TRAIN_FORWARD,ZONE_360M,2,RECENT_PAST_CHANGE,HISTORY_SUMMARY_PLAN_TUNED__vs__CURRENT_PLAN_TUNED,6,0.35796255977137265,27.193751272535728,0.6666666666666666,OBSERVED
TRAIN_FORWARD,ZONE_360M,2,CHANGE_IN_PLAN,HISTORY_SUMMARY_PLAN_TUNED__vs__CURRENT_PLAN_TUNED,12,0.3921936284986385,28.09822466264665,0.75,OBSERVED
TRAIN_FORWARD,ZONE_360M,2,NO_RECENT_OR_PLANNED_CHANGE,HISTORY_SUMMARY_PLAN_TUNED__vs__CURRENT_PLAN_TUNED,0,,,,NO_PANEL_SUPPORT
TRAIN_FORWARD,ZONE_360M,2,MULTIPLE_CHANGES_IN_CONTEXT,HISTORY_SUMMARY_PLAN_TUNED__vs__CURRENT_PLAN_TUNED,12,0.3921936284986385,28.09822466264665,0.75,OBSERVED
TRAIN_FORWARD,ZONE_360M,2,ALL,HISTORY_LAGS_PLAN_TUNED__vs__CURRENT_PLAN_TUNED,12,0.31227956517778827,22.372881001430045,0.5833333333333334,OBSERVED
TRAIN_FORWARD,ZONE_360M,2,RECENT_OR_PLANNED_CHANGE,HISTORY_LAGS_PLAN_TUNED__vs__CURRENT_PLAN_TUNED,12,0.31227956517778827,22.372881001430045,0.5833333333333334,OBSERVED
TRAIN_FORWARD,ZONE_360M,2,RECENT_PAST_CHANGE,HISTORY_LAGS_PLAN_TUNED__vs__CURRENT_PLAN_TUNED,6,0.22096888719689609,16.786596232967135,0.5,OBSERVED
TRAIN_FORWARD,ZONE_360M,2,CHANGE_IN_PLAN,HISTORY_LAGS_PLAN_TUNED__vs__CURRENT_PLAN_TUNED,12,0.31227956517778827,22.372881001430045,0.5833333333333334,OBSERVED
TRAIN_FORWARD,ZONE_360M,2,NO_RECENT_OR_PLANNED_CHANGE,HISTORY_LAGS_PLAN_TUNED__vs__CURRENT_PLAN_TUNED,0,,,,NO_PANEL_SUPPORT
TRAIN_FORWARD,ZONE_360M,2,MULTIPLE_CHANGES_IN_CONTEXT,HISTORY_LAGS_PLAN_TUNED__vs__CURRENT_PLAN_TUNED,12,0.31227956517778827,22.372881001430045,0.5833333333333334,OBSERVED
TRAIN_FORWARD,ZONE_360M,2,ALL,HISTORY_SUMMARY_PLAN_A1__vs__CURRENT_PLAN_A1,12,0.30659332882603096,24.538688589036173,0.9166666666666666,OBSERVED
TRAIN_FORWARD,ZONE_360M,2,RECENT_OR_PLANNED_CHANGE,HISTORY_SUMMARY_PLAN_A1__vs__CURRENT_PLAN_A1,12,0.30659332882603096,24.538688589036173,0.9166666666666666,OBSERVED
TRAIN_FORWARD,ZONE_360M,2,RECENT_PAST_CHANGE,HISTORY_SUMMARY_PLAN_A1__vs__CURRENT_PLAN_A1,6,0.24083397017437017,20.6403153379152,0.8333333333333334,OBSERVED
TRAIN_FORWARD,ZONE_360M,2,CHANGE_IN_PLAN,HISTORY_SUMMARY_PLAN_A1__vs__CURRENT_PLAN_A1,12,0.30659332882603096,24.538688589036173,0.9166666666666666,OBSERVED
TRAIN_FORWARD,ZONE_360M,2,NO_RECENT_OR_PLANNED_CHANGE,HISTORY_SUMMARY_PLAN_A1__vs__CURRENT_PLAN_A1,0,,,,NO_PANEL_SUPPORT
TRAIN_FORWARD,ZONE_360M,2,MULTIPLE_CHANGES_IN_CONTEXT,HISTORY_SUMMARY_PLAN_A1__vs__CURRENT_PLAN_A1,12,0.30659332882603096,24.538688589036173,0.9166666666666666,OBSERVED
TRAIN_FORWARD,ZONE_360M,2,ALL,HISTORY_LAGS_PLAN_A1__vs__CURRENT_PLAN_A1,12,0.1695011028324291,13.566292501632642,0.5833333333333334,OBSERVED
TRAIN_FORWARD,ZONE_360M,2,RECENT_OR_PLANNED_CHANGE,HISTORY_LAGS_PLAN_A1__vs__CURRENT_PLAN_A1,12,0.1695011028324291,13.566292501632642,0.5833333333333334,OBSERVED
TRAIN_FORWARD,ZONE_360M,2,RECENT_PAST_CHANGE,HISTORY_LAGS_PLAN_A1__vs__CURRENT_PLAN_A1,6,0.07477277998336447,6.408289314135303,0.5,OBSERVED
TRAIN_FORWARD,ZONE_360M,2,CHANGE_IN_PLAN,HISTORY_LAGS_PLAN_A1__vs__CURRENT_PLAN_A1,12,0.1695011028324291,13.566292501632642,0.5833333333333334,OBSERVED
TRAIN_FORWARD,ZONE_360M,2,NO_RECENT_OR_PLANNED_CHANGE,HISTORY_LAGS_PLAN_A1__vs__CURRENT_PLAN_A1,0,,,,NO_PANEL_SUPPORT
TRAIN_FORWARD,ZONE_360M,2,MULTIPLE_CHANGES_IN_CONTEXT,HISTORY_LAGS_PLAN_A1__vs__CURRENT_PLAN_A1,12,0.1695011028324291,13.566292501632642,0.5833333333333334,OBSERVED
TRAIN_FORWARD,ZONE_360M,3,ALL,HISTORY_SUMMARY_PLAN_TUNED__vs__CURRENT_PLAN_TUNED,12,-0.22923794775105197,-25.437370080653555,0.25,OBSERVED
TRAIN_FORWARD,ZONE_360M,3,RECENT_OR_PLANNED_CHANGE,HISTORY_SUMMARY_PLAN_TUNED__vs__CURRENT_PLAN_TUNED,12,-0.22923794775105197,-25.437370080653555,0.25,OBSERVED
TRAIN_FORWARD,ZONE_360M,3,RECENT_PAST_CHANGE,HISTORY_SUMMARY_PLAN_TUNED__vs__CURRENT_PLAN_TUNED,10,-0.29123523729218004,-37.78071283756886,0.2,OBSERVED
TRAIN_FORWARD,ZONE_360M,3,CHANGE_IN_PLAN,HISTORY_SUMMARY_PLAN_TUNED__vs__CURRENT_PLAN_TUNED,12,-0.22923794775105197,-25.437370080653555,0.25,OBSERVED
TRAIN_FORWARD,ZONE_360M,3,NO_RECENT_OR_PLANNED_CHANGE,HISTORY_SUMMARY_PLAN_TUNED__vs__CURRENT_PLAN_TUNED,0,,,,NO_PANEL_SUPPORT
TRAIN_FORWARD,ZONE_360M,3,MULTIPLE_CHANGES_IN_CONTEXT,HISTORY_SUMMARY_PLAN_TUNED__vs__CURRENT_PLAN_TUNED,12,-0.22923794775105197,-25.437370080653555,0.25,OBSERVED
TRAIN_FORWARD,ZONE_360M,3,ALL,HISTORY_LAGS_PLAN_TUNED__vs__CURRENT_PLAN_TUNED,12,-2.569883950272678,-285.1669618784484,0.0,OBSERVED
TRAIN_FORWARD,ZONE_360M,3,RECENT_OR_PLANNED_CHANGE,HISTORY_LAGS_PLAN_TUNED__vs__CURRENT_PLAN_TUNED,12,-2.569883950272678,-285.1669618784484,0.0,OBSERVED
TRAIN_FORWARD,ZONE_360M,3,RECENT_PAST_CHANGE,HISTORY_LAGS_PLAN_TUNED__vs__CURRENT_PLAN_TUNED,10,-2.6311227068711545,-341.3243958833792,0.0,OBSERVED
TRAIN_FORWARD,ZONE_360M,3,CHANGE_IN_PLAN,HISTORY_LAGS_PLAN_TUNED__vs__CURRENT_PLAN_TUNED,12,-2.569883950272678,-285.1669618784484,0.0,OBSERVED
TRAIN_FORWARD,ZONE_360M,3,NO_RECENT_OR_PLANNED_CHANGE,HISTORY_LAGS_PLAN_TUNED__vs__CURRENT_PLAN_TUNED,0,,,,NO_PANEL_SUPPORT
TRAIN_FORWARD,ZONE_360M,3,MULTIPLE_CHANGES_IN_CONTEXT,HISTORY_LAGS_PLAN_TUNED__vs__CURRENT_PLAN_TUNED,12,-2.569883950272678,-285.1669618784484,0.0,OBSERVED
TRAIN_FORWARD,ZONE_360M,3,ALL,HISTORY_SUMMARY_PLAN_A1__vs__CURRENT_PLAN_A1,12,-0.22923794775105197,-25.437370080653555,0.25,OBSERVED
TRAIN_FORWARD,ZONE_360M,3,RECENT_OR_PLANNED_CHANGE,HISTORY_SUMMARY_PLAN_A1__vs__CURRENT_PLAN_A1,12,-0.22923794775105197,-25.437370080653555,0.25,OBSERVED
TRAIN_FORWARD,ZONE_360M,3,RECENT_PAST_CHANGE,HISTORY_SUMMARY_PLAN_A1__vs__CURRENT_PLAN_A1,10,-0.29123523729218004,-37.78071283756886,0.2,OBSERVED
TRAIN_FORWARD,ZONE_360M,3,CHANGE_IN_PLAN,HISTORY_SUMMARY_PLAN_A1__vs__CURRENT_PLAN_A1,12,-0.22923794775105197,-25.437370080653555,0.25,OBSERVED
TRAIN_FORWARD,ZONE_360M,3,NO_RECENT_OR_PLANNED_CHANGE,HISTORY_SUMMARY_PLAN_A1__vs__CURRENT_PLAN_A1,0,,,,NO_PANEL_SUPPORT
TRAIN_FORWARD,ZONE_360M,3,MULTIPLE_CHANGES_IN_CONTEXT,HISTORY_SUMMARY_PLAN_A1__vs__CURRENT_PLAN_A1,12,-0.22923794775105197,-25.437370080653555,0.25,OBSERVED
TRAIN_FORWARD,ZONE_360M,3,ALL,HISTORY_LAGS_PLAN_A1__vs__CURRENT_PLAN_A1,12,-1.382756190110092,-153.43742728556836,0.0,OBSERVED
TRAIN_FORWARD,ZONE_360M,3,RECENT_OR_PLANNED_CHANGE,HISTORY_LAGS_PLAN_A1__vs__CURRENT_PLAN_A1,12,-1.382756190110092,-153.43742728556836,0.0,OBSERVED
TRAIN_FORWARD,ZONE_360M,3,RECENT_PAST_CHANGE,HISTORY_LAGS_PLAN_A1__vs__CURRENT_PLAN_A1,10,-1.351686015588944,-175.34849723658334,0.0,OBSERVED
TRAIN_FORWARD,ZONE_360M,3,CHANGE_IN_PLAN,HISTORY_LAGS_PLAN_A1__vs__CURRENT_PLAN_A1,12,-1.382756190110092,-153.43742728556836,0.0,OBSERVED
TRAIN_FORWARD,ZONE_360M,3,NO_RECENT_OR_PLANNED_CHANGE,HISTORY_LAGS_PLAN_A1__vs__CURRENT_PLAN_A1,0,,,,NO_PANEL_SUPPORT
TRAIN_FORWARD,ZONE_360M,3,MULTIPLE_CHANGES_IN_CONTEXT,HISTORY_LAGS_PLAN_A1__vs__CURRENT_PLAN_A1,12,-1.382756190110092,-153.43742728556836,0.0,OBSERVED
TRAIN_FORWARD,ZONE_360M,4,ALL,HISTORY_SUMMARY_PLAN_TUNED__vs__CURRENT_PLAN_TUNED,12,0.29181471755584637,30.008510301876974,0.75,OBSERVED
TRAIN_FORWARD,ZONE_360M,4,RECENT_OR_PLANNED_CHANGE,HISTORY_SUMMARY_PLAN_TUNED__vs__CURRENT_PLAN_TUNED,12,0.29181471755584637,30.008510301876974,0.75,OBSERVED
TRAIN_FORWARD,ZONE_360M,4,RECENT_PAST_CHANGE,HISTORY_SUMMARY_PLAN_TUNED__vs__CURRENT_PLAN_TUNED,6,0.16396676705090274,20.31223293356164,0.5,OBSERVED
TRAIN_FORWARD,ZONE_360M,4,CHANGE_IN_PLAN,HISTORY_SUMMARY_PLAN_TUNED__vs__CURRENT_PLAN_TUNED,12,0.29181471755584637,30.008510301876974,0.75,OBSERVED
TRAIN_FORWARD,ZONE_360M,4,NO_RECENT_OR_PLANNED_CHANGE,HISTORY_SUMMARY_PLAN_TUNED__vs__CURRENT_PLAN_TUNED,0,,,,NO_PANEL_SUPPORT
TRAIN_FORWARD,ZONE_360M,4,MULTIPLE_CHANGES_IN_CONTEXT,HISTORY_SUMMARY_PLAN_TUNED__vs__CURRENT_PLAN_TUNED,12,0.29181471755584637,30.008510301876974,0.75,OBSERVED
TRAIN_FORWARD,ZONE_360M,4,ALL,HISTORY_LAGS_PLAN_TUNED__vs__CURRENT_PLAN_TUNED,12,-0.06981456035349888,-7.17931902522375,0.4166666666666667,OBSERVED
TRAIN_FORWARD,ZONE_360M,4,RECENT_OR_PLANNED_CHANGE,HISTORY_LAGS_PLAN_TUNED__vs__CURRENT_PLAN_TUNED,12,-0.06981456035349888,-7.17931902522375,0.4166666666666667,OBSERVED
TRAIN_FORWARD,ZONE_360M,4,RECENT_PAST_CHANGE,HISTORY_LAGS_PLAN_TUNED__vs__CURRENT_PLAN_TUNED,6,0.01247866795753567,1.5458596568861291,0.3333333333333333,OBSERVED
TRAIN_FORWARD,ZONE_360M,4,CHANGE_IN_PLAN,HISTORY_LAGS_PLAN_TUNED__vs__CURRENT_PLAN_TUNED,12,-0.06981456035349888,-7.17931902522375,0.4166666666666667,OBSERVED
TRAIN_FORWARD,ZONE_360M,4,NO_RECENT_OR_PLANNED_CHANGE,HISTORY_LAGS_PLAN_TUNED__vs__CURRENT_PLAN_TUNED,0,,,,NO_PANEL_SUPPORT
TRAIN_FORWARD,ZONE_360M,4,MULTIPLE_CHANGES_IN_CONTEXT,HISTORY_LAGS_PLAN_TUNED__vs__CURRENT_PLAN_TUNED,12,-0.06981456035349888,-7.17931902522375,0.4166666666666667,OBSERVED
TRAIN_FORWARD,ZONE_360M,4,ALL,HISTORY_SUMMARY_PLAN_A1__vs__CURRENT_PLAN_A1,12,0.24888483924364166,26.775918749974394,0.8333333333333334,OBSERVED
TRAIN_FORWARD,ZONE_360M,4,RECENT_OR_PLANNED_CHANGE,HISTORY_SUMMARY_PLAN_A1__vs__CURRENT_PLAN_A1,12,0.24888483924364166,26.775918749974394,0.8333333333333334,OBSERVED
TRAIN_FORWARD,ZONE_360M,4,RECENT_PAST_CHANGE,HISTORY_SUMMARY_PLAN_A1__vs__CURRENT_PLAN_A1,6,0.21141001565006504,24.73572387770417,0.8333333333333334,OBSERVED
TRAIN_FORWARD,ZONE_360M,4,CHANGE_IN_PLAN,HISTORY_SUMMARY_PLAN_A1__vs__CURRENT_PLAN_A1,12,0.24888483924364166,26.775918749974394,0.8333333333333334,OBSERVED
TRAIN_FORWARD,ZONE_360M,4,NO_RECENT_OR_PLANNED_CHANGE,HISTORY_SUMMARY_PLAN_A1__vs__CURRENT_PLAN_A1,0,,,,NO_PANEL_SUPPORT
TRAIN_FORWARD,ZONE_360M,4,MULTIPLE_CHANGES_IN_CONTEXT,HISTORY_SUMMARY_PLAN_A1__vs__CURRENT_PLAN_A1,12,0.24888483924364166,26.775918749974394,0.8333333333333334,OBSERVED
TRAIN_FORWARD,ZONE_360M,4,ALL,HISTORY_LAGS_PLAN_A1__vs__CURRENT_PLAN_A1,12,-0.11619634569133513,-12.500817328730124,0.6666666666666666,OBSERVED
TRAIN_FORWARD,ZONE_360M,4,RECENT_OR_PLANNED_CHANGE,HISTORY_LAGS_PLAN_A1__vs__CURRENT_PLAN_A1,12,-0.11619634569133513,-12.500817328730124,0.6666666666666666,OBSERVED
TRAIN_FORWARD,ZONE_360M,4,RECENT_PAST_CHANGE,HISTORY_LAGS_PLAN_A1__vs__CURRENT_PLAN_A1,6,0.06423979577120364,7.516284624787183,0.8333333333333334,OBSERVED
TRAIN_FORWARD,ZONE_360M,4,CHANGE_IN_PLAN,HISTORY_LAGS_PLAN_A1__vs__CURRENT_PLAN_A1,12,-0.11619634569133513,-12.500817328730124,0.6666666666666666,OBSERVED
TRAIN_FORWARD,ZONE_360M,4,NO_RECENT_OR_PLANNED_CHANGE,HISTORY_LAGS_PLAN_A1__vs__CURRENT_PLAN_A1,0,,,,NO_PANEL_SUPPORT
TRAIN_FORWARD,ZONE_360M,4,MULTIPLE_CHANGES_IN_CONTEXT,HISTORY_LAGS_PLAN_A1__vs__CURRENT_PLAN_A1,12,-0.11619634569133513,-12.500817328730124,0.6666666666666666,OBSERVED
DEV,SUPPLY_15M,5,ALL,HISTORY_SUMMARY_PLAN_TUNED__vs__CURRENT_PLAN_TUNED,130,-0.023460563016260132,-11.693658932715033,0.4307692307692308,OBSERVED
DEV,SUPPLY_15M,5,RECENT_OR_PLANNED_CHANGE,HISTORY_SUMMARY_PLAN_TUNED__vs__CURRENT_PLAN_TUNED,42,0.005820631722217749,1.4521213680006344,0.5476190476190477,OBSERVED
DEV,SUPPLY_15M,5,RECENT_PAST_CHANGE,HISTORY_SUMMARY_PLAN_TUNED__vs__CURRENT_PLAN_TUNED,14,-0.004375493053450709,-5.397592273040096,0.6428571428571429,OBSERVED
DEV,SUPPLY_15M,5,CHANGE_IN_PLAN,HISTORY_SUMMARY_PLAN_TUNED__vs__CURRENT_PLAN_TUNED,28,0.01091869411005198,1.9472535398237054,0.5,OBSERVED
DEV,SUPPLY_15M,5,NO_RECENT_OR_PLANNED_CHANGE,HISTORY_SUMMARY_PLAN_TUNED__vs__CURRENT_PLAN_TUNED,88,-0.037435678686897296,-35.6287473812434,0.375,OBSERVED
DEV,SUPPLY_15M,5,MULTIPLE_CHANGES_IN_CONTEXT,HISTORY_SUMMARY_PLAN_TUNED__vs__CURRENT_PLAN_TUNED,43,-0.06513313642971523,-38.67697161302559,0.32558139534883723,OBSERVED
DEV,SUPPLY_15M,5,ALL,HISTORY_LAGS_PLAN_TUNED__vs__CURRENT_PLAN_TUNED,130,-0.028169385970127185,-14.040719809254846,0.35384615384615387,OBSERVED
DEV,SUPPLY_15M,5,RECENT_OR_PLANNED_CHANGE,HISTORY_LAGS_PLAN_TUNED__vs__CURRENT_PLAN_TUNED,42,-0.00783396777386083,-1.9544050445983714,0.5,OBSERVED
DEV,SUPPLY_15M,5,RECENT_PAST_CHANGE,HISTORY_LAGS_PLAN_TUNED__vs__CURRENT_PLAN_TUNED,14,-0.011510393917060647,-14.199179956959828,0.5,OBSERVED
DEV,SUPPLY_15M,5,CHANGE_IN_PLAN,HISTORY_LAGS_PLAN_TUNED__vs__CURRENT_PLAN_TUNED,28,-0.005995754702260921,-1.0692903794368342,0.5,OBSERVED
DEV,SUPPLY_15M,5,NO_RECENT_OR_PLANNED_CHANGE,HISTORY_LAGS_PLAN_TUNED__vs__CURRENT_PLAN_TUNED,88,-0.037874926472890674,-36.046793719759656,0.2840909090909091,OBSERVED
DEV,SUPPLY_15M,5,MULTIPLE_CHANGES_IN_CONTEXT,HISTORY_LAGS_PLAN_TUNED__vs__CURRENT_PLAN_TUNED,43,-0.04295155808067987,-25.505238710779807,0.46511627906976744,OBSERVED
DEV,SUPPLY_15M,5,ALL,HISTORY_SUMMARY_PLAN_A1__vs__CURRENT_PLAN_A1,130,-0.023971296030905396,-11.589491717822717,0.4153846153846154,OBSERVED
DEV,SUPPLY_15M,5,RECENT_OR_PLANNED_CHANGE,HISTORY_SUMMARY_PLAN_A1__vs__CURRENT_PLAN_A1,42,0.0014794286637672622,0.36571400562855894,0.47619047619047616,OBSERVED
DEV,SUPPLY_15M,5,RECENT_PAST_CHANGE,HISTORY_SUMMARY_PLAN_A1__vs__CURRENT_PLAN_A1,14,-0.012924174154551476,-12.89861685690438,0.5,OBSERVED
DEV,SUPPLY_15M,5,CHANGE_IN_PLAN,HISTORY_SUMMARY_PLAN_A1__vs__CURRENT_PLAN_A1,28,0.008681230072926635,1.5594137710094211,0.4642857142857143,OBSERVED
DEV,SUPPLY_15M,5,NO_RECENT_OR_PLANNED_CHANGE,HISTORY_SUMMARY_PLAN_A1__vs__CURRENT_PLAN_A1,88,-0.03611823281699916,-32.11023653873454,0.38636363636363635,OBSERVED
DEV,SUPPLY_15M,5,MULTIPLE_CHANGES_IN_CONTEXT,HISTORY_SUMMARY_PLAN_A1__vs__CURRENT_PLAN_A1,43,-0.07333165410047444,-46.214916136525936,0.32558139534883723,OBSERVED
DEV,SUPPLY_15M,5,ALL,HISTORY_LAGS_PLAN_A1__vs__CURRENT_PLAN_A1,130,-0.025029899606603078,-12.101298728890795,0.36153846153846153,OBSERVED
DEV,SUPPLY_15M,5,RECENT_OR_PLANNED_CHANGE,HISTORY_LAGS_PLAN_A1__vs__CURRENT_PLAN_A1,42,-0.007458213959902316,-1.843666659239342,0.5,OBSERVED
DEV,SUPPLY_15M,5,RECENT_PAST_CHANGE,HISTORY_LAGS_PLAN_A1__vs__CURRENT_PLAN_A1,14,-0.016780648293279556,-16.747464894633424,0.42857142857142855,OBSERVED
DEV,SUPPLY_15M,5,CHANGE_IN_PLAN,HISTORY_LAGS_PLAN_A1__vs__CURRENT_PLAN_A1,28,-0.002796996793213695,-0.5024259557881074,0.5357142857142857,OBSERVED
DEV,SUPPLY_15M,5,NO_RECENT_OR_PLANNED_CHANGE,HISTORY_LAGS_PLAN_A1__vs__CURRENT_PLAN_A1,88,-0.03341638593798299,-29.708210315130973,0.29545454545454547,OBSERVED
DEV,SUPPLY_15M,5,MULTIPLE_CHANGES_IN_CONTEXT,HISTORY_LAGS_PLAN_A1__vs__CURRENT_PLAN_A1,43,-0.04308615811405687,-27.153665198360116,0.3488372093023256,OBSERVED
DEV,SUPPLY_30M,5,ALL,HISTORY_SUMMARY_PLAN_TUNED__vs__CURRENT_PLAN_TUNED,129,-0.039976472601615964,-12.055438118588286,0.4186046511627907,OBSERVED
DEV,SUPPLY_30M,5,RECENT_OR_PLANNED_CHANGE,HISTORY_SUMMARY_PLAN_TUNED__vs__CURRENT_PLAN_TUNED,54,-0.008389106779533445,-1.5832853733206846,0.5185185185185185,OBSERVED
DEV,SUPPLY_30M,5,RECENT_PAST_CHANGE,HISTORY_SUMMARY_PLAN_TUNED__vs__CURRENT_PLAN_TUNED,14,-0.054081371313421556,-26.549369026112334,0.5,OBSERVED
DEV,SUPPLY_30M,5,CHANGE_IN_PLAN,HISTORY_SUMMARY_PLAN_TUNED__vs__CURRENT_PLAN_TUNED,42,0.01054780003888207,1.641520416322113,0.5476190476190477,OBSERVED
DEV,SUPPLY_30M,5,NO_RECENT_OR_PLANNED_CHANGE,HISTORY_SUMMARY_PLAN_TUNED__vs__CURRENT_PLAN_TUNED,75,-0.0627193759935154,-33.20840310025812,0.3466666666666667,OBSERVED
DEV,SUPPLY_30M,5,MULTIPLE_CHANGES_IN_CONTEXT,HISTORY_SUMMARY_PLAN_TUNED__vs__CURRENT_PLAN_TUNED,42,-0.11449906785510156,-42.39824213729821,0.40476190476190477,OBSERVED
DEV,SUPPLY_30M,5,ALL,HISTORY_LAGS_PLAN_TUNED__vs__CURRENT_PLAN_TUNED,129,-0.0403012645652578,-12.15338346404482,0.34108527131782945,OBSERVED
DEV,SUPPLY_30M,5,RECENT_OR_PLANNED_CHANGE,HISTORY_LAGS_PLAN_TUNED__vs__CURRENT_PLAN_TUNED,54,-0.013650687291240325,-2.576309265334843,0.4074074074074074,OBSERVED
DEV,SUPPLY_30M,5,RECENT_PAST_CHANGE,HISTORY_LAGS_PLAN_TUNED__vs__CURRENT_PLAN_TUNED,14,-0.02460092900191022,-12.076970805191326,0.2857142857142857,OBSERVED
DEV,SUPPLY_30M,5,CHANGE_IN_PLAN,HISTORY_LAGS_PLAN_TUNED__vs__CURRENT_PLAN_TUNED,42,-0.008438546055053817,-1.3132639585868944,0.4523809523809524,OBSERVED
DEV,SUPPLY_30M,5,NO_RECENT_OR_PLANNED_CHANGE,HISTORY_LAGS_PLAN_TUNED__vs__CURRENT_PLAN_TUNED,75,-0.05948968020255039,-31.49835675463341,0.29333333333333333,OBSERVED
DEV,SUPPLY_30M,5,MULTIPLE_CHANGES_IN_CONTEXT,HISTORY_LAGS_PLAN_TUNED__vs__CURRENT_PLAN_TUNED,42,-0.048615857351395425,-18.00212814225958,0.42857142857142855,OBSERVED
DEV,SUPPLY_30M,5,ALL,HISTORY_SUMMARY_PLAN_A1__vs__CURRENT_PLAN_A1,129,-0.041261998073902593,-12.351821375421794,0.4108527131782946,OBSERVED
DEV,SUPPLY_30M,5,RECENT_OR_PLANNED_CHANGE,HISTORY_SUMMARY_PLAN_A1__vs__CURRENT_PLAN_A1,54,-0.01499394268578794,-2.852469142901558,0.5,OBSERVED
DEV,SUPPLY_30M,5,RECENT_PAST_CHANGE,HISTORY_SUMMARY_PLAN_A1__vs__CURRENT_PLAN_A1,14,-0.07784289334136543,-40.17152543905533,0.42857142857142855,OBSERVED
DEV,SUPPLY_30M,5,CHANGE_IN_PLAN,HISTORY_SUMMARY_PLAN_A1__vs__CURRENT_PLAN_A1,42,0.009643479525297477,1.5057946193262397,0.5476190476190477,OBSERVED
DEV,SUPPLY_30M,5,NO_RECENT_OR_PLANNED_CHANGE,HISTORY_SUMMARY_PLAN_A1__vs__CURRENT_PLAN_A1,75,-0.06017499795334514,-30.684334392828337,0.3466666666666667,OBSERVED
DEV,SUPPLY_30M,5,MULTIPLE_CHANGES_IN_CONTEXT,HISTORY_SUMMARY_PLAN_A1__vs__CURRENT_PLAN_A1,42,-0.11831545318567668,-46.33906624754953,0.35714285714285715,OBSERVED
DEV,SUPPLY_30M,5,ALL,HISTORY_LAGS_PLAN_A1__vs__CURRENT_PLAN_A1,129,-0.03873771358941904,-11.596174230141887,0.34108527131782945,OBSERVED
DEV,SUPPLY_30M,5,RECENT_OR_PLANNED_CHANGE,HISTORY_LAGS_PLAN_A1__vs__CURRENT_PLAN_A1,54,-0.014240385289848875,-2.709111304048483,0.4074074074074074,OBSERVED
DEV,SUPPLY_30M,5,RECENT_PAST_CHANGE,HISTORY_LAGS_PLAN_A1__vs__CURRENT_PLAN_A1,14,-0.03516540578669222,-18.14742402931899,0.35714285714285715,OBSERVED
DEV,SUPPLY_30M,5,CHANGE_IN_PLAN,HISTORY_LAGS_PLAN_A1__vs__CURRENT_PLAN_A1,42,-0.005207675559290564,-0.8131597952591287,0.4523809523809524,OBSERVED
DEV,SUPPLY_30M,5,NO_RECENT_OR_PLANNED_CHANGE,HISTORY_LAGS_PLAN_A1__vs__CURRENT_PLAN_A1,75,-0.05637578996510956,-28.74704860464586,0.29333333333333333,OBSERVED
DEV,SUPPLY_30M,5,MULTIPLE_CHANGES_IN_CONTEXT,HISTORY_LAGS_PLAN_A1__vs__CURRENT_PLAN_A1,42,-0.047219803436871634,-18.493962882630083,0.40476190476190477,OBSERVED
DEV,ZONE_60M,5,ALL,HISTORY_SUMMARY_PLAN_TUNED__vs__CURRENT_PLAN_TUNED,22,-0.017325555310182237,-57.93630789455756,0.22727272727272727,OBSERVED
DEV,ZONE_60M,5,RECENT_OR_PLANNED_CHANGE,HISTORY_SUMMARY_PLAN_TUNED__vs__CURRENT_PLAN_TUNED,20,-0.01668085256209674,-51.80597941722551,0.25,OBSERVED
DEV,ZONE_60M,5,RECENT_PAST_CHANGE,HISTORY_SUMMARY_PLAN_TUNED__vs__CURRENT_PLAN_TUNED,15,-0.017275687400726585,-49.19036320927879,0.26666666666666666,OBSERVED
DEV,ZONE_60M,5,CHANGE_IN_PLAN,HISTORY_SUMMARY_PLAN_TUNED__vs__CURRENT_PLAN_TUNED,16,-0.016587665988608315,-60.271340761641206,0.25,OBSERVED
DEV,ZONE_60M,5,NO_RECENT_OR_PLANNED_CHANGE,HISTORY_SUMMARY_PLAN_TUNED__vs__CURRENT_PLAN_TUNED,2,-0.023772582791037184,-341.44542761727763,0.0,OBSERVED
DEV,ZONE_60M,5,MULTIPLE_CHANGES_IN_CONTEXT,HISTORY_SUMMARY_PLAN_TUNED__vs__CURRENT_PLAN_TUNED,22,-0.017325555310182237,-57.93630789455756,0.22727272727272727,OBSERVED
DEV,ZONE_60M,5,ALL,HISTORY_LAGS_PLAN_TUNED__vs__CURRENT_PLAN_TUNED,22,-0.024713423515405473,-82.64119032742681,0.22727272727272727,OBSERVED
DEV,ZONE_60M,5,RECENT_OR_PLANNED_CHANGE,HISTORY_LAGS_PLAN_TUNED__vs__CURRENT_PLAN_TUNED,20,-0.02206229132431308,-68.51919624547833,0.25,OBSERVED
DEV,ZONE_60M,5,RECENT_PAST_CHANGE,HISTORY_LAGS_PLAN_TUNED__vs__CURRENT_PLAN_TUNED,15,-0.021322324481904943,-60.71265712337956,0.2,OBSERVED
DEV,ZONE_60M,5,CHANGE_IN_PLAN,HISTORY_LAGS_PLAN_TUNED__vs__CURRENT_PLAN_TUNED,16,-0.013175729153166078,-47.874056670717216,0.3125,OBSERVED
DEV,ZONE_60M,5,NO_RECENT_OR_PLANNED_CHANGE,HISTORY_LAGS_PLAN_TUNED__vs__CURRENT_PLAN_TUNED,2,-0.05122474542632935,-735.7406328299136,0.0,OBSERVED
DEV,ZONE_60M,5,MULTIPLE_CHANGES_IN_CONTEXT,HISTORY_LAGS_PLAN_TUNED__vs__CURRENT_PLAN_TUNED,22,-0.024713423515405473,-82.64119032742681,0.22727272727272727,OBSERVED
DEV,ZONE_60M,5,ALL,HISTORY_SUMMARY_PLAN_A1__vs__CURRENT_PLAN_A1,22,-0.0071808722961450985,-18.347241333622858,0.3181818181818182,OBSERVED
DEV,ZONE_60M,5,RECENT_OR_PLANNED_CHANGE,HISTORY_SUMMARY_PLAN_A1__vs__CURRENT_PLAN_A1,20,-0.005663034862673062,-13.665315294367625,0.35,OBSERVED
DEV,ZONE_60M,5,RECENT_PAST_CHANGE,HISTORY_SUMMARY_PLAN_A1__vs__CURRENT_PLAN_A1,15,-0.003150235500083593,-7.052146064944861,0.4,OBSERVED
DEV,ZONE_60M,5,CHANGE_IN_PLAN,HISTORY_SUMMARY_PLAN_A1__vs__CURRENT_PLAN_A1,16,-0.004704112899559594,-12.960052087505945,0.375,OBSERVED
DEV,ZONE_60M,5,NO_RECENT_OR_PLANNED_CHANGE,HISTORY_SUMMARY_PLAN_A1__vs__CURRENT_PLAN_A1,2,-0.022359246630865456,-138.73640589564258,0.0,OBSERVED
DEV,ZONE_60M,5,MULTIPLE_CHANGES_IN_CONTEXT,HISTORY_SUMMARY_PLAN_A1__vs__CURRENT_PLAN_A1,22,-0.0071808722961450985,-18.347241333622858,0.3181818181818182,OBSERVED
DEV,ZONE_60M,5,ALL,HISTORY_LAGS_PLAN_A1__vs__CURRENT_PLAN_A1,22,-0.024081045295313883,-61.527448390386965,0.13636363636363635,OBSERVED
DEV,ZONE_60M,5,RECENT_OR_PLANNED_CHANGE,HISTORY_LAGS_PLAN_A1__vs__CURRENT_PLAN_A1,20,-0.023831496514704516,-57.50713560967559,0.15,OBSERVED
DEV,ZONE_60M,5,RECENT_PAST_CHANGE,HISTORY_LAGS_PLAN_A1__vs__CURRENT_PLAN_A1,15,-0.021682375541886734,-48.53836462458624,0.13333333333333333,OBSERVED
DEV,ZONE_60M,5,CHANGE_IN_PLAN,HISTORY_LAGS_PLAN_A1__vs__CURRENT_PLAN_A1,16,-0.021454383318785315,-59.10783419819872,0.1875,OBSERVED
DEV,ZONE_60M,5,NO_RECENT_OR_PLANNED_CHANGE,HISTORY_LAGS_PLAN_A1__vs__CURRENT_PLAN_A1,2,-0.026576533101407538,-164.9041555168507,0.0,OBSERVED
DEV,ZONE_60M,5,MULTIPLE_CHANGES_IN_CONTEXT,HISTORY_LAGS_PLAN_A1__vs__CURRENT_PLAN_A1,22,-0.024081045295313883,-61.527448390386965,0.13636363636363635,OBSERVED
DEV,ZONE_120M,5,ALL,HISTORY_SUMMARY_PLAN_TUNED__vs__CURRENT_PLAN_TUNED,20,-0.05071469997427584,-59.36176348285275,0.15,OBSERVED
DEV,ZONE_120M,5,RECENT_OR_PLANNED_CHANGE,HISTORY_SUMMARY_PLAN_TUNED__vs__CURRENT_PLAN_TUNED,20,-0.05071469997427584,-59.36176348285275,0.15,OBSERVED
DEV,ZONE_120M,5,RECENT_PAST_CHANGE,HISTORY_SUMMARY_PLAN_TUNED__vs__CURRENT_PLAN_TUNED,13,-0.05761418079381961,-57.37530674157386,0.07692307692307693,OBSERVED
DEV,ZONE_120M,5,CHANGE_IN_PLAN,HISTORY_SUMMARY_PLAN_TUNED__vs__CURRENT_PLAN_TUNED,18,-0.049659738524317695,-55.499025825952295,0.16666666666666666,OBSERVED
DEV,ZONE_120M,5,NO_RECENT_OR_PLANNED_CHANGE,HISTORY_SUMMARY_PLAN_TUNED__vs__CURRENT_PLAN_TUNED,0,,,,NO_PANEL_SUPPORT
DEV,ZONE_120M,5,MULTIPLE_CHANGES_IN_CONTEXT,HISTORY_SUMMARY_PLAN_TUNED__vs__CURRENT_PLAN_TUNED,20,-0.05071469997427584,-59.36176348285275,0.15,OBSERVED
DEV,ZONE_120M,5,ALL,HISTORY_LAGS_PLAN_TUNED__vs__CURRENT_PLAN_TUNED,20,-0.09692711761313445,-113.45358710086101,0.15,OBSERVED
DEV,ZONE_120M,5,RECENT_OR_PLANNED_CHANGE,HISTORY_LAGS_PLAN_TUNED__vs__CURRENT_PLAN_TUNED,20,-0.09692711761313445,-113.45358710086101,0.15,OBSERVED
DEV,ZONE_120M,5,RECENT_PAST_CHANGE,HISTORY_LAGS_PLAN_TUNED__vs__CURRENT_PLAN_TUNED,13,-0.10384747496785088,-103.41691313707813,0.15384615384615385,OBSERVED
DEV,ZONE_120M,5,CHANGE_IN_PLAN,HISTORY_LAGS_PLAN_TUNED__vs__CURRENT_PLAN_TUNED,18,-0.08178046992090665,-91.39670379006036,0.16666666666666666,OBSERVED
DEV,ZONE_120M,5,NO_RECENT_OR_PLANNED_CHANGE,HISTORY_LAGS_PLAN_TUNED__vs__CURRENT_PLAN_TUNED,0,,,,NO_PANEL_SUPPORT
DEV,ZONE_120M,5,MULTIPLE_CHANGES_IN_CONTEXT,HISTORY_LAGS_PLAN_TUNED__vs__CURRENT_PLAN_TUNED,20,-0.09692711761313445,-113.45358710086101,0.15,OBSERVED
DEV,ZONE_120M,5,ALL,HISTORY_SUMMARY_PLAN_A1__vs__CURRENT_PLAN_A1,20,-0.044632561242704705,-52.24259525280193,0.1,OBSERVED
DEV,ZONE_120M,5,RECENT_OR_PLANNED_CHANGE,HISTORY_SUMMARY_PLAN_A1__vs__CURRENT_PLAN_A1,20,-0.044632561242704705,-52.24259525280193,0.1,OBSERVED
DEV,ZONE_120M,5,RECENT_PAST_CHANGE,HISTORY_SUMMARY_PLAN_A1__vs__CURRENT_PLAN_A1,13,-0.04618010578691941,-45.98863853266936,0.15384615384615385,OBSERVED
DEV,ZONE_120M,5,CHANGE_IN_PLAN,HISTORY_SUMMARY_PLAN_A1__vs__CURRENT_PLAN_A1,18,-0.043510633637704826,-48.62687262801506,0.1111111111111111,OBSERVED
DEV,ZONE_120M,5,NO_RECENT_OR_PLANNED_CHANGE,HISTORY_SUMMARY_PLAN_A1__vs__CURRENT_PLAN_A1,0,,,,NO_PANEL_SUPPORT
DEV,ZONE_120M,5,MULTIPLE_CHANGES_IN_CONTEXT,HISTORY_SUMMARY_PLAN_A1__vs__CURRENT_PLAN_A1,20,-0.044632561242704705,-52.24259525280193,0.1,OBSERVED
DEV,ZONE_120M,5,ALL,HISTORY_LAGS_PLAN_A1__vs__CURRENT_PLAN_A1,20,-0.10775877760467885,-126.13208936688805,0.15,OBSERVED
DEV,ZONE_120M,5,RECENT_OR_PLANNED_CHANGE,HISTORY_LAGS_PLAN_A1__vs__CURRENT_PLAN_A1,20,-0.10775877760467885,-126.13208936688805,0.15,OBSERVED
DEV,ZONE_120M,5,RECENT_PAST_CHANGE,HISTORY_LAGS_PLAN_A1__vs__CURRENT_PLAN_A1,13,-0.11451007772478525,-114.0353076957366,0.15384615384615385,OBSERVED
DEV,ZONE_120M,5,CHANGE_IN_PLAN,HISTORY_LAGS_PLAN_A1__vs__CURRENT_PLAN_A1,18,-0.09978085951829953,-111.51368621544529,0.16666666666666666,OBSERVED
DEV,ZONE_120M,5,NO_RECENT_OR_PLANNED_CHANGE,HISTORY_LAGS_PLAN_A1__vs__CURRENT_PLAN_A1,0,,,,NO_PANEL_SUPPORT
DEV,ZONE_120M,5,MULTIPLE_CHANGES_IN_CONTEXT,HISTORY_LAGS_PLAN_A1__vs__CURRENT_PLAN_A1,20,-0.10775877760467885,-126.13208936688805,0.15,OBSERVED
DEV,ZONE_360M,5,ALL,HISTORY_SUMMARY_PLAN_TUNED__vs__CURRENT_PLAN_TUNED,12,-0.024580945810630014,-7.534322834041121,0.5,OBSERVED
DEV,ZONE_360M,5,RECENT_OR_PLANNED_CHANGE,HISTORY_SUMMARY_PLAN_TUNED__vs__CURRENT_PLAN_TUNED,12,-0.024580945810630014,-7.534322834041121,0.5,OBSERVED
DEV,ZONE_360M,5,RECENT_PAST_CHANGE,HISTORY_SUMMARY_PLAN_TUNED__vs__CURRENT_PLAN_TUNED,9,-0.012546527592539665,-3.5159896801107373,0.5555555555555556,OBSERVED
DEV,ZONE_360M,5,CHANGE_IN_PLAN,HISTORY_SUMMARY_PLAN_TUNED__vs__CURRENT_PLAN_TUNED,12,-0.024580945810630014,-7.534322834041121,0.5,OBSERVED
DEV,ZONE_360M,5,NO_RECENT_OR_PLANNED_CHANGE,HISTORY_SUMMARY_PLAN_TUNED__vs__CURRENT_PLAN_TUNED,0,,,,NO_PANEL_SUPPORT
DEV,ZONE_360M,5,MULTIPLE_CHANGES_IN_CONTEXT,HISTORY_SUMMARY_PLAN_TUNED__vs__CURRENT_PLAN_TUNED,12,-0.024580945810630014,-7.534322834041121,0.5,OBSERVED
DEV,ZONE_360M,5,ALL,HISTORY_LAGS_PLAN_TUNED__vs__CURRENT_PLAN_TUNED,12,-0.35633345632796826,-109.22001607373447,0.3333333333333333,OBSERVED
DEV,ZONE_360M,5,RECENT_OR_PLANNED_CHANGE,HISTORY_LAGS_PLAN_TUNED__vs__CURRENT_PLAN_TUNED,12,-0.35633345632796826,-109.22001607373447,0.3333333333333333,OBSERVED
DEV,ZONE_360M,5,RECENT_PAST_CHANGE,HISTORY_LAGS_PLAN_TUNED__vs__CURRENT_PLAN_TUNED,9,-0.4816141593072751,-134.96566292385765,0.1111111111111111,OBSERVED
DEV,ZONE_360M,5,CHANGE_IN_PLAN,HISTORY_LAGS_PLAN_TUNED__vs__CURRENT_PLAN_TUNED,12,-0.35633345632796826,-109.22001607373447,0.3333333333333333,OBSERVED
DEV,ZONE_360M,5,NO_RECENT_OR_PLANNED_CHANGE,HISTORY_LAGS_PLAN_TUNED__vs__CURRENT_PLAN_TUNED,0,,,,NO_PANEL_SUPPORT
DEV,ZONE_360M,5,MULTIPLE_CHANGES_IN_CONTEXT,HISTORY_LAGS_PLAN_TUNED__vs__CURRENT_PLAN_TUNED,12,-0.35633345632796826,-109.22001607373447,0.3333333333333333,OBSERVED
DEV,ZONE_360M,5,ALL,HISTORY_SUMMARY_PLAN_A1__vs__CURRENT_PLAN_A1,12,-0.024580945810630014,-7.534322834041121,0.5,OBSERVED
DEV,ZONE_360M,5,RECENT_OR_PLANNED_CHANGE,HISTORY_SUMMARY_PLAN_A1__vs__CURRENT_PLAN_A1,12,-0.024580945810630014,-7.534322834041121,0.5,OBSERVED
DEV,ZONE_360M,5,RECENT_PAST_CHANGE,HISTORY_SUMMARY_PLAN_A1__vs__CURRENT_PLAN_A1,9,-0.012546527592539665,-3.5159896801107373,0.5555555555555556,OBSERVED
DEV,ZONE_360M,5,CHANGE_IN_PLAN,HISTORY_SUMMARY_PLAN_A1__vs__CURRENT_PLAN_A1,12,-0.024580945810630014,-7.534322834041121,0.5,OBSERVED
DEV,ZONE_360M,5,NO_RECENT_OR_PLANNED_CHANGE,HISTORY_SUMMARY_PLAN_A1__vs__CURRENT_PLAN_A1,0,,,,NO_PANEL_SUPPORT
DEV,ZONE_360M,5,MULTIPLE_CHANGES_IN_CONTEXT,HISTORY_SUMMARY_PLAN_A1__vs__CURRENT_PLAN_A1,12,-0.024580945810630014,-7.534322834041121,0.5,OBSERVED
DEV,ZONE_360M,5,ALL,HISTORY_LAGS_PLAN_A1__vs__CURRENT_PLAN_A1,12,-0.34523106762052863,-105.81701517233348,0.3333333333333333,OBSERVED
DEV,ZONE_360M,5,RECENT_OR_PLANNED_CHANGE,HISTORY_LAGS_PLAN_A1__vs__CURRENT_PLAN_A1,12,-0.34523106762052863,-105.81701517233348,0.3333333333333333,OBSERVED
DEV,ZONE_360M,5,RECENT_PAST_CHANGE,HISTORY_LAGS_PLAN_A1__vs__CURRENT_PLAN_A1,9,-0.4717641836375599,-132.2053443776606,0.1111111111111111,OBSERVED
DEV,ZONE_360M,5,CHANGE_IN_PLAN,HISTORY_LAGS_PLAN_A1__vs__CURRENT_PLAN_A1,12,-0.34523106762052863,-105.81701517233348,0.3333333333333333,OBSERVED
DEV,ZONE_360M,5,NO_RECENT_OR_PLANNED_CHANGE,HISTORY_LAGS_PLAN_A1__vs__CURRENT_PLAN_A1,0,,,,NO_PANEL_SUPPORT
DEV,ZONE_360M,5,MULTIPLE_CHANGES_IN_CONTEXT,HISTORY_LAGS_PLAN_A1__vs__CURRENT_PLAN_A1,12,-0.34523106762052863,-105.81701517233348,0.3333333333333333,OBSERVED
DEV,SUPPLY_15M,6,ALL,HISTORY_SUMMARY_PLAN_TUNED__vs__CURRENT_PLAN_TUNED,130,-0.011649272513448609,-5.390569583835607,0.4307692307692308,OBSERVED
DEV,SUPPLY_15M,6,RECENT_OR_PLANNED_CHANGE,HISTORY_SUMMARY_PLAN_TUNED__vs__CURRENT_PLAN_TUNED,51,-0.005572066505609755,-1.362152195417265,0.47058823529411764,OBSERVED
DEV,SUPPLY_15M,6,RECENT_PAST_CHANGE,HISTORY_SUMMARY_PLAN_TUNED__vs__CURRENT_PLAN_TUNED,17,-0.02933620767605723,-64.22900892844197,0.23529411764705882,OBSERVED
DEV,SUPPLY_15M,6,CHANGE_IN_PLAN,HISTORY_SUMMARY_PLAN_TUNED__vs__CURRENT_PLAN_TUNED,34,0.006310004079613983,1.0681200415698844,0.5882352941176471,OBSERVED
DEV,SUPPLY_15M,6,NO_RECENT_OR_PLANNED_CHANGE,HISTORY_SUMMARY_PLAN_TUNED__vs__CURRENT_PLAN_TUNED,79,-0.01557253208812939,-17.012401715491002,0.4050632911392405,OBSERVED
DEV,SUPPLY_15M,6,MULTIPLE_CHANGES_IN_CONTEXT,HISTORY_SUMMARY_PLAN_TUNED__vs__CURRENT_PLAN_TUNED,55,-0.007161289632588215,-3.2647783186613086,0.43636363636363634,OBSERVED
DEV,SUPPLY_15M,6,ALL,HISTORY_LAGS_PLAN_TUNED__vs__CURRENT_PLAN_TUNED,130,-0.0029505911697987326,-1.3653528145975529,0.45384615384615384,OBSERVED
DEV,SUPPLY_15M,6,RECENT_OR_PLANNED_CHANGE,HISTORY_LAGS_PLAN_TUNED__vs__CURRENT_PLAN_TUNED,51,0.023793607267758806,5.816605803976696,0.5294117647058824,OBSERVED
DEV,SUPPLY_15M,6,RECENT_PAST_CHANGE,HISTORY_LAGS_PLAN_TUNED__vs__CURRENT_PLAN_TUNED,17,-0.026180755730232295,-57.320428465703095,0.17647058823529413,OBSERVED
DEV,SUPPLY_15M,6,CHANGE_IN_PLAN,HISTORY_LAGS_PLAN_TUNED__vs__CURRENT_PLAN_TUNED,34,0.04878078876675436,8.25732241500308,0.7058823529411765,OBSERVED
DEV,SUPPLY_15M,6,NO_RECENT_OR_PLANNED_CHANGE,HISTORY_LAGS_PLAN_TUNED__vs__CURRENT_PLAN_TUNED,79,-0.020215833199108028,-22.085032379464366,0.4050632911392405,OBSERVED
DEV,SUPPLY_15M,6,MULTIPLE_CHANGES_IN_CONTEXT,HISTORY_LAGS_PLAN_TUNED__vs__CURRENT_PLAN_TUNED,55,0.015588077503275084,7.106487807826798,0.5636363636363636,OBSERVED
DEV,SUPPLY_15M,6,ALL,HISTORY_SUMMARY_PLAN_A1__vs__CURRENT_PLAN_A1,130,-0.010208599643437557,-4.530893920284625,0.5230769230769231,OBSERVED
DEV,SUPPLY_15M,6,RECENT_OR_PLANNED_CHANGE,HISTORY_SUMMARY_PLAN_A1__vs__CURRENT_PLAN_A1,51,-0.004295710961180166,-1.0243205751385251,0.5686274509803921,OBSERVED
DEV,SUPPLY_15M,6,RECENT_PAST_CHANGE,HISTORY_SUMMARY_PLAN_A1__vs__CURRENT_PLAN_A1,17,-0.0317776592972623,-44.6630134585619,0.5294117647058824,OBSERVED
DEV,SUPPLY_15M,6,CHANGE_IN_PLAN,HISTORY_SUMMARY_PLAN_A1__vs__CURRENT_PLAN_A1,34,0.009445263206860899,1.5914976867853632,0.5882352941176471,OBSERVED
DEV,SUPPLY_15M,6,NO_RECENT_OR_PLANNED_CHANGE,HISTORY_SUMMARY_PLAN_A1__vs__CURRENT_PLAN_A1,79,-0.014025780944641696,-14.021408328780364,0.4936708860759494,OBSERVED
DEV,SUPPLY_15M,6,MULTIPLE_CHANGES_IN_CONTEXT,HISTORY_SUMMARY_PLAN_A1__vs__CURRENT_PLAN_A1,55,-0.007102578234689857,-3.184806472553927,0.5818181818181818,OBSERVED
DEV,SUPPLY_15M,6,ALL,HISTORY_LAGS_PLAN_A1__vs__CURRENT_PLAN_A1,130,-0.0008786457321785662,-0.3899702941696863,0.49230769230769234,OBSERVED
DEV,SUPPLY_15M,6,RECENT_OR_PLANNED_CHANGE,HISTORY_LAGS_PLAN_A1__vs__CURRENT_PLAN_A1,51,0.01766779168039827,4.21291904856682,0.5294117647058824,OBSERVED
DEV,SUPPLY_15M,6,RECENT_PAST_CHANGE,HISTORY_LAGS_PLAN_A1__vs__CURRENT_PLAN_A1,17,-0.023590312556861115,-33.155823006433344,0.29411764705882354,OBSERVED
DEV,SUPPLY_15M,6,CHANGE_IN_PLAN,HISTORY_LAGS_PLAN_A1__vs__CURRENT_PLAN_A1,34,0.038296843799027966,6.452899933276682,0.6470588235294118,OBSERVED
DEV,SUPPLY_15M,6,NO_RECENT_OR_PLANNED_CHANGE,HISTORY_LAGS_PLAN_A1__vs__CURRENT_PLAN_A1,79,-0.012851662289664879,-12.847655711878295,0.46835443037974683,OBSERVED
DEV,SUPPLY_15M,6,MULTIPLE_CHANGES_IN_CONTEXT,HISTORY_LAGS_PLAN_A1__vs__CURRENT_PLAN_A1,55,0.0032741186238479628,1.4681195814516328,0.4909090909090909,OBSERVED
DEV,SUPPLY_30M,6,ALL,HISTORY_SUMMARY_PLAN_TUNED__vs__CURRENT_PLAN_TUNED,129,0.0003172002542180164,0.09572781591334156,0.5348837209302325,OBSERVED
DEV,SUPPLY_30M,6,RECENT_OR_PLANNED_CHANGE,HISTORY_SUMMARY_PLAN_TUNED__vs__CURRENT_PLAN_TUNED,62,0.011908408736241046,2.276857172180407,0.5806451612903226,OBSERVED
DEV,SUPPLY_30M,6,RECENT_PAST_CHANGE,HISTORY_SUMMARY_PLAN_TUNED__vs__CURRENT_PLAN_TUNED,16,0.0037422317754709604,1.5584004678691896,0.625,OBSERVED
DEV,SUPPLY_30M,6,CHANGE_IN_PLAN,HISTORY_SUMMARY_PLAN_TUNED__vs__CURRENT_PLAN_TUNED,51,0.018815795630157343,3.0564021361441345,0.5882352941176471,OBSERVED
DEV,SUPPLY_30M,6,NO_RECENT_OR_PLANNED_CHANGE,HISTORY_SUMMARY_PLAN_TUNED__vs__CURRENT_PLAN_TUNED,67,-0.010408992669445085,-6.759241300630223,0.4925373134328358,OBSERVED
DEV,SUPPLY_30M,6,MULTIPLE_CHANGES_IN_CONTEXT,HISTORY_SUMMARY_PLAN_TUNED__vs__CURRENT_PLAN_TUNED,54,0.018138090145694105,5.654692909363864,0.5740740740740741,OBSERVED
DEV,SUPPLY_30M,6,ALL,HISTORY_LAGS_PLAN_TUNED__vs__CURRENT_PLAN_TUNED,129,0.00138986082845856,0.4194458855647679,0.4883720930232558,OBSERVED
DEV,SUPPLY_30M,6,RECENT_OR_PLANNED_CHANGE,HISTORY_LAGS_PLAN_TUNED__vs__CURRENT_PLAN_TUNED,62,0.02981872893091043,5.7012644036164986,0.5645161290322581,OBSERVED
DEV,SUPPLY_30M,6,RECENT_PAST_CHANGE,HISTORY_LAGS_PLAN_TUNED__vs__CURRENT_PLAN_TUNED,16,-0.00385891580784049,-1.6069919131744856,0.4375,OBSERVED
DEV,SUPPLY_30M,6,CHANGE_IN_PLAN,HISTORY_LAGS_PLAN_TUNED__vs__CURRENT_PLAN_TUNED,51,0.046141719448214845,7.495173345784682,0.6274509803921569,OBSERVED
DEV,SUPPLY_30M,6,NO_RECENT_OR_PLANNED_CHANGE,HISTORY_LAGS_PLAN_TUNED__vs__CURRENT_PLAN_TUNED,67,-0.024917449952914818,-16.180533715094572,0.417910447761194,OBSERVED
DEV,SUPPLY_30M,6,MULTIPLE_CHANGES_IN_CONTEXT,HISTORY_LAGS_PLAN_TUNED__vs__CURRENT_PLAN_TUNED,54,0.037705390681971235,11.754953449977897,0.5555555555555556,OBSERVED
DEV,SUPPLY_30M,6,ALL,HISTORY_SUMMARY_PLAN_A1__vs__CURRENT_PLAN_A1,129,-0.006641109936588931,-1.9903067526829394,0.5503875968992248,OBSERVED
DEV,SUPPLY_30M,6,RECENT_OR_PLANNED_CHANGE,HISTORY_SUMMARY_PLAN_A1__vs__CURRENT_PLAN_A1,62,0.0002649647941799742,0.050580445141613,0.5483870967741935,OBSERVED
DEV,SUPPLY_30M,6,RECENT_PAST_CHANGE,HISTORY_SUMMARY_PLAN_A1__vs__CURRENT_PLAN_A1,16,-0.03469483235640017,-14.771765918267006,0.625,OBSERVED
DEV,SUPPLY_30M,6,CHANGE_IN_PLAN,HISTORY_SUMMARY_PLAN_A1__vs__CURRENT_PLAN_A1,51,0.008278444273431154,1.3425997020254525,0.5490196078431373,OBSERVED
DEV,SUPPLY_30M,6,NO_RECENT_OR_PLANNED_CHANGE,HISTORY_SUMMARY_PLAN_A1__vs__CURRENT_PLAN_A1,67,-0.013031805956106418,-8.26423021585439,0.5522388059701493,OBSERVED
DEV,SUPPLY_30M,6,MULTIPLE_CHANGES_IN_CONTEXT,HISTORY_SUMMARY_PLAN_A1__vs__CURRENT_PLAN_A1,54,0.008689951977291645,2.671084285002474,0.6296296296296297,OBSERVED
DEV,SUPPLY_30M,6,ALL,HISTORY_LAGS_PLAN_A1__vs__CURRENT_PLAN_A1,129,-0.000680129975785565,-0.20383148245297344,0.4883720930232558,OBSERVED
DEV,SUPPLY_30M,6,RECENT_OR_PLANNED_CHANGE,HISTORY_LAGS_PLAN_A1__vs__CURRENT_PLAN_A1,62,0.024169698203910236,4.61387369546856,0.5645161290322581,OBSERVED
DEV,SUPPLY_30M,6,RECENT_PAST_CHANGE,HISTORY_LAGS_PLAN_A1__vs__CURRENT_PLAN_A1,16,-0.013386901383845004,-5.699643439164922,0.4375,OBSERVED
DEV,SUPPLY_30M,6,CHANGE_IN_PLAN,HISTORY_LAGS_PLAN_A1__vs__CURRENT_PLAN_A1,51,0.0329786241497203,5.348479677362424,0.6274509803921569,OBSERVED
DEV,SUPPLY_30M,6,NO_RECENT_OR_PLANNED_CHANGE,HISTORY_LAGS_PLAN_A1__vs__CURRENT_PLAN_A1,67,-0.023675493365951834,-15.014014811851723,0.417910447761194,OBSERVED
DEV,SUPPLY_30M,6,MULTIPLE_CHANGES_IN_CONTEXT,HISTORY_LAGS_PLAN_A1__vs__CURRENT_PLAN_A1,54,0.02864876312996864,8.805947510548517,0.5370370370370371,OBSERVED
DEV,ZONE_60M,6,ALL,HISTORY_SUMMARY_PLAN_TUNED__vs__CURRENT_PLAN_TUNED,22,-0.0169651107624603,-89.38465352514919,0.22727272727272727,OBSERVED
DEV,ZONE_60M,6,RECENT_OR_PLANNED_CHANGE,HISTORY_SUMMARY_PLAN_TUNED__vs__CURRENT_PLAN_TUNED,22,-0.0169651107624603,-89.38465352514919,0.22727272727272727,OBSERVED
DEV,ZONE_60M,6,RECENT_PAST_CHANGE,HISTORY_SUMMARY_PLAN_TUNED__vs__CURRENT_PLAN_TUNED,14,-0.02588632134306342,-184.0708567256846,0.07142857142857142,OBSERVED
DEV,ZONE_60M,6,CHANGE_IN_PLAN,HISTORY_SUMMARY_PLAN_TUNED__vs__CURRENT_PLAN_TUNED,15,-0.011967515257217084,-53.4432179180374,0.26666666666666666,OBSERVED
DEV,ZONE_60M,6,NO_RECENT_OR_PLANNED_CHANGE,HISTORY_SUMMARY_PLAN_TUNED__vs__CURRENT_PLAN_TUNED,0,,,,NO_PANEL_SUPPORT
DEV,ZONE_60M,6,MULTIPLE_CHANGES_IN_CONTEXT,HISTORY_SUMMARY_PLAN_TUNED__vs__CURRENT_PLAN_TUNED,22,-0.0169651107624603,-89.38465352514919,0.22727272727272727,OBSERVED
DEV,ZONE_60M,6,ALL,HISTORY_LAGS_PLAN_TUNED__vs__CURRENT_PLAN_TUNED,22,-0.0336132970131417,-177.09951614379474,0.22727272727272727,OBSERVED
DEV,ZONE_60M,6,RECENT_OR_PLANNED_CHANGE,HISTORY_LAGS_PLAN_TUNED__vs__CURRENT_PLAN_TUNED,22,-0.0336132970131417,-177.09951614379474,0.22727272727272727,OBSERVED
DEV,ZONE_60M,6,RECENT_PAST_CHANGE,HISTORY_LAGS_PLAN_TUNED__vs__CURRENT_PLAN_TUNED,14,-0.03491677015511723,-248.28401499653356,0.21428571428571427,OBSERVED
DEV,ZONE_60M,6,CHANGE_IN_PLAN,HISTORY_LAGS_PLAN_TUNED__vs__CURRENT_PLAN_TUNED,15,-0.026096512576056184,-116.53894551435,0.26666666666666666,OBSERVED
DEV,ZONE_60M,6,NO_RECENT_OR_PLANNED_CHANGE,HISTORY_LAGS_PLAN_TUNED__vs__CURRENT_PLAN_TUNED,0,,,,NO_PANEL_SUPPORT
DEV,ZONE_60M,6,MULTIPLE_CHANGES_IN_CONTEXT,HISTORY_LAGS_PLAN_TUNED__vs__CURRENT_PLAN_TUNED,22,-0.0336132970131417,-177.09951614379474,0.22727272727272727,OBSERVED
DEV,ZONE_60M,6,ALL,HISTORY_SUMMARY_PLAN_A1__vs__CURRENT_PLAN_A1,22,-0.01720620750949177,-72.70799349495555,0.2727272727272727,OBSERVED
DEV,ZONE_60M,6,RECENT_OR_PLANNED_CHANGE,HISTORY_SUMMARY_PLAN_A1__vs__CURRENT_PLAN_A1,22,-0.01720620750949177,-72.70799349495555,0.2727272727272727,OBSERVED
DEV,ZONE_60M,6,RECENT_PAST_CHANGE,HISTORY_SUMMARY_PLAN_A1__vs__CURRENT_PLAN_A1,14,-0.025277556346664266,-132.68243684962937,0.14285714285714285,OBSERVED
DEV,ZONE_60M,6,CHANGE_IN_PLAN,HISTORY_SUMMARY_PLAN_A1__vs__CURRENT_PLAN_A1,15,-0.016018050895650362,-63.80029648598659,0.3333333333333333,OBSERVED
DEV,ZONE_60M,6,NO_RECENT_OR_PLANNED_CHANGE,HISTORY_SUMMARY_PLAN_A1__vs__CURRENT_PLAN_A1,0,,,,NO_PANEL_SUPPORT
DEV,ZONE_60M,6,MULTIPLE_CHANGES_IN_CONTEXT,HISTORY_SUMMARY_PLAN_A1__vs__CURRENT_PLAN_A1,22,-0.01720620750949177,-72.70799349495555,0.2727272727272727,OBSERVED
DEV,ZONE_60M,6,ALL,HISTORY_LAGS_PLAN_A1__vs__CURRENT_PLAN_A1,22,-0.032099441001656806,-135.64208999878034,0.22727272727272727,OBSERVED
DEV,ZONE_60M,6,RECENT_OR_PLANNED_CHANGE,HISTORY_LAGS_PLAN_A1__vs__CURRENT_PLAN_A1,22,-0.032099441001656806,-135.64208999878034,0.22727272727272727,OBSERVED
DEV,ZONE_60M,6,RECENT_PAST_CHANGE,HISTORY_LAGS_PLAN_A1__vs__CURRENT_PLAN_A1,14,-0.03652666144083703,-191.72923139744913,0.14285714285714285,OBSERVED
DEV,ZONE_60M,6,CHANGE_IN_PLAN,HISTORY_LAGS_PLAN_A1__vs__CURRENT_PLAN_A1,15,-0.02791647771146017,-111.1920274469374,0.26666666666666666,OBSERVED
DEV,ZONE_60M,6,NO_RECENT_OR_PLANNED_CHANGE,HISTORY_LAGS_PLAN_A1__vs__CURRENT_PLAN_A1,0,,,,NO_PANEL_SUPPORT
DEV,ZONE_60M,6,MULTIPLE_CHANGES_IN_CONTEXT,HISTORY_LAGS_PLAN_A1__vs__CURRENT_PLAN_A1,22,-0.032099441001656806,-135.64208999878034,0.22727272727272727,OBSERVED
DEV,ZONE_120M,6,ALL,HISTORY_SUMMARY_PLAN_TUNED__vs__CURRENT_PLAN_TUNED,20,-0.04140162112437598,-69.92762030876172,0.2,OBSERVED
DEV,ZONE_120M,6,RECENT_OR_PLANNED_CHANGE,HISTORY_SUMMARY_PLAN_TUNED__vs__CURRENT_PLAN_TUNED,20,-0.04140162112437598,-69.92762030876172,0.2,OBSERVED
DEV,ZONE_120M,6,RECENT_PAST_CHANGE,HISTORY_SUMMARY_PLAN_TUNED__vs__CURRENT_PLAN_TUNED,13,-0.06854907151342086,-143.66152709203516,0.07692307692307693,OBSERVED
DEV,ZONE_120M,6,CHANGE_IN_PLAN,HISTORY_SUMMARY_PLAN_TUNED__vs__CURRENT_PLAN_TUNED,20,-0.04140162112437598,-69.92762030876172,0.2,OBSERVED
DEV,ZONE_120M,6,NO_RECENT_OR_PLANNED_CHANGE,HISTORY_SUMMARY_PLAN_TUNED__vs__CURRENT_PLAN_TUNED,0,,,,NO_PANEL_SUPPORT
DEV,ZONE_120M,6,MULTIPLE_CHANGES_IN_CONTEXT,HISTORY_SUMMARY_PLAN_TUNED__vs__CURRENT_PLAN_TUNED,20,-0.04140162112437598,-69.92762030876172,0.2,OBSERVED
DEV,ZONE_120M,6,ALL,HISTORY_LAGS_PLAN_TUNED__vs__CURRENT_PLAN_TUNED,20,-0.15673657685555017,-264.7291467627322,0.25,OBSERVED
DEV,ZONE_120M,6,RECENT_OR_PLANNED_CHANGE,HISTORY_LAGS_PLAN_TUNED__vs__CURRENT_PLAN_TUNED,20,-0.15673657685555017,-264.7291467627322,0.25,OBSERVED
DEV,ZONE_120M,6,RECENT_PAST_CHANGE,HISTORY_LAGS_PLAN_TUNED__vs__CURRENT_PLAN_TUNED,13,-0.15458020446329135,-323.9610361031313,0.15384615384615385,OBSERVED
DEV,ZONE_120M,6,CHANGE_IN_PLAN,HISTORY_LAGS_PLAN_TUNED__vs__CURRENT_PLAN_TUNED,20,-0.15673657685555017,-264.7291467627322,0.25,OBSERVED
DEV,ZONE_120M,6,NO_RECENT_OR_PLANNED_CHANGE,HISTORY_LAGS_PLAN_TUNED__vs__CURRENT_PLAN_TUNED,0,,,,NO_PANEL_SUPPORT
DEV,ZONE_120M,6,MULTIPLE_CHANGES_IN_CONTEXT,HISTORY_LAGS_PLAN_TUNED__vs__CURRENT_PLAN_TUNED,20,-0.15673657685555017,-264.7291467627322,0.25,OBSERVED
DEV,ZONE_120M,6,ALL,HISTORY_SUMMARY_PLAN_A1__vs__CURRENT_PLAN_A1,20,-0.038107861787830065,-64.36443833618883,0.25,OBSERVED
DEV,ZONE_120M,6,RECENT_OR_PLANNED_CHANGE,HISTORY_SUMMARY_PLAN_A1__vs__CURRENT_PLAN_A1,20,-0.038107861787830065,-64.36443833618883,0.25,OBSERVED
DEV,ZONE_120M,6,RECENT_PAST_CHANGE,HISTORY_SUMMARY_PLAN_A1__vs__CURRENT_PLAN_A1,13,-0.06019301162000472,-126.14933767418661,0.15384615384615385,OBSERVED
DEV,ZONE_120M,6,CHANGE_IN_PLAN,HISTORY_SUMMARY_PLAN_A1__vs__CURRENT_PLAN_A1,20,-0.038107861787830065,-64.36443833618883,0.25,OBSERVED
DEV,ZONE_120M,6,NO_RECENT_OR_PLANNED_CHANGE,HISTORY_SUMMARY_PLAN_A1__vs__CURRENT_PLAN_A1,0,,,,NO_PANEL_SUPPORT
DEV,ZONE_120M,6,MULTIPLE_CHANGES_IN_CONTEXT,HISTORY_SUMMARY_PLAN_A1__vs__CURRENT_PLAN_A1,20,-0.038107861787830065,-64.36443833618883,0.25,OBSERVED
DEV,ZONE_120M,6,ALL,HISTORY_LAGS_PLAN_A1__vs__CURRENT_PLAN_A1,20,-0.1590614351365615,-268.6558482476295,0.2,OBSERVED
DEV,ZONE_120M,6,RECENT_OR_PLANNED_CHANGE,HISTORY_LAGS_PLAN_A1__vs__CURRENT_PLAN_A1,20,-0.1590614351365615,-268.6558482476295,0.2,OBSERVED
DEV,ZONE_120M,6,RECENT_PAST_CHANGE,HISTORY_LAGS_PLAN_A1__vs__CURRENT_PLAN_A1,13,-0.16348287196415556,-342.6187769029666,0.15384615384615385,OBSERVED
DEV,ZONE_120M,6,CHANGE_IN_PLAN,HISTORY_LAGS_PLAN_A1__vs__CURRENT_PLAN_A1,20,-0.1590614351365615,-268.6558482476295,0.2,OBSERVED
DEV,ZONE_120M,6,NO_RECENT_OR_PLANNED_CHANGE,HISTORY_LAGS_PLAN_A1__vs__CURRENT_PLAN_A1,0,,,,NO_PANEL_SUPPORT
DEV,ZONE_120M,6,MULTIPLE_CHANGES_IN_CONTEXT,HISTORY_LAGS_PLAN_A1__vs__CURRENT_PLAN_A1,20,-0.1590614351365615,-268.6558482476295,0.2,OBSERVED
DEV,ZONE_360M,6,ALL,HISTORY_SUMMARY_PLAN_TUNED__vs__CURRENT_PLAN_TUNED,12,-0.3874148041605783,-117.07859982469216,0.0,OBSERVED
DEV,ZONE_360M,6,RECENT_OR_PLANNED_CHANGE,HISTORY_SUMMARY_PLAN_TUNED__vs__CURRENT_PLAN_TUNED,12,-0.3874148041605783,-117.07859982469216,0.0,OBSERVED
DEV,ZONE_360M,6,RECENT_PAST_CHANGE,HISTORY_SUMMARY_PLAN_TUNED__vs__CURRENT_PLAN_TUNED,8,-0.444327336699059,-157.02309438837037,0.0,OBSERVED
DEV,ZONE_360M,6,CHANGE_IN_PLAN,HISTORY_SUMMARY_PLAN_TUNED__vs__CURRENT_PLAN_TUNED,12,-0.3874148041605783,-117.07859982469216,0.0,OBSERVED
DEV,ZONE_360M,6,NO_RECENT_OR_PLANNED_CHANGE,HISTORY_SUMMARY_PLAN_TUNED__vs__CURRENT_PLAN_TUNED,0,,,,NO_PANEL_SUPPORT
DEV,ZONE_360M,6,MULTIPLE_CHANGES_IN_CONTEXT,HISTORY_SUMMARY_PLAN_TUNED__vs__CURRENT_PLAN_TUNED,12,-0.3874148041605783,-117.07859982469216,0.0,OBSERVED
DEV,ZONE_360M,6,ALL,HISTORY_LAGS_PLAN_TUNED__vs__CURRENT_PLAN_TUNED,12,-0.46441252732773847,-140.34767865515386,0.08333333333333333,OBSERVED
DEV,ZONE_360M,6,RECENT_OR_PLANNED_CHANGE,HISTORY_LAGS_PLAN_TUNED__vs__CURRENT_PLAN_TUNED,12,-0.46441252732773847,-140.34767865515386,0.08333333333333333,OBSERVED
DEV,ZONE_360M,6,RECENT_PAST_CHANGE,HISTORY_LAGS_PLAN_TUNED__vs__CURRENT_PLAN_TUNED,8,-0.4466210713561748,-157.8336889294173,0.125,OBSERVED
DEV,ZONE_360M,6,CHANGE_IN_PLAN,HISTORY_LAGS_PLAN_TUNED__vs__CURRENT_PLAN_TUNED,12,-0.46441252732773847,-140.34767865515386,0.08333333333333333,OBSERVED
DEV,ZONE_360M,6,NO_RECENT_OR_PLANNED_CHANGE,HISTORY_LAGS_PLAN_TUNED__vs__CURRENT_PLAN_TUNED,0,,,,NO_PANEL_SUPPORT
DEV,ZONE_360M,6,MULTIPLE_CHANGES_IN_CONTEXT,HISTORY_LAGS_PLAN_TUNED__vs__CURRENT_PLAN_TUNED,12,-0.46441252732773847,-140.34767865515386,0.08333333333333333,OBSERVED
DEV,ZONE_360M,6,ALL,HISTORY_SUMMARY_PLAN_A1__vs__CURRENT_PLAN_A1,12,-0.3874148041605783,-117.07859982469216,0.0,OBSERVED
DEV,ZONE_360M,6,RECENT_OR_PLANNED_CHANGE,HISTORY_SUMMARY_PLAN_A1__vs__CURRENT_PLAN_A1,12,-0.3874148041605783,-117.07859982469216,0.0,OBSERVED
DEV,ZONE_360M,6,RECENT_PAST_CHANGE,HISTORY_SUMMARY_PLAN_A1__vs__CURRENT_PLAN_A1,8,-0.444327336699059,-157.02309438837037,0.0,OBSERVED
DEV,ZONE_360M,6,CHANGE_IN_PLAN,HISTORY_SUMMARY_PLAN_A1__vs__CURRENT_PLAN_A1,12,-0.3874148041605783,-117.07859982469216,0.0,OBSERVED
DEV,ZONE_360M,6,NO_RECENT_OR_PLANNED_CHANGE,HISTORY_SUMMARY_PLAN_A1__vs__CURRENT_PLAN_A1,0,,,,NO_PANEL_SUPPORT
DEV,ZONE_360M,6,MULTIPLE_CHANGES_IN_CONTEXT,HISTORY_SUMMARY_PLAN_A1__vs__CURRENT_PLAN_A1,12,-0.3874148041605783,-117.07859982469216,0.0,OBSERVED
DEV,ZONE_360M,6,ALL,HISTORY_LAGS_PLAN_A1__vs__CURRENT_PLAN_A1,12,-0.4696322205522747,-141.9250948191212,0.08333333333333333,OBSERVED
DEV,ZONE_360M,6,RECENT_OR_PLANNED_CHANGE,HISTORY_LAGS_PLAN_A1__vs__CURRENT_PLAN_A1,12,-0.4696322205522747,-141.9250948191212,0.08333333333333333,OBSERVED
DEV,ZONE_360M,6,RECENT_PAST_CHANGE,HISTORY_LAGS_PLAN_A1__vs__CURRENT_PLAN_A1,8,-0.46249381421191554,-163.44303814964633,0.125,OBSERVED
DEV,ZONE_360M,6,CHANGE_IN_PLAN,HISTORY_LAGS_PLAN_A1__vs__CURRENT_PLAN_A1,12,-0.4696322205522747,-141.9250948191212,0.08333333333333333,OBSERVED
DEV,ZONE_360M,6,NO_RECENT_OR_PLANNED_CHANGE,HISTORY_LAGS_PLAN_A1__vs__CURRENT_PLAN_A1,0,,,,NO_PANEL_SUPPORT
DEV,ZONE_360M,6,MULTIPLE_CHANGES_IN_CONTEXT,HISTORY_LAGS_PLAN_A1__vs__CURRENT_PLAN_A1,12,-0.4696322205522747,-141.9250948191212,0.08333333333333333,OBSERVED
