target,seed,arm,variant,condition,metric,score,n
T0,61730,E0,CALIBRATED,DELAYED,normalized_2pinball,0.10169500709501943,75
T0,61730,E0,CALIBRATED,MEAN,normalized_2pinball,0.09751641203206346,75
T0,61730,E0,CALIBRATED,S0,normalized_2pinball,0.08498062684319557,75
T0,61730,E0,CALIBRATED,S1,normalized_2pinball,0.09448025135201404,75
T0,61730,E0,CALIBRATED,S2,normalized_2pinball,0.09873892850948258,75
T0,61730,E0,CALIBRATED,S3,normalized_2pinball,0.11186584142356168,75
T0,61730,E0,RAW,DELAYED,normalized_2pinball,0.10250704012909574,75
T0,61730,E0,RAW,MEAN,normalized_2pinball,0.09762899706139905,75
T0,61730,E0,RAW,S0,normalized_2pinball,0.08299486785830897,75
T0,61730,E0,RAW,S1,normalized_2pinball,0.09507890036215391,75
T0,61730,E0,RAW,S2,normalized_2pinball,0.09930429781536115,75
T0,61730,E0,RAW,S3,normalized_2pinball,0.11313792220977215,75
T0,61730,E1,CALIBRATED,DELAYED,normalized_2pinball,0.09789571994225132,75
T0,61730,E1,CALIBRATED,MEAN,normalized_2pinball,0.09421517827427126,75
T0,61730,E1,CALIBRATED,S0,normalized_2pinball,0.08317355327033098,75
T0,61730,E1,CALIBRATED,S1,normalized_2pinball,0.0914110171108855,75
T0,61730,E1,CALIBRATED,S2,normalized_2pinball,0.09575154835846741,75
T0,61730,E1,CALIBRATED,S3,normalized_2pinball,0.10652459435740112,75
T0,61730,E1,RAW,DELAYED,normalized_2pinball,0.10044155606338193,75
T0,61730,E1,RAW,MEAN,normalized_2pinball,0.09622951773242887,75
T0,61730,E1,RAW,S0,normalized_2pinball,0.08359340273956965,75
T0,61730,E1,RAW,S1,normalized_2pinball,0.09392404705590093,75
T0,61730,E1,RAW,S2,normalized_2pinball,0.09799201428214431,75
T0,61730,E1,RAW,S3,normalized_2pinball,0.10940860685210055,75
T0,61730,E2,CALIBRATED,DELAYED,normalized_2pinball,0.09789571994225132,75
T0,61730,E2,CALIBRATED,MEAN,normalized_2pinball,0.09421517827427126,75
T0,61730,E2,CALIBRATED,S0,normalized_2pinball,0.08317355327033098,75
T0,61730,E2,CALIBRATED,S1,normalized_2pinball,0.0914110171108855,75
T0,61730,E2,CALIBRATED,S2,normalized_2pinball,0.09575154835846741,75
T0,61730,E2,CALIBRATED,S3,normalized_2pinball,0.10652459435740112,75
T0,61730,E2,RAW,DELAYED,normalized_2pinball,0.10044155606338193,75
T0,61730,E2,RAW,MEAN,normalized_2pinball,0.09622951773242887,75
T0,61730,E2,RAW,S0,normalized_2pinball,0.08359340273956965,75
T0,61730,E2,RAW,S1,normalized_2pinball,0.09392404705590093,75
T0,61730,E2,RAW,S2,normalized_2pinball,0.09799201428214431,75
T0,61730,E2,RAW,S3,normalized_2pinball,0.10940860685210055,75
T0,61730,E3,CALIBRATED,DELAYED,normalized_2pinball,0.09789571994225132,75
T0,61730,E3,CALIBRATED,MEAN,normalized_2pinball,0.09466694666748739,75
T0,61730,E3,CALIBRATED,S0,normalized_2pinball,0.08498062684319557,75
T0,61730,E3,CALIBRATED,S1,normalized_2pinball,0.0914110171108855,75
T0,61730,E3,CALIBRATED,S2,normalized_2pinball,0.09575154835846741,75
T0,61730,E3,CALIBRATED,S3,normalized_2pinball,0.10652459435740112,75
T0,61730,E3,RAW,DELAYED,normalized_2pinball,0.10044155606338193,75
T0,61730,E3,RAW,MEAN,normalized_2pinball,0.0960798840121137,75
T0,61730,E3,RAW,S0,normalized_2pinball,0.08299486785830897,75
T0,61730,E3,RAW,S1,normalized_2pinball,0.09392404705590093,75
T0,61730,E3,RAW,S2,normalized_2pinball,0.09799201428214431,75
T0,61730,E3,RAW,S3,normalized_2pinball,0.10940860685210055,75
T0,61730,E4,CALIBRATED,DELAYED,normalized_2pinball,0.09789571994225132,75
T0,61730,E4,CALIBRATED,MEAN,normalized_2pinball,0.09466694666748739,75
T0,61730,E4,CALIBRATED,S0,normalized_2pinball,0.08498062684319557,75
T0,61730,E4,CALIBRATED,S1,normalized_2pinball,0.0914110171108855,75
T0,61730,E4,CALIBRATED,S2,normalized_2pinball,0.09575154835846741,75
T0,61730,E4,CALIBRATED,S3,normalized_2pinball,0.10652459435740112,75
T0,61730,E4,RAW,DELAYED,normalized_2pinball,0.10044155606338193,75
T0,61730,E4,RAW,MEAN,normalized_2pinball,0.0960798840121137,75
T0,61730,E4,RAW,S0,normalized_2pinball,0.08299486785830897,75
T0,61730,E4,RAW,S1,normalized_2pinball,0.09392404705590093,75
T0,61730,E4,RAW,S2,normalized_2pinball,0.09799201428214431,75
T0,61730,E4,RAW,S3,normalized_2pinball,0.10940860685210055,75
T0,61731,E0,CALIBRATED,DELAYED,normalized_2pinball,0.10176400487802804,75
T0,61731,E0,CALIBRATED,MEAN,normalized_2pinball,0.09752794425562224,75
T0,61731,E0,CALIBRATED,S0,normalized_2pinball,0.08481976238840487,75
T0,61731,E0,CALIBRATED,S1,normalized_2pinball,0.09440452212487369,75
T0,61731,E0,CALIBRATED,S2,normalized_2pinball,0.0987997831589237,75
T0,61731,E0,CALIBRATED,S3,normalized_2pinball,0.11208770935028674,75
T0,61731,E0,RAW,DELAYED,normalized_2pinball,0.10272348815986333,75
T0,61731,E0,RAW,MEAN,normalized_2pinball,0.09770627847907622,75
T0,61731,E0,RAW,S0,normalized_2pinball,0.08265464943671473,75
T0,61731,E0,RAW,S1,normalized_2pinball,0.09513199580108159,75
T0,61731,E0,RAW,S2,normalized_2pinball,0.09948000840221308,75
T0,61731,E0,RAW,S3,normalized_2pinball,0.11355846027629539,75
T0,61731,E1,CALIBRATED,DELAYED,normalized_2pinball,0.09859007959715163,75
T0,61731,E1,CALIBRATED,MEAN,normalized_2pinball,0.09485518732309929,75
T0,61731,E1,CALIBRATED,S0,normalized_2pinball,0.08365051050094235,75
T0,61731,E1,CALIBRATED,S1,normalized_2pinball,0.09212596709110404,75
T0,61731,E1,CALIBRATED,S2,normalized_2pinball,0.09632352609978112,75
T0,61731,E1,CALIBRATED,S3,normalized_2pinball,0.10732074560056977,75
T0,61731,E1,RAW,DELAYED,normalized_2pinball,0.10051412885363652,75
T0,61731,E1,RAW,MEAN,normalized_2pinball,0.09640986239782656,75
T0,61731,E1,RAW,S0,normalized_2pinball,0.08409706303039664,75
T0,61731,E1,RAW,S1,normalized_2pinball,0.09395413848406911,75
T0,61731,E1,RAW,S2,normalized_2pinball,0.09810094034315647,75
T0,61731,E1,RAW,S3,normalized_2pinball,0.10948730773368394,75
T0,61731,E2,CALIBRATED,DELAYED,normalized_2pinball,0.09859007959715163,75
T0,61731,E2,CALIBRATED,MEAN,normalized_2pinball,0.09485518732309929,75
T0,61731,E2,CALIBRATED,S0,normalized_2pinball,0.08365051050094235,75
T0,61731,E2,CALIBRATED,S1,normalized_2pinball,0.09212596709110404,75
T0,61731,E2,CALIBRATED,S2,normalized_2pinball,0.09632352609978112,75
T0,61731,E2,CALIBRATED,S3,normalized_2pinball,0.10732074560056977,75
T0,61731,E2,RAW,DELAYED,normalized_2pinball,0.10051412885363652,75
T0,61731,E2,RAW,MEAN,normalized_2pinball,0.09640986239782656,75
T0,61731,E2,RAW,S0,normalized_2pinball,0.08409706303039664,75
T0,61731,E2,RAW,S1,normalized_2pinball,0.09395413848406911,75
T0,61731,E2,RAW,S2,normalized_2pinball,0.09810094034315647,75
T0,61731,E2,RAW,S3,normalized_2pinball,0.10948730773368394,75
T0,61731,E3,CALIBRATED,DELAYED,normalized_2pinball,0.09859007959715163,75
T0,61731,E3,CALIBRATED,MEAN,normalized_2pinball,0.09514750029496494,75
T0,61731,E3,CALIBRATED,S0,normalized_2pinball,0.08481976238840487,75
T0,61731,E3,CALIBRATED,S1,normalized_2pinball,0.09212596709110404,75
T0,61731,E3,CALIBRATED,S2,normalized_2pinball,0.09632352609978112,75
T0,61731,E3,CALIBRATED,S3,normalized_2pinball,0.10732074560056977,75
T0,61731,E3,RAW,DELAYED,normalized_2pinball,0.10051412885363652,75
T0,61731,E3,RAW,MEAN,normalized_2pinball,0.09604925899940608,75
T0,61731,E3,RAW,S0,normalized_2pinball,0.08265464943671473,75
T0,61731,E3,RAW,S1,normalized_2pinball,0.09395413848406911,75
T0,61731,E3,RAW,S2,normalized_2pinball,0.09810094034315647,75
T0,61731,E3,RAW,S3,normalized_2pinball,0.10948730773368394,75
T0,61731,E4,CALIBRATED,DELAYED,normalized_2pinball,0.09859007959715163,75
T0,61731,E4,CALIBRATED,MEAN,normalized_2pinball,0.09514750029496494,75
T0,61731,E4,CALIBRATED,S0,normalized_2pinball,0.08481976238840487,75
T0,61731,E4,CALIBRATED,S1,normalized_2pinball,0.09212596709110404,75
T0,61731,E4,CALIBRATED,S2,normalized_2pinball,0.09632352609978112,75
T0,61731,E4,CALIBRATED,S3,normalized_2pinball,0.10732074560056977,75
T0,61731,E4,RAW,DELAYED,normalized_2pinball,0.10051412885363652,75
T0,61731,E4,RAW,MEAN,normalized_2pinball,0.09604925899940608,75
T0,61731,E4,RAW,S0,normalized_2pinball,0.08265464943671473,75
T0,61731,E4,RAW,S1,normalized_2pinball,0.09395413848406911,75
T0,61731,E4,RAW,S2,normalized_2pinball,0.09810094034315647,75
T0,61731,E4,RAW,S3,normalized_2pinball,0.10948730773368394,75
T1,61730,E0,CALIBRATED,DELAYED,normalized_2pinball,0.09763452840263415,75
T1,61730,E0,CALIBRATED,MEAN,normalized_2pinball,0.0939974315222165,75
T1,61730,E0,CALIBRATED,S0,normalized_2pinball,0.08308614088096357,75
T1,61730,E0,CALIBRATED,S1,normalized_2pinball,0.09190465382834288,75
T1,61730,E0,CALIBRATED,S2,normalized_2pinball,0.0940014390372348,75
T1,61730,E0,CALIBRATED,S3,normalized_2pinball,0.10699749234232475,75
T1,61730,E0,RAW,DELAYED,normalized_2pinball,0.09770898143764337,75
T1,61730,E0,RAW,MEAN,normalized_2pinball,0.09329165296278842,75
T1,61730,E0,RAW,S0,normalized_2pinball,0.08003966753822363,75
T1,61730,E0,RAW,S1,normalized_2pinball,0.09166868744161513,75
T1,61730,E0,RAW,S2,normalized_2pinball,0.09386927353727645,75
T1,61730,E0,RAW,S3,normalized_2pinball,0.10758898333403849,75
T1,61730,E1,CALIBRATED,DELAYED,normalized_2pinball,0.09388802934706142,75
T1,61730,E1,CALIBRATED,MEAN,normalized_2pinball,0.0907387389369418,75
T1,61730,E1,CALIBRATED,S0,normalized_2pinball,0.08129086770658299,75
T1,61730,E1,CALIBRATED,S1,normalized_2pinball,0.08857245135673895,75
T1,61730,E1,CALIBRATED,S2,normalized_2pinball,0.09108720432905487,75
T1,61730,E1,CALIBRATED,S3,normalized_2pinball,0.10200443235539047,75
T1,61730,E1,RAW,DELAYED,normalized_2pinball,0.09507400132035237,75
T1,61730,E1,RAW,MEAN,normalized_2pinball,0.09131423760418582,75
T1,61730,E1,RAW,S0,normalized_2pinball,0.08003494645568612,75
T1,61730,E1,RAW,S1,normalized_2pinball,0.08968591745505856,75
T1,61730,E1,RAW,S2,normalized_2pinball,0.09216225015533147,75
T1,61730,E1,RAW,S3,normalized_2pinball,0.10337383635066709,75
T1,61730,E2,CALIBRATED,DELAYED,normalized_2pinball,0.09388802934706142,75
T1,61730,E2,CALIBRATED,MEAN,normalized_2pinball,0.0907387389369418,75
T1,61730,E2,CALIBRATED,S0,normalized_2pinball,0.08129086770658299,75
T1,61730,E2,CALIBRATED,S1,normalized_2pinball,0.08857245135673895,75
T1,61730,E2,CALIBRATED,S2,normalized_2pinball,0.09108720432905487,75
T1,61730,E2,CALIBRATED,S3,normalized_2pinball,0.10200443235539047,75
T1,61730,E2,RAW,DELAYED,normalized_2pinball,0.09507400132035237,75
T1,61730,E2,RAW,MEAN,normalized_2pinball,0.09131423760418582,75
T1,61730,E2,RAW,S0,normalized_2pinball,0.08003494645568612,75
T1,61730,E2,RAW,S1,normalized_2pinball,0.08968591745505856,75
T1,61730,E2,RAW,S2,normalized_2pinball,0.09216225015533147,75
T1,61730,E2,RAW,S3,normalized_2pinball,0.10337383635066709,75
T1,61730,E3,CALIBRATED,DELAYED,normalized_2pinball,0.09388802934706142,75
T1,61730,E3,CALIBRATED,MEAN,normalized_2pinball,0.09118755723053697,75
T1,61730,E3,CALIBRATED,S0,normalized_2pinball,0.08308614088096357,75
T1,61730,E3,CALIBRATED,S1,normalized_2pinball,0.08857245135673895,75
T1,61730,E3,CALIBRATED,S2,normalized_2pinball,0.09108720432905487,75
T1,61730,E3,CALIBRATED,S3,normalized_2pinball,0.10200443235539047,75
T1,61730,E3,RAW,DELAYED,normalized_2pinball,0.09507400132035237,75
T1,61730,E3,RAW,MEAN,normalized_2pinball,0.09131541787482018,75
T1,61730,E3,RAW,S0,normalized_2pinball,0.08003966753822363,75
T1,61730,E3,RAW,S1,normalized_2pinball,0.08968591745505856,75
T1,61730,E3,RAW,S2,normalized_2pinball,0.09216225015533147,75
T1,61730,E3,RAW,S3,normalized_2pinball,0.10337383635066709,75
T1,61730,E4,CALIBRATED,DELAYED,normalized_2pinball,0.0942124013516316,75
T1,61730,E4,CALIBRATED,MEAN,normalized_2pinball,0.0914308362339646,75
T1,61730,E4,CALIBRATED,S0,normalized_2pinball,0.08308614088096357,75
T1,61730,E4,CALIBRATED,S1,normalized_2pinball,0.08911058991063958,75
T1,61730,E4,CALIBRATED,S2,normalized_2pinball,0.09152218178886473,75
T1,61730,E4,CALIBRATED,S3,normalized_2pinball,0.10200443235539047,75
T1,61730,E4,RAW,DELAYED,normalized_2pinball,0.0951780619139013,75
T1,61730,E4,RAW,MEAN,normalized_2pinball,0.09139346331998187,75
T1,61730,E4,RAW,S0,normalized_2pinball,0.08003966753822363,75
T1,61730,E4,RAW,S1,normalized_2pinball,0.08987574875917047,75
T1,61730,E4,RAW,S2,normalized_2pinball,0.09228460063186632,75
T1,61730,E4,RAW,S3,normalized_2pinball,0.10337383635066709,75
T1,61731,E0,CALIBRATED,DELAYED,normalized_2pinball,0.09771817051011597,75
T1,61731,E0,CALIBRATED,MEAN,normalized_2pinball,0.0940622219966097,75
T1,61731,E0,CALIBRATED,S0,normalized_2pinball,0.08309437645609093,75
T1,61731,E0,CALIBRATED,S1,normalized_2pinball,0.09198431150208225,75
T1,61731,E0,CALIBRATED,S2,normalized_2pinball,0.09409610050105754,75
T1,61731,E0,CALIBRATED,S3,normalized_2pinball,0.10707409952720812,75
T1,61731,E0,RAW,DELAYED,normalized_2pinball,0.09789247490286053,75
T1,61731,E0,RAW,MEAN,normalized_2pinball,0.09341242015517505,75
T1,61731,E0,RAW,S0,normalized_2pinball,0.0799722559121186,75
T1,61731,E0,RAW,S1,normalized_2pinball,0.09180513334896137,75
T1,61731,E0,RAW,S2,normalized_2pinball,0.09404771836242988,75
T1,61731,E0,RAW,S3,normalized_2pinball,0.10782457299719034,75
T1,61731,E1,CALIBRATED,DELAYED,normalized_2pinball,0.09358607052763912,75
T1,61731,E1,CALIBRATED,MEAN,normalized_2pinball,0.09039550834178245,75
T1,61731,E1,CALIBRATED,S0,normalized_2pinball,0.08082382178421242,75
T1,61731,E1,CALIBRATED,S1,normalized_2pinball,0.08822385951447305,75
T1,61731,E1,CALIBRATED,S2,normalized_2pinball,0.09083805987382075,75
T1,61731,E1,CALIBRATED,S3,normalized_2pinball,0.10169629219462349,75
T1,61731,E1,RAW,DELAYED,normalized_2pinball,0.09507805813551651,75
T1,61731,E1,RAW,MEAN,normalized_2pinball,0.09125462599902329,75
T1,61731,E1,RAW,S0,normalized_2pinball,0.07978432958954362,75
T1,61731,E1,RAW,S1,normalized_2pinball,0.08964203157783701,75
T1,61731,E1,RAW,S2,normalized_2pinball,0.09220566947637301,75
T1,61731,E1,RAW,S3,normalized_2pinball,0.10338647335233948,75
T1,61731,E2,CALIBRATED,DELAYED,normalized_2pinball,0.09358607052763912,75
T1,61731,E2,CALIBRATED,MEAN,normalized_2pinball,0.09039550834178245,75
T1,61731,E2,CALIBRATED,S0,normalized_2pinball,0.08082382178421242,75
T1,61731,E2,CALIBRATED,S1,normalized_2pinball,0.08822385951447305,75
T1,61731,E2,CALIBRATED,S2,normalized_2pinball,0.09083805987382075,75
T1,61731,E2,CALIBRATED,S3,normalized_2pinball,0.10169629219462349,75
T1,61731,E2,RAW,DELAYED,normalized_2pinball,0.09507805813551651,75
T1,61731,E2,RAW,MEAN,normalized_2pinball,0.09125462599902329,75
T1,61731,E2,RAW,S0,normalized_2pinball,0.07978432958954362,75
T1,61731,E2,RAW,S1,normalized_2pinball,0.08964203157783701,75
T1,61731,E2,RAW,S2,normalized_2pinball,0.09220566947637301,75
T1,61731,E2,RAW,S3,normalized_2pinball,0.10338647335233948,75
T1,61731,E3,CALIBRATED,DELAYED,normalized_2pinball,0.09358607052763912,75
T1,61731,E3,CALIBRATED,MEAN,normalized_2pinball,0.09096314700975207,75
T1,61731,E3,CALIBRATED,S0,normalized_2pinball,0.08309437645609093,75
T1,61731,E3,CALIBRATED,S1,normalized_2pinball,0.08822385951447305,75
T1,61731,E3,CALIBRATED,S2,normalized_2pinball,0.09083805987382075,75
T1,61731,E3,CALIBRATED,S3,normalized_2pinball,0.10169629219462349,75
T1,61731,E3,RAW,DELAYED,normalized_2pinball,0.09507805813551651,75
T1,61731,E3,RAW,MEAN,normalized_2pinball,0.09130160757966702,75
T1,61731,E3,RAW,S0,normalized_2pinball,0.0799722559121186,75
T1,61731,E3,RAW,S1,normalized_2pinball,0.08964203157783701,75
T1,61731,E3,RAW,S2,normalized_2pinball,0.09220566947637301,75
T1,61731,E3,RAW,S3,normalized_2pinball,0.10338647335233948,75
T1,61731,E4,CALIBRATED,DELAYED,normalized_2pinball,0.093966165596244,75
T1,61731,E4,CALIBRATED,MEAN,normalized_2pinball,0.09124821831120573,75
T1,61731,E4,CALIBRATED,S0,normalized_2pinball,0.08309437645609093,75
T1,61731,E4,CALIBRATED,S1,normalized_2pinball,0.08886017854703189,75
T1,61731,E4,CALIBRATED,S2,normalized_2pinball,0.09134202604707663,75
T1,61731,E4,CALIBRATED,S3,normalized_2pinball,0.10169629219462349,75
T1,61731,E4,RAW,DELAYED,normalized_2pinball,0.09518368133052077,75
T1,61731,E4,RAW,MEAN,normalized_2pinball,0.0913808249759202,75
T1,61731,E4,RAW,S0,normalized_2pinball,0.0799722559121186,75
T1,61731,E4,RAW,S1,normalized_2pinball,0.08983923141555697,75
T1,61731,E4,RAW,S2,normalized_2pinball,0.09232533922366577,75
T1,61731,E4,RAW,S3,normalized_2pinball,0.10338647335233948,75
T2,61730,E0,CALIBRATED,DELAYED,normalized_2pinball,0.1330852978800652,75
T2,61730,E0,CALIBRATED,MEAN,normalized_2pinball,0.1320790932987729,75
T2,61730,E0,CALIBRATED,S0,normalized_2pinball,0.12906047955489597,75
T2,61730,E0,CALIBRATED,S1,normalized_2pinball,0.12999817102883635,75
T2,61730,E0,CALIBRATED,S2,normalized_2pinball,0.13494854931357986,75
T2,61730,E0,CALIBRATED,S3,normalized_2pinball,0.13430917329777942,75
T2,61730,E0,RAW,DELAYED,normalized_2pinball,0.13292689250259762,75
T2,61730,E0,RAW,MEAN,normalized_2pinball,0.13243505957055415,75
T2,61730,E0,RAW,S0,normalized_2pinball,0.13095956077442364,75
T2,61730,E0,RAW,S1,normalized_2pinball,0.12977165652298134,75
T2,61730,E0,RAW,S2,normalized_2pinball,0.13461972164032743,75
T2,61730,E0,RAW,S3,normalized_2pinball,0.13438929934448413,75
T2,61730,E1,CALIBRATED,DELAYED,normalized_2pinball,0.13881365836190637,75
T2,61730,E1,CALIBRATED,MEAN,normalized_2pinball,0.13814633374009938,75
T2,61730,E1,CALIBRATED,S0,normalized_2pinball,0.1361443598746784,75
T2,61730,E1,CALIBRATED,S1,normalized_2pinball,0.13653724133857464,75
T2,61730,E1,CALIBRATED,S2,normalized_2pinball,0.14062253760868862,75
T2,61730,E1,CALIBRATED,S3,normalized_2pinball,0.13928119613845594,75
T2,61730,E1,RAW,DELAYED,normalized_2pinball,0.13866246412352906,75
T2,61730,E1,RAW,MEAN,normalized_2pinball,0.13846616043963533,75
T2,61730,E1,RAW,S0,normalized_2pinball,0.1378772493879542,75
T2,61730,E1,RAW,S1,normalized_2pinball,0.13633785094444265,75
T2,61730,E1,RAW,S2,normalized_2pinball,0.1403062191208189,75
T2,61730,E1,RAW,S3,normalized_2pinball,0.1393433223053256,75
T2,61730,E2,CALIBRATED,DELAYED,normalized_2pinball,0.13881365836190637,75
T2,61730,E2,CALIBRATED,MEAN,normalized_2pinball,0.13814633374009938,75
T2,61730,E2,CALIBRATED,S0,normalized_2pinball,0.1361443598746784,75
T2,61730,E2,CALIBRATED,S1,normalized_2pinball,0.13653724133857464,75
T2,61730,E2,CALIBRATED,S2,normalized_2pinball,0.14062253760868862,75
T2,61730,E2,CALIBRATED,S3,normalized_2pinball,0.13928119613845594,75
T2,61730,E2,RAW,DELAYED,normalized_2pinball,0.13866246412352906,75
T2,61730,E2,RAW,MEAN,normalized_2pinball,0.13846616043963533,75
T2,61730,E2,RAW,S0,normalized_2pinball,0.1378772493879542,75
T2,61730,E2,RAW,S1,normalized_2pinball,0.13633785094444265,75
T2,61730,E2,RAW,S2,normalized_2pinball,0.1403062191208189,75
T2,61730,E2,RAW,S3,normalized_2pinball,0.1393433223053256,75
T2,61730,E3,CALIBRATED,DELAYED,normalized_2pinball,0.13881365836190637,75
T2,61730,E3,CALIBRATED,MEAN,normalized_2pinball,0.13637536366015376,75
T2,61730,E3,CALIBRATED,S0,normalized_2pinball,0.12906047955489597,75
T2,61730,E3,CALIBRATED,S1,normalized_2pinball,0.13653724133857464,75
T2,61730,E3,CALIBRATED,S2,normalized_2pinball,0.14062253760868862,75
T2,61730,E3,CALIBRATED,S3,normalized_2pinball,0.13928119613845594,75
T2,61730,E3,RAW,DELAYED,normalized_2pinball,0.13866246412352906,75
T2,61730,E3,RAW,MEAN,normalized_2pinball,0.13673673828625268,75
T2,61730,E3,RAW,S0,normalized_2pinball,0.13095956077442364,75
T2,61730,E3,RAW,S1,normalized_2pinball,0.13633785094444265,75
T2,61730,E3,RAW,S2,normalized_2pinball,0.1403062191208189,75
T2,61730,E3,RAW,S3,normalized_2pinball,0.1393433223053256,75
T2,61730,E4,CALIBRATED,DELAYED,normalized_2pinball,0.136967295724526,75
T2,61730,E4,CALIBRATED,MEAN,normalized_2pinball,0.1349905916821185,75
T2,61730,E4,CALIBRATED,S0,normalized_2pinball,0.12906047955489597,75
T2,61730,E4,CALIBRATED,S1,normalized_2pinball,0.13099815342643342,75
T2,61730,E4,CALIBRATED,S2,normalized_2pinball,0.14062253760868862,75
T2,61730,E4,CALIBRATED,S3,normalized_2pinball,0.13928119613845594,75
T2,61730,E4,RAW,DELAYED,normalized_2pinball,0.13683328604946718,75
T2,61730,E4,RAW,MEAN,normalized_2pinball,0.1353648547307063,75
T2,61730,E4,RAW,S0,normalized_2pinball,0.13095956077442364,75
T2,61730,E4,RAW,S1,normalized_2pinball,0.130850316722257,75
T2,61730,E4,RAW,S2,normalized_2pinball,0.1403062191208189,75
T2,61730,E4,RAW,S3,normalized_2pinball,0.1393433223053256,75
T2,61731,E0,CALIBRATED,DELAYED,normalized_2pinball,0.13465580993182136,75
T2,61731,E0,CALIBRATED,MEAN,normalized_2pinball,0.13342723798679737,75
T2,61731,E0,CALIBRATED,S0,normalized_2pinball,0.12974152215172544,75
T2,61731,E0,CALIBRATED,S1,normalized_2pinball,0.13131767514671805,75
T2,61731,E0,CALIBRATED,S2,normalized_2pinball,0.13678033842467044,75
T2,61731,E0,CALIBRATED,S3,normalized_2pinball,0.13586941622407558,75
T2,61731,E0,RAW,DELAYED,normalized_2pinball,0.13534861964870387,75
T2,61731,E0,RAW,MEAN,normalized_2pinball,0.13481382218278218,75
T2,61731,E0,RAW,S0,normalized_2pinball,0.13320942978501704,75
T2,61731,E0,RAW,S1,normalized_2pinball,0.13185271764346718,75
T2,61731,E0,RAW,S2,normalized_2pinball,0.1371756534777748,75
T2,61731,E0,RAW,S3,normalized_2pinball,0.1370174878248696,75
T2,61731,E1,CALIBRATED,DELAYED,normalized_2pinball,0.1396563464896815,75
T2,61731,E1,CALIBRATED,MEAN,normalized_2pinball,0.13894329906286454,75
T2,61731,E1,CALIBRATED,S0,normalized_2pinball,0.13680415678241375,75
T2,61731,E1,CALIBRATED,S1,normalized_2pinball,0.13727330097021745,75
T2,61731,E1,CALIBRATED,S2,normalized_2pinball,0.1415401111486521,75
T2,61731,E1,CALIBRATED,S3,normalized_2pinball,0.14015562735017498,75
T2,61731,E1,RAW,DELAYED,normalized_2pinball,0.1407082835052721,75
T2,61731,E1,RAW,MEAN,normalized_2pinball,0.14057519357418724,75
T2,61731,E1,RAW,S0,normalized_2pinball,0.14017592378093263,75
T2,61731,E1,RAW,S1,normalized_2pinball,0.13827207763950278,75
T2,61731,E1,RAW,S2,normalized_2pinball,0.14232695426612835,75
T2,61731,E1,RAW,S3,normalized_2pinball,0.14152581861018512,75
T2,61731,E2,CALIBRATED,DELAYED,normalized_2pinball,0.1396563464896815,75
T2,61731,E2,CALIBRATED,MEAN,normalized_2pinball,0.13894329906286454,75
T2,61731,E2,CALIBRATED,S0,normalized_2pinball,0.13680415678241375,75
T2,61731,E2,CALIBRATED,S1,normalized_2pinball,0.13727330097021745,75
T2,61731,E2,CALIBRATED,S2,normalized_2pinball,0.1415401111486521,75
T2,61731,E2,CALIBRATED,S3,normalized_2pinball,0.14015562735017498,75
T2,61731,E2,RAW,DELAYED,normalized_2pinball,0.1407082835052721,75
T2,61731,E2,RAW,MEAN,normalized_2pinball,0.14057519357418724,75
T2,61731,E2,RAW,S0,normalized_2pinball,0.14017592378093263,75
T2,61731,E2,RAW,S1,normalized_2pinball,0.13827207763950278,75
T2,61731,E2,RAW,S2,normalized_2pinball,0.14232695426612835,75
T2,61731,E2,RAW,S3,normalized_2pinball,0.14152581861018512,75
T2,61731,E3,CALIBRATED,DELAYED,normalized_2pinball,0.1396563464896815,75
T2,61731,E3,CALIBRATED,MEAN,normalized_2pinball,0.13717764040519248,75
T2,61731,E3,CALIBRATED,S0,normalized_2pinball,0.12974152215172544,75
T2,61731,E3,CALIBRATED,S1,normalized_2pinball,0.13727330097021745,75
T2,61731,E3,CALIBRATED,S2,normalized_2pinball,0.1415401111486521,75
T2,61731,E3,CALIBRATED,S3,normalized_2pinball,0.14015562735017498,75
T2,61731,E3,RAW,DELAYED,normalized_2pinball,0.1407082835052721,75
T2,61731,E3,RAW,MEAN,normalized_2pinball,0.13883357007520833,75
T2,61731,E3,RAW,S0,normalized_2pinball,0.13320942978501704,75
T2,61731,E3,RAW,S1,normalized_2pinball,0.13827207763950278,75
T2,61731,E3,RAW,S2,normalized_2pinball,0.14232695426612835,75
T2,61731,E3,RAW,S3,normalized_2pinball,0.14152581861018512,75
T2,61731,E4,CALIBRATED,DELAYED,normalized_2pinball,0.1379620616417175,75
T2,61731,E4,CALIBRATED,MEAN,normalized_2pinball,0.1359069267692195,75
T2,61731,E4,CALIBRATED,S0,normalized_2pinball,0.12974152215172544,75
T2,61731,E4,CALIBRATED,S1,normalized_2pinball,0.13219044642632555,75
T2,61731,E4,CALIBRATED,S2,normalized_2pinball,0.1415401111486521,75
T2,61731,E4,CALIBRATED,S3,normalized_2pinball,0.14015562735017498,75
T2,61731,E4,RAW,DELAYED,normalized_2pinball,0.13893185750177858,75
T2,61731,E4,RAW,MEAN,normalized_2pinball,0.13750125057258822,75
T2,61731,E4,RAW,S0,normalized_2pinball,0.13320942978501704,75
T2,61731,E4,RAW,S1,normalized_2pinball,0.13294279962902228,75
T2,61731,E4,RAW,S2,normalized_2pinball,0.14232695426612835,75
T2,61731,E4,RAW,S3,normalized_2pinball,0.14152581861018512,75
