arm,batch,censored,saturated,zero_gradient,saturated_zero_gradient,censor_loss_sum,saturated_zero_loss_sum,lower_bound_minus_upper_support_mean
CENSORED_LOSS_LORA,0,44,0,0,0,57.92694091796875,0.0,-2.386399984359741
CENSORED_LOSS_LORA,1,23,0,0,0,37.03565216064453,0.0,-3.9745404720306396
CENSORED_LOSS_LORA,2,23,0,0,0,43.21779251098633,0.0,-1.213372826576233
CENSORED_LOSS_LORA,3,8,0,0,0,19.158483505249023,0.0,-2.950336456298828
CENSORED_LOSS_LORA,4,6,0,0,0,7.91220760345459,0.0,-0.2997027337551117
CENSORED_LOSS_LORA,5,30,0,0,0,53.455970764160156,0.0,-1.534117341041565
CENSORED_LOSS_LORA,6,18,5,5,5,91.42344665527344,69.07755279541016,-4.062353134155273
CENSORED_LOSS_LORA,7,20,8,8,8,127.38394927978516,110.52408599853516,0.8423163294792175
CENSORED_LOSS_LORA,8,21,0,0,0,42.49726104736328,0.0,-1.3269613981246948
CENSORED_LOSS_LORA,9,35,0,0,0,54.12004852294922,0.0,-2.0756187438964844
CENSORED_LOSS_LORA,10,11,0,0,0,23.918264389038086,0.0,-2.959519863128662
CENSORED_LOSS_LORA,11,16,0,0,0,31.695240020751953,0.0,-0.8342048525810242
CENSORED_LOSS_LORA,12,11,0,0,0,29.952728271484375,0.0,-1.2981736660003662
CENSORED_LOSS_LORA,13,28,1,1,1,78.92802429199219,13.815510749816895,-2.0012929439544678
CENSORED_LOSS_LORA,14,18,0,0,0,42.01218032836914,0.0,-2.7800521850585938
CENSORED_LOSS_LORA,15,33,0,0,0,54.879947662353516,0.0,-1.7367457151412964
CENSORED_LOSS_LORA,16,18,0,0,0,30.20558738708496,0.0,-0.4860828220844269
CENSORED_LOSS_LORA,17,35,0,0,0,60.67015075683594,0.0,-0.9526228904724121
CENSORED_LOSS_LORA,18,31,0,0,0,48.09044647216797,0.0,-1.8224945068359375
CENSORED_LOSS_LORA,19,6,0,0,0,12.305740356445312,0.0,-1.1753636598587036
CENSORED_LOSS_LORA,20,18,2,2,2,66.99476623535156,27.63102149963379,-1.0937825441360474
CENSORED_LOSS_LORA,21,32,0,0,0,44.47597885131836,0.0,-0.44199472665786743
CENSORED_LOSS_LORA,22,27,0,0,0,39.94544219970703,0.0,-0.536754846572876
CENSORED_LOSS_LORA,23,31,0,0,0,41.173828125,0.0,-0.5328361988067627
CENSORED_LOSS_LORA,24,52,0,0,0,78.30964660644531,0.0,-1.1068722009658813
CENSORED_LOSS_LORA,25,32,0,0,0,43.97675323486328,0.0,-0.8805274963378906
CENSORED_LOSS_LORA,26,31,0,0,0,52.90058135986328,0.0,-1.4347259998321533
CENSORED_LOSS_LORA,27,20,0,0,0,42.84668731689453,0.0,-2.571174383163452
CENSORED_LOSS_LORA,28,17,2,2,2,55.2934455871582,27.63102149963379,0.15409816801548004
CENSORED_LOSS_LORA,29,35,2,2,2,80.4544677734375,27.63102149963379,-1.1845111846923828
CENSORED_LOSS_LORA,30,34,0,0,0,72.50511932373047,0.0,-0.7063237428665161
CENSORED_LOSS_LORA,31,5,0,0,0,13.692169189453125,0.0,-0.925727367401123
CENSORED_LOSS_LORA,32,19,0,0,0,30.965892791748047,0.0,-0.3260520100593567
CENSORED_LOSS_LORA,33,12,1,1,1,32.99004364013672,13.815510749816895,-0.41266754269599915
CENSORED_LOSS_LORA,34,16,0,0,0,34.19093322753906,0.0,-1.53830087184906
CENSORED_LOSS_LORA,35,28,0,0,0,73.23602294921875,0.0,-2.0720980167388916
CENSORED_LOSS_LORA,36,29,0,0,0,57.39464569091797,0.0,-0.9883220791816711
CENSORED_LOSS_LORA,37,17,0,0,0,33.167301177978516,0.0,-0.9460934996604919
CENSORED_LOSS_LORA,38,21,0,0,0,39.19520950317383,0.0,-6.481574535369873
CENSORED_LOSS_LORA,39,14,1,1,1,37.37863540649414,13.815510749816895,-1.1702810525894165
CENSORED_LOSS_LORA,40,21,0,0,0,43.93975830078125,0.0,-1.1839631795883179
CENSORED_LOSS_LORA,41,26,0,0,0,46.54808807373047,0.0,-1.014612078666687
CENSORED_LOSS_LORA,42,24,0,0,0,37.03384017944336,0.0,-1.6622267961502075
CENSORED_LOSS_LORA,43,32,0,0,0,51.73884201049805,0.0,-1.2151620388031006
CENSORED_LOSS_LORA,44,21,0,0,0,37.23054122924805,0.0,-1.4161882400512695
CENSORED_LOSS_LORA,45,40,0,0,0,68.58000183105469,0.0,-0.8368654251098633
CENSORED_LOSS_LORA,46,34,0,0,0,46.23889923095703,0.0,-0.9363670349121094
CENSORED_LOSS_LORA,47,31,0,0,0,56.16480255126953,0.0,-1.8759634494781494
CENSORED_LOSS_LORA,48,5,0,0,0,14.384227752685547,0.0,-1.4888311624526978
CENSORED_LOSS_LORA,49,29,0,0,0,31.801738739013672,0.0,-1.7512332201004028
CENSORED_LOSS_LORA,50,25,0,0,0,42.824302673339844,0.0,-1.134338140487671
CENSORED_LOSS_LORA,51,27,0,0,0,40.11366271972656,0.0,-0.7439297437667847
CENSORED_LOSS_LORA,52,32,0,0,0,46.31113815307617,0.0,-0.7781522274017334
CENSORED_LOSS_LORA,53,9,0,0,0,22.65819549560547,0.0,-1.0466303825378418
CENSORED_LOSS_LORA,54,38,0,0,0,70.24163055419922,0.0,-1.0643821954727173
CENSORED_LOSS_LORA,55,11,0,0,0,23.647321701049805,0.0,-2.1712589263916016
CENSORED_LOSS_LORA,56,14,0,0,0,20.878713607788086,0.0,-0.5023660659790039
CENSORED_LOSS_LORA,57,20,0,0,0,34.37276840209961,0.0,-2.1286826133728027
CENSORED_LOSS_LORA,58,11,2,2,2,49.60074996948242,27.63102149963379,-0.9103882312774658
CENSORED_LOSS_LORA,59,23,0,0,0,33.9671630859375,0.0,-0.976871907711029
CENSORED_LOSS_LORA,60,20,0,0,0,47.142494201660156,0.0,-6.127020835876465
CENSORED_LOSS_LORA,61,9,0,0,0,16.835750579833984,0.0,-0.5889460444450378
CENSORED_LOSS_LORA,62,46,0,0,0,40.476654052734375,0.0,-1.1688536405563354
CENSORED_LOSS_LORA,63,18,4,4,4,77.87020111083984,55.26204299926758,0.4808577299118042
CENSORED_LOSS_LORA,64,6,0,0,0,11.434368133544922,0.0,-0.6683526039123535
CENSORED_LOSS_LORA,65,32,0,0,0,41.44636535644531,0.0,-2.1288318634033203
CENSORED_LOSS_LORA,66,21,0,0,0,26.37856674194336,0.0,-0.589507520198822
CENSORED_LOSS_LORA,67,48,0,0,0,77.89730834960938,0.0,-1.7349281311035156
CENSORED_LOSS_LORA,68,6,0,0,0,10.809747695922852,0.0,-0.8947112560272217
CENSORED_LOSS_LORA,69,11,8,8,8,116.54537200927734,110.52408599853516,1.0638563632965088
CENSORED_LOSS_LORA,70,50,10,10,10,208.63790893554688,138.1551055908203,-0.9904294013977051
CENSORED_LOSS_LORA,71,17,0,0,0,27.650178909301758,0.0,-4.425368785858154
CENSORED_LOSS_LORA,72,17,0,0,0,28.505016326904297,0.0,-0.8259276151657104
CENSORED_LOSS_LORA,73,9,0,0,0,15.298456192016602,0.0,-0.5872897505760193
CENSORED_LOSS_LORA,74,6,2,2,2,38.13990783691406,27.63102149963379,0.006260494235903025
CENSORED_LOSS_LORA,75,16,0,0,0,29.214420318603516,0.0,-1.1216886043548584
CENSORED_LOSS_LORA,76,19,0,0,0,39.755435943603516,0.0,-8.901559829711914
CENSORED_LOSS_LORA,77,15,6,6,6,95.12199401855469,82.89306640625,-0.6000727415084839
CENSORED_LOSS_LORA,78,14,1,1,1,40.909523010253906,13.815510749816895,-0.6437187790870667
CENSORED_LOSS_LORA,79,5,0,0,0,11.827021598815918,0.0,-0.9746047854423523
CENSORED_LOSS_LORA,80,18,0,0,0,33.58954620361328,0.0,-0.5627815127372742
CENSORED_LOSS_LORA,81,6,0,0,0,9.409553527832031,0.0,-31.925888061523438
CENSORED_LOSS_LORA,82,18,0,0,0,35.157623291015625,0.0,-5.836753845214844
CENSORED_LOSS_LORA,83,15,0,0,0,21.530155181884766,0.0,-0.5553558468818665
CENSORED_LOSS_LORA,84,30,0,0,0,46.81317138671875,0.0,-1.0156605243682861
CENSORED_LOSS_LORA,85,18,0,0,0,27.555400848388672,0.0,-0.8143427968025208
CENSORED_LOSS_LORA,86,8,0,0,0,17.704925537109375,0.0,-1.6851017475128174
CENSORED_LOSS_LORA,87,8,0,0,0,17.197914123535156,0.0,-1.1488358974456787
CENSORED_LOSS_LORA,88,20,0,0,0,45.90045166015625,0.0,-1.6708557605743408
CENSORED_LOSS_LORA,89,31,9,9,9,148.31341552734375,124.339599609375,0.6882747411727905
CENSORED_LOSS_LORA,90,44,0,0,0,65.47892761230469,0.0,-2.1231634616851807
CENSORED_LOSS_LORA,91,13,0,0,0,23.936574935913086,0.0,-1.5911637544631958
CENSORED_LOSS_LORA,92,21,0,0,0,39.10479736328125,0.0,-0.9207099080085754
CENSORED_LOSS_LORA,93,20,0,0,0,34.446590423583984,0.0,-0.9575532674789429
CENSORED_LOSS_LORA,94,8,0,0,0,14.243168830871582,0.0,-0.8438009023666382
CENSORED_LOSS_LORA,95,21,0,0,0,40.496620178222656,0.0,-1.0420728921890259
CENSORED_LOSS_LORA,96,20,0,0,0,26.787145614624023,0.0,-0.8624181747436523
CENSORED_LOSS_LORA,97,21,4,4,4,93.5305404663086,55.26204299926758,-0.7222248315811157
CENSORED_LOSS_LORA,98,6,0,0,0,13.666921615600586,0.0,-1.1842551231384277
CENSORED_LOSS_LORA,99,25,1,1,1,49.74806213378906,13.815510749816895,-0.44673943519592285
CENSORED_LOSS_LORA,100,17,1,1,1,44.54657745361328,13.815510749816895,-1.5261099338531494
CENSORED_LOSS_LORA,101,23,0,0,0,35.18933868408203,0.0,-0.5035753846168518
CENSORED_LOSS_LORA,102,20,0,0,0,39.14768981933594,0.0,-0.9477938413619995
CENSORED_LOSS_LORA,103,33,0,0,0,52.81616973876953,0.0,-0.9840972423553467
CENSORED_LOSS_LORA,104,64,0,0,0,124.41804504394531,0.0,-8.73690414428711
CENSORED_LOSS_LORA,105,13,0,0,0,20.205841064453125,0.0,-0.9726368188858032
CENSORED_LOSS_LORA,106,11,0,0,0,17.619340896606445,0.0,-0.750619113445282
CENSORED_LOSS_LORA,107,14,0,0,0,18.32479476928711,0.0,-0.6725434064865112
CENSORED_LOSS_LORA,108,37,0,0,0,63.27204132080078,0.0,-4.191018104553223
CENSORED_LOSS_LORA,109,20,10,10,10,155.42071533203125,138.1551055908203,0.44531527161598206
CENSORED_LOSS_LORA,110,33,4,4,4,110.0872802734375,55.26204299926758,-0.29785922169685364
CENSORED_LOSS_LORA,111,27,0,0,0,41.43558120727539,0.0,-0.4862319827079773
CENSORED_LOSS_LORA,112,24,0,0,0,44.286705017089844,0.0,-1.3068095445632935
CENSORED_LOSS_LORA,113,26,0,0,0,45.72410583496094,0.0,-14.149093627929688
CENSORED_LOSS_LORA,114,11,0,0,0,29.174562454223633,0.0,-0.6339988708496094
CENSORED_LOSS_LORA,115,13,0,0,0,23.974699020385742,0.0,-0.6604509949684143
CENSORED_LOSS_LORA,116,18,0,0,0,30.52092933654785,0.0,-0.7740993499755859
CENSORED_LOSS_LORA,117,12,0,0,0,25.463523864746094,0.0,-1.333177924156189
CENSORED_LOSS_LORA,118,31,7,7,7,137.79075622558594,96.70857238769531,-0.43155786395072937
CENSORED_LOSS_LORA,119,28,0,0,0,29.251340866088867,0.0,-78.79830169677734
CENSORED_LOSS_LORA,120,20,0,0,0,37.7144775390625,0.0,-6.673408508300781
CENSORED_LOSS_LORA,121,16,0,0,0,26.787818908691406,0.0,-1.7501275539398193
CENSORED_LOSS_LORA,122,27,0,0,0,42.81808853149414,0.0,-72.69717407226562
CENSORED_LOSS_LORA,123,52,0,0,0,98.12114715576172,0.0,-1.7299079895019531
CENSORED_LOSS_LORA,124,27,0,0,0,44.25576400756836,0.0,-1.2365541458129883
CENSORED_LOSS_LORA,125,28,0,0,0,62.08208084106445,0.0,-1.2174365520477295
CENSORED_LOSS_LORA,126,8,3,3,3,50.779354095458984,41.446533203125,-0.13592684268951416
CENSORED_LOSS_LORA,127,19,0,0,0,31.73737907409668,0.0,-1.1267869472503662
CENSORED_LOSS_LORA,128,20,0,0,0,37.24930191040039,0.0,-1.149759292602539
CENSORED_LOSS_LORA,129,33,4,4,4,117.30686950683594,55.26204299926758,-0.4557848572731018
CENSORED_LOSS_LORA,130,21,0,0,0,35.20405197143555,0.0,-1.3987170457839966
CENSORED_LOSS_LORA,131,27,0,0,0,50.113037109375,0.0,-0.6580970883369446
CENSORED_LOSS_LORA,132,32,0,0,0,49.86235809326172,0.0,-12.247150421142578
CENSORED_LOSS_LORA,133,15,0,0,0,24.703250885009766,0.0,-1.9415925741195679
CENSORED_LOSS_LORA,134,13,0,0,0,30.201030731201172,0.0,-4.361079692840576
CENSORED_LOSS_LORA,135,32,0,0,0,53.21369934082031,0.0,-2.3802742958068848
CENSORED_LOSS_LORA,136,44,0,0,0,54.89533615112305,0.0,-0.6592022180557251
CENSORED_LOSS_LORA,137,17,0,0,0,41.45419692993164,0.0,-1.8483389616012573
CENSORED_LOSS_LORA,138,8,0,0,0,15.801420211791992,0.0,-1.4224090576171875
CENSORED_LOSS_LORA,139,7,0,0,0,14.71153450012207,0.0,-1.1004645824432373
CENSORED_LOSS_LORA,140,36,0,0,0,69.40005493164062,0.0,-1.1313639879226685
CENSORED_LOSS_LORA,141,10,0,0,0,17.099273681640625,0.0,-0.36908167600631714
CENSORED_LOSS_LORA,142,21,0,0,0,36.13105010986328,0.0,-3.036485195159912
CENSORED_LOSS_LORA,143,30,0,0,0,57.47484588623047,0.0,-0.9182814955711365
CENSORED_LOSS_LORA,144,20,6,6,6,111.91049194335938,82.89306640625,-2.42185378074646
CENSORED_LOSS_LORA,145,13,0,0,0,21.262632369995117,0.0,-1.9444959163665771
CENSORED_LOSS_LORA,146,18,0,0,0,31.72864532470703,0.0,-1.3225072622299194
CENSORED_LOSS_LORA,147,14,0,0,0,26.224651336669922,0.0,-1.8782135248184204
CENSORED_LOSS_LORA,148,36,0,0,0,53.449275970458984,0.0,-1.2605857849121094
CENSORED_LOSS_LORA,149,31,0,0,0,51.35986328125,0.0,-1.00011146068573
CENSORED_LOSS_LORA,150,65,0,0,0,107.0160903930664,0.0,-2.055133581161499
CENSORED_LOSS_LORA,151,47,1,1,1,83.29541015625,13.815510749816895,-0.9084587097167969
CENSORED_LOSS_LORA,152,24,5,5,5,100.73907470703125,69.07755279541016,-0.021803006529808044
CENSORED_LOSS_LORA,153,33,13,13,13,216.5259246826172,179.6016387939453,0.1297108680009842
CENSORED_LOSS_LORA,154,16,0,0,0,23.849714279174805,0.0,-0.43864989280700684
CENSORED_LOSS_LORA,155,12,0,0,0,29.852947235107422,0.0,-3.402467966079712
CENSORED_LOSS_LORA,156,16,0,0,0,20.261573791503906,0.0,-1.634377121925354
CENSORED_LOSS_LORA,157,27,0,0,0,47.630332946777344,0.0,-0.6421719193458557
CENSORED_LOSS_LORA,158,42,0,0,0,61.90229415893555,0.0,-1.798034906387329
CENSORED_LOSS_LORA,159,31,0,0,0,51.644256591796875,0.0,-0.9448349475860596
CENSORED_LOSS_LORA,160,10,0,0,0,16.026092529296875,0.0,-0.48721832036972046
CENSORED_LOSS_LORA,161,16,0,0,0,29.073963165283203,0.0,-0.7897571921348572
CENSORED_LOSS_LORA,162,33,0,0,0,74.06658172607422,0.0,-2.9812686443328857
CENSORED_LOSS_LORA,163,18,0,0,0,33.59272766113281,0.0,-1.4245641231536865
CENSORED_LOSS_LORA,164,21,1,1,1,41.994075775146484,13.815510749816895,-0.9154683351516724
CENSORED_LOSS_LORA,165,31,0,0,0,46.06387710571289,0.0,-0.665562093257904
CENSORED_LOSS_LORA,166,22,0,0,0,42.17766571044922,0.0,-0.9539440274238586
CENSORED_LOSS_LORA,167,18,0,0,0,32.295867919921875,0.0,-12.604751586914062
CENSORED_LOSS_LORA,168,15,0,0,0,27.054763793945312,0.0,-0.8879908323287964
CENSORED_LOSS_LORA,169,19,0,0,0,27.906028747558594,0.0,-2.3570194244384766
CENSORED_LOSS_LORA,170,20,0,0,0,34.694000244140625,0.0,-0.6054133772850037
CENSORED_LOSS_LORA,171,12,0,0,0,22.743282318115234,0.0,-0.8323902487754822
CENSORED_LOSS_LORA,172,20,0,0,0,37.44248962402344,0.0,-1.4250520467758179
CENSORED_LOSS_LORA,173,47,19,19,19,303.96539306640625,262.49468994140625,0.44916433095932007
CENSORED_LOSS_LORA,174,4,2,2,2,34.1383171081543,27.63102149963379,-1.4945905208587646
CENSORED_LOSS_LORA,175,19,0,0,0,39.557708740234375,0.0,-0.9169517159461975
CENSORED_LOSS_LORA,176,25,1,1,1,53.56960678100586,13.815510749816895,-0.3753621578216553
CENSORED_LOSS_LORA,177,32,0,0,0,55.222511291503906,0.0,-1.2366344928741455
CENSORED_LOSS_LORA,178,16,0,0,0,31.809616088867188,0.0,-1.0829596519470215
CENSORED_LOSS_LORA,179,20,0,0,0,34.12080001831055,0.0,-0.899664044380188
CENSORED_LOSS_LORA,180,17,2,2,2,44.41480255126953,27.63102149963379,-0.8695427179336548
CENSORED_LOSS_LORA,181,18,0,0,0,34.64616012573242,0.0,-0.5720793008804321
CENSORED_LOSS_LORA,182,14,0,0,0,33.20512008666992,0.0,-0.9318831562995911
CENSORED_LOSS_LORA,183,27,0,0,0,46.11186981201172,0.0,-0.5855473279953003
CENSORED_LOSS_LORA,184,6,0,0,0,13.393099784851074,0.0,-1.511201024055481
CENSORED_LOSS_LORA,185,8,0,0,0,15.17943286895752,0.0,-0.3569980263710022
CENSORED_LOSS_LORA,186,34,0,0,0,64.161865234375,0.0,-0.7402818202972412
CENSORED_LOSS_LORA,187,37,0,0,0,62.4376220703125,0.0,-1.3295801877975464
CENSORED_LOSS_LORA,188,7,0,0,0,10.08935546875,0.0,-0.36032649874687195
CENSORED_LOSS_LORA,189,26,0,0,0,26.222335815429688,0.0,-84.64896392822266
CENSORED_LOSS_LORA,190,22,1,1,1,54.64498519897461,13.815510749816895,-0.9950077533721924
CENSORED_LOSS_LORA,191,29,0,0,0,52.19980239868164,0.0,-1.155601978302002
CENSORED_LOSS_LORA,192,12,0,0,0,22.92734146118164,0.0,-0.9900565147399902
CENSORED_LOSS_LORA,193,38,0,0,0,55.369773864746094,0.0,-2.309274673461914
CENSORED_LOSS_LORA,194,21,0,0,0,37.350616455078125,0.0,-5.5416789054870605
CENSORED_LOSS_LORA,195,32,0,0,0,59.52201843261719,0.0,-1.6727313995361328
CENSORED_LOSS_LORA,196,2,0,0,0,4.938884735107422,0.0,-9.673856735229492
CENSORED_LOSS_LORA,197,7,0,0,0,15.566878318786621,0.0,-0.9295365214347839
CENSORED_LOSS_LORA,198,11,0,0,0,24.25040626525879,0.0,-1.1359429359436035
CENSORED_LOSS_LORA,199,43,0,0,0,72.99871826171875,0.0,-1.3351762294769287
CENSORED_LOSS_LORA,200,30,0,0,0,43.87651824951172,0.0,-3.030039072036743
CENSORED_LOSS_LORA,201,18,2,2,2,52.68543243408203,27.63102149963379,-0.5868684649467468
CENSORED_LOSS_LORA,202,20,0,0,0,32.193206787109375,0.0,-0.8596466183662415
CENSORED_LOSS_LORA,203,9,0,0,0,13.88258171081543,0.0,-0.40741878747940063
CENSORED_LOSS_LORA,204,17,5,5,5,95.62059783935547,69.07755279541016,3.187020778656006
CENSORED_LOSS_LORA,205,13,0,0,0,21.49416732788086,0.0,-0.37997251749038696
CENSORED_LOSS_LORA,206,12,0,0,0,33.68479537963867,0.0,-3.0054664611816406
CENSORED_LOSS_LORA,207,35,0,0,0,55.760093688964844,0.0,-2.2006869316101074
CENSORED_LOSS_LORA,208,10,0,0,0,24.09752655029297,0.0,-1.646532416343689
CENSORED_LOSS_LORA,209,29,0,0,0,47.63722229003906,0.0,-0.9115158319473267
CENSORED_LOSS_LORA,210,10,0,0,0,19.196693420410156,0.0,-1.457711935043335
CENSORED_LOSS_LORA,211,43,0,0,0,83.04942321777344,0.0,-1.0346189737319946
CENSORED_LOSS_LORA,212,13,0,0,0,21.7825870513916,0.0,-0.7489258646965027
CENSORED_LOSS_LORA,213,28,0,0,0,45.12022018432617,0.0,-0.7357512712478638
CENSORED_LOSS_LORA,214,21,0,0,0,36.77639389038086,0.0,-0.7412915825843811
CENSORED_LOSS_LORA,215,45,0,0,0,47.279762268066406,0.0,-1.661428451538086
CENSORED_LOSS_LORA,216,24,0,0,0,36.114662170410156,0.0,-0.7148518562316895
CENSORED_LOSS_LORA,217,52,0,0,0,70.99325561523438,0.0,-0.880416989326477
CENSORED_LOSS_LORA,218,38,0,0,0,64.56048583984375,0.0,-0.9595403075218201
CENSORED_LOSS_LORA,219,12,0,0,0,27.161651611328125,0.0,-1.2178592681884766
CENSORED_LOSS_LORA,220,34,0,0,0,47.015403747558594,0.0,-2.2285616397857666
CENSORED_LOSS_LORA,221,15,0,0,0,22.12917709350586,0.0,-0.4390126168727875
CENSORED_LOSS_LORA,222,23,0,0,0,37.919681549072266,0.0,-1.0304027795791626
CENSORED_LOSS_LORA,223,15,0,0,0,25.434961318969727,0.0,-0.3492105305194855
CENSORED_LOSS_LORA,224,14,1,1,1,48.430633544921875,13.815510749816895,-1.7510656118392944
CENSORED_LOSS_LORA,225,16,2,2,2,51.939842224121094,27.63102149963379,-0.48539358377456665
CENSORED_LOSS_LORA,226,26,0,0,0,44.519195556640625,0.0,-0.7875950336456299
CENSORED_LOSS_LORA,227,1,0,0,0,3.367924690246582,0.0,-1.7031784057617188
CENSORED_LOSS_LORA,228,11,0,0,0,24.156291961669922,0.0,-1.500856876373291
CENSORED_LOSS_LORA,229,5,0,0,0,8.885929107666016,0.0,-2.4194393157958984
CENSORED_LOSS_LORA,230,19,0,0,0,39.97705078125,0.0,-0.8798982501029968
CENSORED_LOSS_LORA,231,16,0,0,0,33.022708892822266,0.0,-1.2859044075012207
CENSORED_LOSS_LORA,232,21,0,0,0,35.265899658203125,0.0,-0.8530107140541077
CENSORED_LOSS_LORA,233,33,0,0,0,64.02299499511719,0.0,-1.4901206493377686
CENSORED_LOSS_LORA,234,12,0,0,0,23.676719665527344,0.0,-0.8285887241363525
CENSORED_LOSS_LORA,235,33,7,7,7,171.0755615234375,96.70857238769531,-0.299133837223053
CENSORED_LOSS_LORA,236,44,1,1,1,60.376583099365234,13.815510749816895,-0.16427427530288696
CENSORED_LOSS_LORA,237,16,0,0,0,26.21712303161621,0.0,-0.46990495920181274
CENSORED_LOSS_LORA,238,15,0,0,0,32.010826110839844,0.0,-0.9280717372894287
CENSORED_LOSS_LORA,239,17,0,0,0,26.190961837768555,0.0,-1.3789186477661133
CENSORED_LOSS_LORA,240,24,7,7,7,120.72422790527344,96.70857238769531,0.09153459221124649
CENSORED_LOSS_LORA,241,14,2,2,2,66.96015930175781,27.63102149963379,-1.5045573711395264
CENSORED_LOSS_LORA,242,19,0,0,0,33.154937744140625,0.0,-0.9947952628135681
CENSORED_LOSS_LORA,243,11,0,0,0,28.165054321289062,0.0,-0.7872129082679749
CENSORED_LOSS_LORA,244,29,0,0,0,57.51731872558594,0.0,-1.5758273601531982
CENSORED_LOSS_LORA,245,48,0,0,0,72.29257202148438,0.0,-0.9766284823417664
CENSORED_LOSS_LORA,246,15,0,0,0,21.713207244873047,0.0,-0.5150354504585266
CENSORED_LOSS_LORA,247,6,0,0,0,13.105428695678711,0.0,-33.24595260620117
CENSORED_LOSS_LORA,248,43,0,0,0,50.919273376464844,0.0,-1.3843153715133667
CENSORED_LOSS_LORA,249,28,0,0,0,40.727325439453125,0.0,-1.4603694677352905
CENSORED_LOSS_LORA,250,13,0,0,0,24.69980239868164,0.0,-0.82564377784729
CENSORED_LOSS_LORA,251,19,0,0,0,48.38678741455078,0.0,-2.300701379776001
CENSORED_LOSS_LORA,252,14,0,0,0,27.349119186401367,0.0,-1.182186245918274
CENSORED_LOSS_LORA,253,27,0,0,0,53.16627502441406,0.0,-0.8904392719268799
CENSORED_LOSS_LORA,254,25,0,0,0,36.748741149902344,0.0,-0.3312104046344757
CENSORED_LOSS_LORA,255,24,0,0,0,32.86772155761719,0.0,-1.214058518409729
CENSORED_LOSS_LORA,256,33,0,0,0,56.449378967285156,0.0,-1.3264325857162476
CENSORED_LOSS_LORA,257,14,0,0,0,31.759761810302734,0.0,-7.042577266693115
CENSORED_LOSS_LORA,258,13,0,0,0,26.607608795166016,0.0,-1.5340371131896973
CENSORED_LOSS_LORA,259,49,0,0,0,60.948692321777344,0.0,-0.8092285394668579
CENSORED_LOSS_LORA,260,33,0,0,0,42.683380126953125,0.0,-2.6658098697662354
CENSORED_LOSS_LORA,261,29,0,0,0,57.62218475341797,0.0,-3.31457781791687
CENSORED_LOSS_LORA,262,7,0,0,0,16.247142791748047,0.0,-4.462123870849609
CENSORED_LOSS_LORA,263,19,0,0,0,30.593320846557617,0.0,-1.623848795890808
CENSORED_LOSS_LORA,264,8,0,0,0,14.244119644165039,0.0,-0.6717312335968018
CENSORED_LOSS_LORA,265,28,8,8,8,144.85723876953125,110.52408599853516,-2.3447725772857666
CENSORED_LOSS_LORA,266,23,0,0,0,36.440399169921875,0.0,-2.531208038330078
CENSORED_LOSS_LORA,267,16,0,0,0,35.62580871582031,0.0,-1.7202523946762085
CENSORED_LOSS_LORA,268,30,0,0,0,42.14643096923828,0.0,-1.8133655786514282
CENSORED_LOSS_LORA,269,30,0,0,0,62.271034240722656,0.0,-1.8610234260559082
CENSORED_LOSS_LORA,270,14,0,0,0,23.582040786743164,0.0,-0.9728059768676758
CENSORED_LOSS_LORA,271,16,2,2,2,55.134613037109375,27.63102149963379,-4.3530426025390625
CENSORED_LOSS_LORA,272,29,4,4,4,95.78753662109375,55.26204299926758,-0.3796062171459198
CENSORED_LOSS_LORA,273,25,0,0,0,65.77067565917969,0.0,-2.858464002609253
CENSORED_LOSS_LORA,274,9,0,0,0,21.77006721496582,0.0,-1.4460062980651855
CENSORED_LOSS_LORA,275,20,0,0,0,33.50566101074219,0.0,-1.8570382595062256
CENSORED_LOSS_LORA,276,23,0,0,0,52.9467658996582,0.0,-3.391087293624878
CENSORED_LOSS_LORA,277,28,0,0,0,51.06813049316406,0.0,-1.318834662437439
CENSORED_LOSS_LORA,278,27,0,0,0,41.346839904785156,0.0,-6.443005561828613
CENSORED_LOSS_LORA,279,41,0,0,0,59.00934600830078,0.0,-0.8339272737503052
CENSORED_LOSS_LORA,280,6,0,0,0,16.167795181274414,0.0,-2.709486961364746
CENSORED_LOSS_LORA,281,23,0,0,0,32.657447814941406,0.0,-5.24948263168335
CENSORED_LOSS_LORA,282,40,0,0,0,62.6473388671875,0.0,-1.8267961740493774
CENSORED_LOSS_LORA,283,32,0,0,0,33.33785629272461,0.0,-14.91380786895752
CENSORED_LOSS_LORA,284,19,0,0,0,36.84587478637695,0.0,-0.8784852027893066
CENSORED_LOSS_LORA,285,43,0,0,0,68.61349487304688,0.0,-0.434967577457428
CENSORED_LOSS_LORA,286,26,0,0,0,33.737117767333984,0.0,-1.1934640407562256
CENSORED_LOSS_LORA,287,25,3,3,3,77.64698028564453,41.446533203125,-0.17716899514198303
CENSORED_LOSS_LORA,288,6,1,1,1,28.270530700683594,13.815510749816895,-1.7821511030197144
CENSORED_LOSS_LORA,289,9,0,0,0,19.837474822998047,0.0,-1.7071595191955566
CENSORED_LOSS_LORA,290,19,0,0,0,35.326473236083984,0.0,-1.4522931575775146
CENSORED_LOSS_LORA,291,9,0,0,0,19.63063621520996,0.0,-0.9629456400871277
CENSORED_LOSS_LORA,292,33,0,0,0,45.659610748291016,0.0,-1.5031960010528564
CENSORED_LOSS_LORA,293,17,0,0,0,22.872163772583008,0.0,-0.8049297332763672
CENSORED_LOSS_LORA,294,7,0,0,0,13.740974426269531,0.0,-1.3371397256851196
CENSORED_LOSS_LORA,295,22,0,0,0,51.14773178100586,0.0,-11.277482032775879
CENSORED_LOSS_LORA,296,26,0,0,0,37.322261810302734,0.0,-1.0303789377212524
CENSORED_LOSS_LORA,297,14,0,0,0,23.430492401123047,0.0,-0.5931954979896545
CENSORED_LOSS_LORA,298,8,0,0,0,20.240530014038086,0.0,-1.646191954612732
CENSORED_LOSS_LORA,299,37,0,0,0,67.34435272216797,0.0,-1.0755428075790405
CENSORED_LOSS_LORA,300,24,0,0,0,53.27232360839844,0.0,-1.9860178232192993
CENSORED_LOSS_LORA,301,45,0,0,0,44.01903533935547,0.0,-1.7647641897201538
CENSORED_LOSS_LORA,302,13,3,3,3,66.35697937011719,41.446533203125,-0.9610801339149475
CENSORED_LOSS_LORA,303,11,2,2,2,39.780372619628906,27.63102149963379,0.1317584365606308
CENSORED_LOSS_LORA,304,33,0,0,0,49.96088409423828,0.0,-2.5096092224121094
CENSORED_LOSS_LORA,305,8,0,0,0,18.54322052001953,0.0,-1.4246690273284912
CENSORED_LOSS_LORA,306,25,0,0,0,36.18919372558594,0.0,-0.4730660319328308
CENSORED_LOSS_LORA,307,15,0,0,0,28.065269470214844,0.0,-2.462772846221924
CENSORED_LOSS_LORA,308,15,0,0,0,33.23936462402344,0.0,-1.1645067930221558
CENSORED_LOSS_LORA,309,8,0,0,0,15.312674522399902,0.0,-0.9266242384910583
CENSORED_LOSS_LORA,310,28,0,0,0,54.620819091796875,0.0,-2.278843402862549
CENSORED_LOSS_LORA,311,22,0,0,0,38.24879455566406,0.0,-1.640785574913025
CENSORED_LOSS_LORA,312,35,0,0,0,58.740577697753906,0.0,-0.9755130410194397
CENSORED_LOSS_LORA,313,13,0,0,0,21.17324447631836,0.0,-0.5475201606750488
CENSORED_LOSS_LORA,314,15,0,0,0,83.40583801269531,0.0,-0.55232173204422
CENSORED_LOSS_LORA,315,28,0,0,0,47.511512756347656,0.0,-1.0345711708068848
CENSORED_LOSS_LORA,316,18,0,0,0,24.224807739257812,0.0,-0.9513981342315674
CENSORED_LOSS_LORA,317,25,0,0,0,41.877628326416016,0.0,-1.684474229812622
CENSORED_LOSS_LORA,318,27,0,0,0,49.272090911865234,0.0,-0.5593512058258057
CENSORED_LOSS_LORA,319,17,0,0,0,30.127086639404297,0.0,-1.377669095993042
CENSORED_LOSS_LORA,320,33,6,6,6,136.20738220214844,82.89306640625,-0.9025700688362122
CENSORED_LOSS_LORA,321,3,0,0,0,6.718307971954346,0.0,-1.1413320302963257
CENSORED_LOSS_LORA,322,24,0,0,0,45.291831970214844,0.0,-3.074903726577759
CENSORED_LOSS_LORA,323,16,0,0,0,30.823158264160156,0.0,-0.5395779013633728
CENSORED_LOSS_LORA,324,19,0,0,0,38.865997314453125,0.0,-4.352587699890137
CENSORED_LOSS_LORA,325,4,1,1,1,22.712364196777344,13.815510749816895,-0.7690470218658447
CENSORED_LOSS_LORA,326,24,0,0,0,39.515380859375,0.0,-1.0650289058685303
CENSORED_LOSS_LORA,327,40,0,0,0,85.7351303100586,0.0,-3.2587368488311768
CENSORED_LOSS_LORA,328,26,0,0,0,50.99308395385742,0.0,-4.5084357261657715
CENSORED_LOSS_LORA,329,28,0,0,0,45.72938919067383,0.0,-1.15769362449646
CENSORED_LOSS_LORA,330,6,0,0,0,13.930238723754883,0.0,-1.018499732017517
CENSORED_LOSS_LORA,331,12,0,0,0,27.156471252441406,0.0,-1.2121537923812866
CENSORED_LOSS_LORA,332,27,7,7,7,126.66093444824219,96.70857238769531,0.3088649809360504
CENSORED_LOSS_LORA,333,14,0,0,0,25.37186622619629,0.0,-6.237391948699951
CENSORED_LOSS_LORA,334,12,0,0,0,23.65557289123535,0.0,-1.082758903503418
CENSORED_LOSS_LORA,335,5,0,0,0,9.345458984375,0.0,-0.38272982835769653
CENSORED_LOSS_LORA,336,34,0,0,0,63.440067291259766,0.0,-3.4717209339141846
CENSORED_LOSS_LORA,337,20,3,3,3,82.54145050048828,41.446533203125,-0.9985023736953735
CENSORED_LOSS_LORA,338,11,0,0,0,22.8133602142334,0.0,-0.8097814321517944
CENSORED_LOSS_LORA,339,34,0,0,0,44.63800811767578,0.0,-3.5282142162323
CENSORED_LOSS_LORA,340,30,0,0,0,54.056884765625,0.0,-10.178055763244629
CENSORED_LOSS_LORA,341,13,0,0,0,22.516281127929688,0.0,-2.0937483310699463
CENSORED_LOSS_LORA,342,40,0,0,0,62.08558654785156,0.0,-0.563625693321228
CENSORED_LOSS_LORA,343,10,1,1,1,32.988136291503906,13.815510749816895,-1.4636913537979126
CENSORED_LOSS_LORA,344,17,0,0,0,25.062681198120117,0.0,-0.37113216519355774
CENSORED_LOSS_LORA,345,3,0,0,0,7.414556980133057,0.0,-0.8797206878662109
CENSORED_LOSS_LORA,346,11,0,0,0,12.312521934509277,0.0,-0.15711238980293274
CENSORED_LOSS_LORA,347,36,0,0,0,55.70356369018555,0.0,-5.403467655181885
CENSORED_LOSS_LORA,348,24,0,0,0,43.131065368652344,0.0,-1.278220772743225
CENSORED_LOSS_LORA,349,68,0,0,0,102.06352996826172,0.0,-0.653592050075531
CENSORED_LOSS_LORA,350,34,0,0,0,56.690486907958984,0.0,-0.7883286476135254
CENSORED_LOSS_LORA,351,31,0,0,0,59.188720703125,0.0,-1.2051818370819092
CENSORED_LOSS_LORA,352,7,0,0,0,16.668170928955078,0.0,-1.2839773893356323
CENSORED_LOSS_LORA,353,4,0,0,0,7.194504737854004,0.0,-9.928237915039062
CENSORED_LOSS_LORA,354,37,0,0,0,56.55030059814453,0.0,-1.1320984363555908
CENSORED_LOSS_LORA,355,38,0,0,0,57.505462646484375,0.0,-1.0324865579605103
CENSORED_LOSS_LORA,356,32,0,0,0,63.346343994140625,0.0,-1.4821059703826904
CENSORED_LOSS_LORA,357,15,0,0,0,26.792991638183594,0.0,-0.6916177272796631
CENSORED_LOSS_LORA,358,3,0,0,0,5.796243667602539,0.0,-0.6630231738090515
CENSORED_LOSS_LORA,359,12,0,0,0,18.42649269104004,0.0,-0.9561852812767029
CENSOR_PRESERVE_LORA,0,44,0,0,0,57.94036102294922,0.0,-2.2473793029785156
CENSOR_PRESERVE_LORA,1,23,0,0,0,37.13283157348633,0.0,-3.6372103691101074
CENSOR_PRESERVE_LORA,2,23,0,0,0,43.478790283203125,0.0,-1.103630542755127
CENSOR_PRESERVE_LORA,3,8,0,0,0,19.404569625854492,0.0,-2.6440701484680176
CENSOR_PRESERVE_LORA,4,6,0,0,0,7.904756546020508,0.0,-0.2816615700721741
CENSOR_PRESERVE_LORA,5,30,0,0,0,53.405277252197266,0.0,-1.354371428489685
CENSOR_PRESERVE_LORA,6,18,5,5,5,91.47090148925781,69.07755279541016,-3.6288702487945557
CENSOR_PRESERVE_LORA,7,20,8,8,8,127.35781860351562,110.52408599853516,0.8542747497558594
CENSOR_PRESERVE_LORA,8,21,0,0,0,42.73781967163086,0.0,-1.2137669324874878
CENSOR_PRESERVE_LORA,9,35,0,0,0,54.09370422363281,0.0,-1.9326289892196655
CENSOR_PRESERVE_LORA,10,11,0,0,0,24.149866104125977,0.0,-2.6279680728912354
CENSOR_PRESERVE_LORA,11,16,0,0,0,31.85101890563965,0.0,-0.7350069284439087
CENSOR_PRESERVE_LORA,12,11,0,0,0,30.505590438842773,0.0,-1.126486897468567
CENSOR_PRESERVE_LORA,13,28,1,1,1,79.67474365234375,13.815510749816895,-1.8157835006713867
CENSOR_PRESERVE_LORA,14,18,0,0,0,42.03429412841797,0.0,-2.4321398735046387
CENSOR_PRESERVE_LORA,15,33,0,0,0,55.8829345703125,0.0,-1.6506794691085815
CENSOR_PRESERVE_LORA,16,18,0,0,0,30.187175750732422,0.0,-0.4522987902164459
CENSOR_PRESERVE_LORA,17,35,0,0,0,60.75520706176758,0.0,-0.8810256719589233
CENSOR_PRESERVE_LORA,18,31,0,0,0,48.170387268066406,0.0,-1.6659529209136963
CENSOR_PRESERVE_LORA,19,6,0,0,0,12.358095169067383,0.0,-1.0692998170852661
CENSOR_PRESERVE_LORA,20,18,2,2,2,67.61654663085938,27.63102149963379,-0.9829894304275513
CENSOR_PRESERVE_LORA,21,32,0,0,0,44.47453308105469,0.0,-0.40571630001068115
CENSOR_PRESERVE_LORA,22,27,0,0,0,40.027008056640625,0.0,-0.5242181420326233
CENSOR_PRESERVE_LORA,23,31,0,0,0,41.28980255126953,0.0,-0.4821593165397644
CENSOR_PRESERVE_LORA,24,52,0,0,0,78.1889419555664,0.0,-1.049678087234497
CENSOR_PRESERVE_LORA,25,32,0,0,0,43.97146224975586,0.0,-0.8460594415664673
CENSOR_PRESERVE_LORA,26,31,0,0,0,52.98122787475586,0.0,-1.3117647171020508
CENSOR_PRESERVE_LORA,27,20,0,0,0,43.341590881347656,0.0,-2.4238789081573486
CENSOR_PRESERVE_LORA,28,17,2,2,2,55.264739990234375,27.63102149963379,0.20299965143203735
CENSOR_PRESERVE_LORA,29,35,2,2,2,80.54115295410156,27.63102149963379,-1.0934977531433105
CENSOR_PRESERVE_LORA,30,34,0,0,0,73.66281127929688,0.0,-0.6788816452026367
CENSOR_PRESERVE_LORA,31,5,0,0,0,13.822551727294922,0.0,-0.8422145843505859
CENSOR_PRESERVE_LORA,32,19,0,0,0,31.002548217773438,0.0,-0.30310365557670593
CENSOR_PRESERVE_LORA,33,12,1,1,1,32.92985534667969,13.815510749816895,-0.3764391839504242
CENSOR_PRESERVE_LORA,34,16,0,0,0,34.243896484375,0.0,-1.4447388648986816
CENSOR_PRESERVE_LORA,35,28,0,0,0,73.7020263671875,0.0,-1.9634712934494019
CENSOR_PRESERVE_LORA,36,29,0,0,0,57.60260772705078,0.0,-0.8782815337181091
CENSOR_PRESERVE_LORA,37,17,0,0,0,33.172996520996094,0.0,-0.8736384510993958
CENSOR_PRESERVE_LORA,38,21,0,0,0,39.270774841308594,0.0,-5.873274326324463
CENSOR_PRESERVE_LORA,39,14,1,1,1,37.437835693359375,13.815510749816895,-1.0528887510299683
CENSOR_PRESERVE_LORA,40,21,0,0,0,44.32878112792969,0.0,-1.0835472345352173
CENSOR_PRESERVE_LORA,41,26,0,0,0,46.57762145996094,0.0,-0.9187850952148438
CENSOR_PRESERVE_LORA,42,24,0,0,0,37.31806564331055,0.0,-1.4870811700820923
CENSOR_PRESERVE_LORA,43,32,0,0,0,52.01306915283203,0.0,-1.1130356788635254
CENSOR_PRESERVE_LORA,44,21,0,0,0,37.377044677734375,0.0,-1.2819619178771973
CENSOR_PRESERVE_LORA,45,40,0,0,0,68.63793182373047,0.0,-0.7777482271194458
CENSOR_PRESERVE_LORA,46,34,0,0,0,46.29213333129883,0.0,-0.8927243947982788
CENSOR_PRESERVE_LORA,47,31,0,0,0,55.98616027832031,0.0,-1.6807032823562622
CENSOR_PRESERVE_LORA,48,5,0,0,0,14.659838676452637,0.0,-1.3071775436401367
CENSOR_PRESERVE_LORA,49,29,0,0,0,31.686939239501953,0.0,-1.677428126335144
CENSOR_PRESERVE_LORA,50,25,0,0,0,42.939231872558594,0.0,-1.039383053779602
CENSOR_PRESERVE_LORA,51,27,0,0,0,40.160308837890625,0.0,-0.686069130897522
CENSOR_PRESERVE_LORA,52,32,0,0,0,46.3038215637207,0.0,-0.733961284160614
CENSOR_PRESERVE_LORA,53,9,0,0,0,22.9271240234375,0.0,-0.939324140548706
CENSOR_PRESERVE_LORA,54,38,0,0,0,70.62901306152344,0.0,-0.9682755470275879
CENSOR_PRESERVE_LORA,55,11,0,0,0,23.828044891357422,0.0,-1.9918599128723145
CENSOR_PRESERVE_LORA,56,14,0,0,0,20.90765953063965,0.0,-0.45513439178466797
CENSOR_PRESERVE_LORA,57,20,0,0,0,34.592811584472656,0.0,-1.8997293710708618
CENSOR_PRESERVE_LORA,58,11,2,2,2,49.968177795410156,27.63102149963379,-0.755119264125824
CENSOR_PRESERVE_LORA,59,23,0,0,0,33.92615509033203,0.0,-0.9314895868301392
CENSOR_PRESERVE_LORA,60,20,0,0,0,47.40232849121094,0.0,-5.528748512268066
CENSOR_PRESERVE_LORA,61,9,0,0,0,16.926605224609375,0.0,-0.512086808681488
CENSOR_PRESERVE_LORA,62,46,0,0,0,40.73750686645508,0.0,-1.1197913885116577
CENSOR_PRESERVE_LORA,63,18,4,4,4,78.00375366210938,55.26204299926758,0.5175559520721436
CENSOR_PRESERVE_LORA,64,6,0,0,0,11.405043601989746,0.0,-0.6123717427253723
CENSOR_PRESERVE_LORA,65,32,0,0,0,41.453216552734375,0.0,-1.9486653804779053
CENSOR_PRESERVE_LORA,66,21,0,0,0,26.291576385498047,0.0,-0.5625362992286682
CENSOR_PRESERVE_LORA,67,48,0,0,0,78.07710266113281,0.0,-1.6236664056777954
CENSOR_PRESERVE_LORA,68,6,0,0,0,10.765974044799805,0.0,-0.847855806350708
CENSOR_PRESERVE_LORA,69,11,8,8,8,116.51370239257812,110.52408599853516,1.1279289722442627
CENSOR_PRESERVE_LORA,70,50,10,10,10,208.87110900878906,138.1551055908203,-0.8470818996429443
CENSOR_PRESERVE_LORA,71,17,0,0,0,27.833473205566406,0.0,-4.138901710510254
CENSOR_PRESERVE_LORA,72,17,0,0,0,28.627944946289062,0.0,-0.7407218217849731
CENSOR_PRESERVE_LORA,73,9,0,0,0,15.421317100524902,0.0,-0.5174845457077026
CENSOR_PRESERVE_LORA,74,6,2,2,2,38.263702392578125,27.63102149963379,0.10721942037343979
CENSOR_PRESERVE_LORA,75,16,0,0,0,29.18136215209961,0.0,-0.9738819599151611
CENSOR_PRESERVE_LORA,76,19,0,0,0,39.90796661376953,0.0,-8.167716026306152
CENSOR_PRESERVE_LORA,77,15,6,6,6,95.18022155761719,82.89306640625,-0.4712826907634735
CENSOR_PRESERVE_LORA,78,14,1,1,1,41.03023147583008,13.815510749816895,-0.5632899403572083
CENSOR_PRESERVE_LORA,79,5,0,0,0,11.903238296508789,0.0,-0.8321359753608704
CENSOR_PRESERVE_LORA,80,18,0,0,0,33.752296447753906,0.0,-0.5161306262016296
CENSOR_PRESERVE_LORA,81,6,0,0,0,9.454299926757812,0.0,-30.665048599243164
CENSOR_PRESERVE_LORA,82,18,0,0,0,35.3507194519043,0.0,-5.446356296539307
CENSOR_PRESERVE_LORA,83,15,0,0,0,21.59955596923828,0.0,-0.5180278420448303
CENSOR_PRESERVE_LORA,84,30,0,0,0,46.71147155761719,0.0,-0.9486120343208313
CENSOR_PRESERVE_LORA,85,18,0,0,0,27.649843215942383,0.0,-0.7619851231575012
CENSOR_PRESERVE_LORA,86,8,0,0,0,17.812070846557617,0.0,-1.4752554893493652
CENSOR_PRESERVE_LORA,87,8,0,0,0,17.232318878173828,0.0,-1.026510238647461
CENSOR_PRESERVE_LORA,88,20,0,0,0,46.38667678833008,0.0,-1.4788564443588257
CENSOR_PRESERVE_LORA,89,31,9,9,9,148.2816162109375,124.339599609375,0.6963759064674377
CENSOR_PRESERVE_LORA,90,44,0,0,0,65.5299072265625,0.0,-1.968146562576294
CENSOR_PRESERVE_LORA,91,13,0,0,0,24.00218391418457,0.0,-1.4024192094802856
CENSOR_PRESERVE_LORA,92,21,0,0,0,39.209197998046875,0.0,-0.8284640312194824
CENSOR_PRESERVE_LORA,93,20,0,0,0,34.49573516845703,0.0,-0.872963547706604
CENSOR_PRESERVE_LORA,94,8,0,0,0,14.243185043334961,0.0,-0.7723610997200012
CENSOR_PRESERVE_LORA,95,21,0,0,0,40.708404541015625,0.0,-0.9300273656845093
CENSOR_PRESERVE_LORA,96,20,0,0,0,26.863357543945312,0.0,-0.8071616888046265
CENSOR_PRESERVE_LORA,97,21,4,4,4,94.53732299804688,55.26204299926758,-0.5917453765869141
CENSOR_PRESERVE_LORA,98,6,0,0,0,13.850557327270508,0.0,-1.1072853803634644
CENSOR_PRESERVE_LORA,99,25,1,1,1,49.58913803100586,13.815510749816895,-0.4065988063812256
CENSOR_PRESERVE_LORA,100,17,2,2,2,51.11957931518555,27.63102149963379,-1.3679991960525513
CENSOR_PRESERVE_LORA,101,23,0,0,0,35.277034759521484,0.0,-0.46351540088653564
CENSOR_PRESERVE_LORA,102,20,0,0,0,39.1502571105957,0.0,-0.8867398500442505
CENSOR_PRESERVE_LORA,103,33,0,0,0,52.883087158203125,0.0,-0.9360933303833008
CENSOR_PRESERVE_LORA,104,64,0,0,0,125.41297149658203,0.0,-8.078317642211914
CENSOR_PRESERVE_LORA,105,13,0,0,0,20.417381286621094,0.0,-0.9048599600791931
CENSOR_PRESERVE_LORA,106,11,0,0,0,17.685876846313477,0.0,-0.6863197684288025
CENSOR_PRESERVE_LORA,107,14,0,0,0,18.31972885131836,0.0,-0.6103861927986145
CENSOR_PRESERVE_LORA,108,37,0,0,0,63.47449493408203,0.0,-3.9163901805877686
CENSOR_PRESERVE_LORA,109,20,10,10,10,155.42025756835938,138.1551055908203,0.4783911108970642
CENSOR_PRESERVE_LORA,110,33,4,4,4,109.95380401611328,55.26204299926758,-0.26648473739624023
CENSOR_PRESERVE_LORA,111,27,0,0,0,41.28929138183594,0.0,-0.45154285430908203
CENSOR_PRESERVE_LORA,112,24,0,0,0,44.43833923339844,0.0,-1.1879328489303589
CENSOR_PRESERVE_LORA,113,26,0,0,0,45.591339111328125,0.0,-13.127732276916504
CENSOR_PRESERVE_LORA,114,11,0,0,0,30.606895446777344,0.0,-0.5330548286437988
CENSOR_PRESERVE_LORA,115,13,0,0,0,23.970924377441406,0.0,-0.6178503036499023
CENSOR_PRESERVE_LORA,116,18,0,0,0,30.50423812866211,0.0,-0.7168336510658264
CENSOR_PRESERVE_LORA,117,12,0,0,0,25.452274322509766,0.0,-1.2108222246170044
CENSOR_PRESERVE_LORA,118,31,7,7,7,137.7519989013672,96.70857238769531,-0.3639240860939026
CENSOR_PRESERVE_LORA,119,28,0,0,0,29.34516716003418,0.0,-70.8265151977539
CENSOR_PRESERVE_LORA,120,20,0,0,0,37.803279876708984,0.0,-6.049403190612793
CENSOR_PRESERVE_LORA,121,16,0,0,0,26.87636947631836,0.0,-1.551905870437622
CENSOR_PRESERVE_LORA,122,27,0,0,0,42.868194580078125,0.0,-70.04486083984375
CENSOR_PRESERVE_LORA,123,52,0,0,0,98.13314819335938,0.0,-1.549867868423462
CENSOR_PRESERVE_LORA,124,27,0,0,0,44.17750549316406,0.0,-1.1582841873168945
CENSOR_PRESERVE_LORA,125,28,0,0,0,62.48014831542969,0.0,-1.078607201576233
CENSOR_PRESERVE_LORA,126,8,3,3,3,50.781707763671875,41.446533203125,-0.02097463607788086
CENSOR_PRESERVE_LORA,127,19,0,0,0,31.823070526123047,0.0,-1.0674668550491333
CENSOR_PRESERVE_LORA,128,20,0,0,0,37.277793884277344,0.0,-1.0629289150238037
CENSOR_PRESERVE_LORA,129,33,4,4,4,117.80342102050781,55.26204299926758,-0.3901749551296234
CENSOR_PRESERVE_LORA,130,21,0,0,0,35.457130432128906,0.0,-1.299673318862915
CENSOR_PRESERVE_LORA,131,27,0,0,0,50.64407730102539,0.0,-0.5953783392906189
CENSOR_PRESERVE_LORA,132,32,0,0,0,49.93894958496094,0.0,-11.648509979248047
CENSOR_PRESERVE_LORA,133,15,0,0,0,24.695743560791016,0.0,-1.8547221422195435
CENSOR_PRESERVE_LORA,134,13,0,0,0,30.436359405517578,0.0,-3.957507848739624
CENSOR_PRESERVE_LORA,135,32,0,0,0,53.350990295410156,0.0,-2.2225534915924072
CENSOR_PRESERVE_LORA,136,44,0,0,0,54.74230194091797,0.0,-0.6367717385292053
CENSOR_PRESERVE_LORA,137,17,0,0,0,41.93223571777344,0.0,-1.6336168050765991
CENSOR_PRESERVE_LORA,138,8,0,0,0,15.825507164001465,0.0,-1.3022704124450684
CENSOR_PRESERVE_LORA,139,7,0,0,0,14.75239372253418,0.0,-0.9667605757713318
CENSOR_PRESERVE_LORA,140,36,0,0,0,70.15100860595703,0.0,-1.023637056350708
CENSOR_PRESERVE_LORA,141,10,0,0,0,17.030963897705078,0.0,-0.3480103611946106
CENSOR_PRESERVE_LORA,142,21,0,0,0,36.327735900878906,0.0,-2.789949417114258
CENSOR_PRESERVE_LORA,143,30,0,0,0,57.47662353515625,0.0,-0.8384817242622375
CENSOR_PRESERVE_LORA,144,20,6,6,6,112.28450775146484,82.89306640625,-2.1874921321868896
CENSOR_PRESERVE_LORA,145,13,0,0,0,21.40208625793457,0.0,-1.7529042959213257
CENSOR_PRESERVE_LORA,146,18,0,0,0,31.89288902282715,0.0,-1.2258000373840332
CENSOR_PRESERVE_LORA,147,14,0,0,0,26.278200149536133,0.0,-1.7326618432998657
CENSOR_PRESERVE_LORA,148,36,0,0,0,53.38225173950195,0.0,-1.1951969861984253
CENSOR_PRESERVE_LORA,149,31,0,0,0,51.51430892944336,0.0,-0.9250479936599731
CENSOR_PRESERVE_LORA,150,65,0,0,0,107.41259765625,0.0,-1.922920823097229
CENSOR_PRESERVE_LORA,151,47,1,1,1,83.51655578613281,13.815510749816895,-0.8618595600128174
CENSOR_PRESERVE_LORA,152,24,5,5,5,100.69047546386719,69.07755279541016,0.005533754825592041
CENSOR_PRESERVE_LORA,153,33,13,13,13,216.74819946289062,179.6016387939453,0.19744020700454712
CENSOR_PRESERVE_LORA,154,16,0,0,0,23.809829711914062,0.0,-0.4078325927257538
CENSOR_PRESERVE_LORA,155,12,0,0,0,30.389087677001953,0.0,-2.995894432067871
CENSOR_PRESERVE_LORA,156,16,0,0,0,20.47165298461914,0.0,-1.4997707605361938
CENSOR_PRESERVE_LORA,157,27,0,0,0,47.68305587768555,0.0,-0.6033749580383301
CENSOR_PRESERVE_LORA,158,42,0,0,0,62.24845886230469,0.0,-1.6668847799301147
CENSOR_PRESERVE_LORA,159,31,0,0,0,51.82551574707031,0.0,-0.8644649386405945
CENSOR_PRESERVE_LORA,160,10,0,0,0,16.042346954345703,0.0,-0.42476218938827515
CENSOR_PRESERVE_LORA,161,16,0,0,0,29.095853805541992,0.0,-0.7265633940696716
CENSOR_PRESERVE_LORA,162,33,0,0,0,74.76457977294922,0.0,-2.6730456352233887
CENSOR_PRESERVE_LORA,163,18,0,0,0,33.59624481201172,0.0,-1.3103588819503784
CENSOR_PRESERVE_LORA,164,21,1,1,1,41.99734878540039,13.815510749816895,-0.855043888092041
CENSOR_PRESERVE_LORA,165,31,0,0,0,46.000404357910156,0.0,-0.6374307870864868
CENSOR_PRESERVE_LORA,166,22,0,0,0,42.30845642089844,0.0,-0.860724687576294
CENSOR_PRESERVE_LORA,167,18,0,0,0,32.33094787597656,0.0,-11.928958892822266
CENSOR_PRESERVE_LORA,168,15,0,0,0,27.069503784179688,0.0,-0.7802242040634155
CENSOR_PRESERVE_LORA,169,19,0,0,0,27.934951782226562,0.0,-2.3070926666259766
CENSOR_PRESERVE_LORA,170,20,0,0,0,34.634979248046875,0.0,-0.5600817799568176
CENSOR_PRESERVE_LORA,171,12,0,0,0,22.78635597229004,0.0,-0.722379207611084
CENSOR_PRESERVE_LORA,172,20,0,0,0,37.59552764892578,0.0,-1.3159592151641846
CENSOR_PRESERVE_LORA,173,47,19,19,19,303.98321533203125,262.49468994140625,0.4710855782032013
CENSOR_PRESERVE_LORA,174,4,2,2,2,34.26348876953125,27.63102149963379,-1.2275199890136719
CENSOR_PRESERVE_LORA,175,19,0,0,0,39.91794967651367,0.0,-0.8112285733222961
CENSOR_PRESERVE_LORA,176,25,1,1,1,53.50221633911133,13.815510749816895,-0.3389221131801605
CENSOR_PRESERVE_LORA,177,32,0,0,0,55.799774169921875,0.0,-1.152188777923584
CENSOR_PRESERVE_LORA,178,16,0,0,0,31.931116104125977,0.0,-1.004581093788147
CENSOR_PRESERVE_LORA,179,20,0,0,0,34.20871353149414,0.0,-0.8136669993400574
CENSOR_PRESERVE_LORA,180,17,2,2,2,44.464080810546875,27.63102149963379,-0.7477626204490662
CENSOR_PRESERVE_LORA,181,18,0,0,0,34.60570526123047,0.0,-0.530625581741333
CENSOR_PRESERVE_LORA,182,14,0,0,0,33.46339797973633,0.0,-0.8186532258987427
CENSOR_PRESERVE_LORA,183,27,0,0,0,46.026939392089844,0.0,-0.5348314046859741
CENSOR_PRESERVE_LORA,184,6,0,0,0,13.558540344238281,0.0,-1.378744125366211
CENSOR_PRESERVE_LORA,185,8,0,0,0,15.097217559814453,0.0,-0.3356964886188507
CENSOR_PRESERVE_LORA,186,34,0,0,0,64.36608123779297,0.0,-0.6604126691818237
CENSOR_PRESERVE_LORA,187,37,0,0,0,62.41912078857422,0.0,-1.2206130027770996
CENSOR_PRESERVE_LORA,188,7,0,0,0,10.071296691894531,0.0,-0.3232402801513672
CENSOR_PRESERVE_LORA,189,26,0,0,0,26.338462829589844,0.0,-76.07488250732422
CENSOR_PRESERVE_LORA,190,22,1,1,1,54.96437454223633,13.815510749816895,-0.8972780704498291
CENSOR_PRESERVE_LORA,191,29,0,0,0,52.48162078857422,0.0,-1.0840792655944824
CENSOR_PRESERVE_LORA,192,12,0,0,0,23.284130096435547,0.0,-0.8903605341911316
CENSOR_PRESERVE_LORA,193,38,0,0,0,55.41835021972656,0.0,-2.1343576908111572
CENSOR_PRESERVE_LORA,194,21,0,0,0,37.61476135253906,0.0,-5.058967113494873
CENSOR_PRESERVE_LORA,195,32,0,0,0,59.671417236328125,0.0,-1.5355401039123535
CENSOR_PRESERVE_LORA,196,2,0,0,0,5.040583610534668,0.0,-8.350190162658691
CENSOR_PRESERVE_LORA,197,7,0,0,0,16.260211944580078,0.0,-0.8100581765174866
CENSOR_PRESERVE_LORA,198,11,0,0,0,24.545368194580078,0.0,-0.977132260799408
CENSOR_PRESERVE_LORA,199,43,0,0,0,73.3814697265625,0.0,-1.2214102745056152
CENSOR_PRESERVE_LORA,200,30,0,0,0,43.85865020751953,0.0,-2.772887706756592
CENSOR_PRESERVE_LORA,201,18,2,2,2,52.76360321044922,27.63102149963379,-0.527458131313324
CENSOR_PRESERVE_LORA,202,20,0,0,0,32.249916076660156,0.0,-0.7775499820709229
CENSOR_PRESERVE_LORA,203,9,0,0,0,13.864107131958008,0.0,-0.3840872049331665
CENSOR_PRESERVE_LORA,204,17,5,5,5,95.78324890136719,69.07755279541016,3.239182949066162
CENSOR_PRESERVE_LORA,205,13,0,0,0,21.4353084564209,0.0,-0.3557133972644806
CENSOR_PRESERVE_LORA,206,12,0,0,0,34.483272552490234,0.0,-2.7363736629486084
CENSOR_PRESERVE_LORA,207,35,0,0,0,56.2040901184082,0.0,-2.0009467601776123
CENSOR_PRESERVE_LORA,208,10,0,0,0,24.407821655273438,0.0,-1.4342035055160522
CENSOR_PRESERVE_LORA,209,29,0,0,0,47.690067291259766,0.0,-0.8236566781997681
CENSOR_PRESERVE_LORA,210,10,0,0,0,19.29576873779297,0.0,-1.3278008699417114
CENSOR_PRESERVE_LORA,211,43,0,0,0,83.48004913330078,0.0,-0.9763491153717041
CENSOR_PRESERVE_LORA,212,13,0,0,0,21.761564254760742,0.0,-0.6632391214370728
CENSOR_PRESERVE_LORA,213,28,0,0,0,45.22441864013672,0.0,-0.682540237903595
CENSOR_PRESERVE_LORA,214,21,0,0,0,36.70209503173828,0.0,-0.6806105375289917
CENSOR_PRESERVE_LORA,215,45,0,0,0,47.51199722290039,0.0,-1.529393196105957
CENSOR_PRESERVE_LORA,216,24,0,0,0,36.114219665527344,0.0,-0.6505753993988037
CENSOR_PRESERVE_LORA,217,52,0,0,0,71.13737487792969,0.0,-0.81850266456604
CENSOR_PRESERVE_LORA,218,38,0,0,0,64.55472564697266,0.0,-0.8881429433822632
CENSOR_PRESERVE_LORA,219,12,0,0,0,27.413663864135742,0.0,-1.04061758518219
CENSOR_PRESERVE_LORA,220,34,0,0,0,47.251373291015625,0.0,-2.024385452270508
CENSOR_PRESERVE_LORA,221,15,0,0,0,22.13180923461914,0.0,-0.4035570025444031
CENSOR_PRESERVE_LORA,222,23,0,0,0,38.3934211730957,0.0,-0.9240694642066956
CENSOR_PRESERVE_LORA,223,15,0,0,0,25.31938934326172,0.0,-0.31857484579086304
CENSOR_PRESERVE_LORA,224,14,1,1,1,48.8466911315918,13.815510749816895,-1.5575695037841797
CENSOR_PRESERVE_LORA,225,16,2,2,2,52.007354736328125,27.63102149963379,-0.4115474820137024
CENSOR_PRESERVE_LORA,226,26,0,0,0,44.62174987792969,0.0,-0.7462136149406433
CENSOR_PRESERVE_LORA,227,1,0,0,0,3.4365766048431396,0.0,-1.4612271785736084
CENSOR_PRESERVE_LORA,228,11,0,0,0,24.267169952392578,0.0,-1.3436754941940308
CENSOR_PRESERVE_LORA,229,5,0,0,0,8.899513244628906,0.0,-2.2156822681427
CENSOR_PRESERVE_LORA,230,19,0,0,0,40.740230560302734,0.0,-0.7818261981010437
CENSOR_PRESERVE_LORA,231,16,0,0,0,33.10823059082031,0.0,-1.1700663566589355
CENSOR_PRESERVE_LORA,232,21,0,0,0,35.337703704833984,0.0,-0.8102576732635498
CENSOR_PRESERVE_LORA,233,33,0,0,0,64.24664306640625,0.0,-1.3535857200622559
CENSOR_PRESERVE_LORA,234,12,0,0,0,23.641258239746094,0.0,-0.7509804368019104
CENSOR_PRESERVE_LORA,235,33,7,7,7,172.367919921875,96.70857238769531,-0.165484219789505
CENSOR_PRESERVE_LORA,236,44,1,1,1,60.280120849609375,13.815510749816895,-0.15715967118740082
CENSOR_PRESERVE_LORA,237,16,0,0,0,26.14504623413086,0.0,-0.44085583090782166
CENSOR_PRESERVE_LORA,238,15,0,0,0,32.16343307495117,0.0,-0.8191445469856262
CENSOR_PRESERVE_LORA,239,17,0,0,0,26.670217514038086,0.0,-1.2330570220947266
CENSOR_PRESERVE_LORA,240,24,7,7,7,120.68891143798828,96.70857238769531,0.11369053274393082
CENSOR_PRESERVE_LORA,241,14,4,4,4,83.04136657714844,55.26204299926758,-1.260855793952942
CENSOR_PRESERVE_LORA,242,19,0,0,0,33.16728210449219,0.0,-0.9231891632080078
CENSOR_PRESERVE_LORA,243,11,0,0,0,28.39552879333496,0.0,-0.6982933282852173
CENSOR_PRESERVE_LORA,244,29,0,0,0,57.75534439086914,0.0,-1.4740229845046997
CENSOR_PRESERVE_LORA,245,48,0,0,0,72.26101684570312,0.0,-0.9249553084373474
CENSOR_PRESERVE_LORA,246,15,0,0,0,21.766666412353516,0.0,-0.4771764576435089
CENSOR_PRESERVE_LORA,247,6,0,0,0,13.129451751708984,0.0,-30.41913604736328
CENSOR_PRESERVE_LORA,248,43,0,0,0,50.890174865722656,0.0,-1.3330001831054688
CENSOR_PRESERVE_LORA,249,28,0,0,0,40.75221633911133,0.0,-1.405953049659729
CENSOR_PRESERVE_LORA,250,13,0,0,0,24.742996215820312,0.0,-0.7435309290885925
CENSOR_PRESERVE_LORA,251,19,0,0,0,48.7372932434082,0.0,-2.0743749141693115
CENSOR_PRESERVE_LORA,252,14,0,0,0,27.31464385986328,0.0,-1.036048173904419
CENSOR_PRESERVE_LORA,253,27,0,0,0,53.58294677734375,0.0,-0.8089577555656433
CENSOR_PRESERVE_LORA,254,25,0,0,0,36.67405700683594,0.0,-0.29582369327545166
CENSOR_PRESERVE_LORA,255,24,0,0,0,33.03176498413086,0.0,-1.122930645942688
CENSOR_PRESERVE_LORA,256,33,0,0,0,56.5848388671875,0.0,-1.244242548942566
CENSOR_PRESERVE_LORA,257,14,0,0,0,31.92816925048828,0.0,-6.482292652130127
CENSOR_PRESERVE_LORA,258,13,0,0,0,26.605396270751953,0.0,-1.3666083812713623
CENSOR_PRESERVE_LORA,259,49,0,0,0,60.962608337402344,0.0,-0.7790284156799316
CENSOR_PRESERVE_LORA,260,33,0,0,0,42.82200622558594,0.0,-2.4672040939331055
CENSOR_PRESERVE_LORA,261,29,0,0,0,58.56510925292969,0.0,-2.9977240562438965
CENSOR_PRESERVE_LORA,262,7,0,0,0,16.477293014526367,0.0,-4.117980480194092
CENSOR_PRESERVE_LORA,263,19,0,0,0,30.652263641357422,0.0,-1.538335919380188
CENSOR_PRESERVE_LORA,264,8,0,0,0,14.166631698608398,0.0,-0.5831543207168579
CENSOR_PRESERVE_LORA,265,28,8,8,8,145.22657775878906,110.52408599853516,-2.1370975971221924
CENSOR_PRESERVE_LORA,266,23,0,0,0,37.28908157348633,0.0,-2.3686563968658447
CENSOR_PRESERVE_LORA,267,16,0,0,0,35.87919616699219,0.0,-1.58268141746521
CENSOR_PRESERVE_LORA,268,30,0,0,0,42.08002471923828,0.0,-1.672191858291626
CENSOR_PRESERVE_LORA,269,30,0,0,0,62.649322509765625,0.0,-1.6453121900558472
CENSOR_PRESERVE_LORA,270,14,0,0,0,23.59988021850586,0.0,-0.8813453316688538
CENSOR_PRESERVE_LORA,271,16,2,2,2,55.385318756103516,27.63102149963379,-3.933955430984497
CENSOR_PRESERVE_LORA,272,29,4,4,4,95.80720520019531,55.26204299926758,-0.32933300733566284
CENSOR_PRESERVE_LORA,273,25,0,0,0,66.7823257446289,0.0,-2.4935669898986816
CENSOR_PRESERVE_LORA,274,9,0,0,0,21.921398162841797,0.0,-1.2776832580566406
CENSOR_PRESERVE_LORA,275,20,0,0,0,33.6509895324707,0.0,-1.6613537073135376
CENSOR_PRESERVE_LORA,276,23,0,0,0,53.432342529296875,0.0,-3.0084259510040283
CENSOR_PRESERVE_LORA,277,28,0,0,0,51.43914031982422,0.0,-1.2152644395828247
CENSOR_PRESERVE_LORA,278,27,0,0,0,41.52558135986328,0.0,-6.255981922149658
CENSOR_PRESERVE_LORA,279,41,0,0,0,59.13503646850586,0.0,-0.7870784997940063
CENSOR_PRESERVE_LORA,280,6,0,0,0,16.522682189941406,0.0,-2.4145476818084717
CENSOR_PRESERVE_LORA,281,23,0,0,0,32.77934646606445,0.0,-4.930989742279053
CENSOR_PRESERVE_LORA,282,40,0,0,0,62.78964614868164,0.0,-1.7335468530654907
CENSOR_PRESERVE_LORA,283,32,0,0,0,33.360740661621094,0.0,-13.546936988830566
CENSOR_PRESERVE_LORA,284,19,0,0,0,36.887962341308594,0.0,-0.8143854141235352
CENSOR_PRESERVE_LORA,285,43,0,0,0,68.5423355102539,0.0,-0.39568209648132324
CENSOR_PRESERVE_LORA,286,26,0,0,0,34.0279655456543,0.0,-1.1023504734039307
CENSOR_PRESERVE_LORA,287,25,3,3,3,77.70865631103516,41.446533203125,-0.15289306640625
CENSOR_PRESERVE_LORA,288,6,1,1,1,28.672378540039062,13.815510749816895,-1.5153416395187378
CENSOR_PRESERVE_LORA,289,9,0,0,0,19.86334228515625,0.0,-1.554425597190857
CENSOR_PRESERVE_LORA,290,19,0,0,0,35.32487487792969,0.0,-1.3316737413406372
CENSOR_PRESERVE_LORA,291,9,0,0,0,19.618606567382812,0.0,-0.8271389007568359
CENSOR_PRESERVE_LORA,292,33,0,0,0,45.71051788330078,0.0,-1.3955295085906982
CENSOR_PRESERVE_LORA,293,17,0,0,0,23.017444610595703,0.0,-0.7410195469856262
CENSOR_PRESERVE_LORA,294,7,0,0,0,13.736228942871094,0.0,-1.2285997867584229
CENSOR_PRESERVE_LORA,295,22,0,0,0,51.87260055541992,0.0,-10.57364273071289
CENSOR_PRESERVE_LORA,296,26,0,0,0,37.205772399902344,0.0,-0.9836603403091431
CENSOR_PRESERVE_LORA,297,14,0,0,0,23.39281463623047,0.0,-0.5443853139877319
CENSOR_PRESERVE_LORA,298,8,0,0,0,20.712013244628906,0.0,-1.4307918548583984
CENSOR_PRESERVE_LORA,299,37,0,0,0,67.5572280883789,0.0,-0.9918196201324463
CENSOR_PRESERVE_LORA,300,24,0,0,0,54.068172454833984,0.0,-1.8411391973495483
CENSOR_PRESERVE_LORA,301,45,0,0,0,44.20802307128906,0.0,-1.6619610786437988
CENSOR_PRESERVE_LORA,302,13,3,3,3,66.89656829833984,41.446533203125,-0.8492914438247681
CENSOR_PRESERVE_LORA,303,11,2,2,2,39.70953369140625,27.63102149963379,0.144764244556427
CENSOR_PRESERVE_LORA,304,33,0,0,0,51.02245330810547,0.0,-2.324610948562622
CENSOR_PRESERVE_LORA,305,8,0,0,0,18.780670166015625,0.0,-1.2259126901626587
CENSOR_PRESERVE_LORA,306,25,0,0,0,36.152164459228516,0.0,-0.44480186700820923
CENSOR_PRESERVE_LORA,307,15,0,0,0,28.224693298339844,0.0,-2.281168222427368
CENSOR_PRESERVE_LORA,308,15,0,0,0,33.508934020996094,0.0,-1.042991042137146
CENSOR_PRESERVE_LORA,309,8,0,0,0,15.336267471313477,0.0,-0.8420119285583496
CENSOR_PRESERVE_LORA,310,28,0,0,0,54.5864143371582,0.0,-2.005579710006714
CENSOR_PRESERVE_LORA,311,22,0,0,0,38.334068298339844,0.0,-1.5593265295028687
CENSOR_PRESERVE_LORA,312,35,0,0,0,58.974891662597656,0.0,-0.9042716026306152
CENSOR_PRESERVE_LORA,313,13,0,0,0,21.204246520996094,0.0,-0.49475976824760437
CENSOR_PRESERVE_LORA,314,15,2,2,2,107.16758728027344,27.63102149963379,-0.3336849808692932
CENSOR_PRESERVE_LORA,315,28,0,0,0,47.4937744140625,0.0,-0.9422392249107361
CENSOR_PRESERVE_LORA,316,18,0,0,0,24.2418212890625,0.0,-0.899388313293457
CENSOR_PRESERVE_LORA,317,25,0,0,0,41.99825668334961,0.0,-1.5566673278808594
CENSOR_PRESERVE_LORA,318,27,0,0,0,49.4022102355957,0.0,-0.5090920925140381
CENSOR_PRESERVE_LORA,319,17,0,0,0,30.230005264282227,0.0,-1.311077356338501
CENSOR_PRESERVE_LORA,320,33,6,6,6,139.3638458251953,82.89306640625,-0.6843619346618652
CENSOR_PRESERVE_LORA,321,3,0,0,0,6.732093334197998,0.0,-1.0205492973327637
CENSOR_PRESERVE_LORA,322,24,0,0,0,45.32358169555664,0.0,-2.915621757507324
CENSOR_PRESERVE_LORA,323,16,0,0,0,30.675891876220703,0.0,-0.4894946813583374
CENSOR_PRESERVE_LORA,324,19,0,0,0,39.023193359375,0.0,-3.988298177719116
CENSOR_PRESERVE_LORA,325,4,1,1,1,22.859813690185547,13.815510749816895,-0.6208894848823547
CENSOR_PRESERVE_LORA,326,24,0,0,0,39.89015197753906,0.0,-0.9569973945617676
CENSOR_PRESERVE_LORA,327,40,0,0,0,86.31390380859375,0.0,-2.9877700805664062
CENSOR_PRESERVE_LORA,328,26,0,0,0,51.3117561340332,0.0,-4.100188255310059
CENSOR_PRESERVE_LORA,329,28,0,0,0,45.65404510498047,0.0,-1.0793242454528809
CENSOR_PRESERVE_LORA,330,6,0,0,0,14.097919464111328,0.0,-0.8723397254943848
CENSOR_PRESERVE_LORA,331,12,0,0,0,27.367656707763672,0.0,-1.098099708557129
CENSOR_PRESERVE_LORA,332,27,7,7,7,126.96185302734375,96.70857238769531,0.36748185753822327
CENSOR_PRESERVE_LORA,333,14,0,0,0,25.392059326171875,0.0,-5.803324222564697
CENSOR_PRESERVE_LORA,334,12,0,0,0,23.687122344970703,0.0,-0.9708506464958191
CENSOR_PRESERVE_LORA,335,5,0,0,0,9.353402137756348,0.0,-0.36255308985710144
CENSOR_PRESERVE_LORA,336,34,0,0,0,63.771156311035156,0.0,-3.3302931785583496
CENSOR_PRESERVE_LORA,337,20,3,3,3,82.91072082519531,41.446533203125,-0.8749760389328003
CENSOR_PRESERVE_LORA,338,11,0,0,0,22.85588836669922,0.0,-0.6903224587440491
CENSOR_PRESERVE_LORA,339,34,0,0,0,44.751800537109375,0.0,-3.1812875270843506
CENSOR_PRESERVE_LORA,340,30,0,0,0,54.32672119140625,0.0,-9.717987060546875
CENSOR_PRESERVE_LORA,341,13,0,0,0,22.49651336669922,0.0,-1.9575432538986206
CENSOR_PRESERVE_LORA,342,40,0,0,0,62.058258056640625,0.0,-0.5142373442649841
CENSOR_PRESERVE_LORA,343,10,1,1,1,33.097251892089844,13.815510749816895,-1.3265241384506226
CENSOR_PRESERVE_LORA,344,17,0,0,0,24.979352951049805,0.0,-0.34599390625953674
CENSOR_PRESERVE_LORA,345,3,0,0,0,7.50399923324585,0.0,-0.7667489051818848
CENSOR_PRESERVE_LORA,346,11,0,0,0,12.278230667114258,0.0,-0.15270423889160156
CENSOR_PRESERVE_LORA,347,36,0,0,0,55.86033630371094,0.0,-4.978971004486084
CENSOR_PRESERVE_LORA,348,24,0,0,0,43.210716247558594,0.0,-1.1724356412887573
CENSOR_PRESERVE_LORA,349,68,0,0,0,102.01467895507812,0.0,-0.6254844069480896
CENSOR_PRESERVE_LORA,350,34,0,0,0,56.80571365356445,0.0,-0.7403402924537659
CENSOR_PRESERVE_LORA,351,31,0,0,0,59.58511734008789,0.0,-1.0804113149642944
CENSOR_PRESERVE_LORA,352,7,0,0,0,16.771696090698242,0.0,-1.1247026920318604
CENSOR_PRESERVE_LORA,353,4,0,0,0,7.284950256347656,0.0,-9.22728443145752
CENSOR_PRESERVE_LORA,354,37,0,0,0,56.60272216796875,0.0,-1.072885513305664
CENSOR_PRESERVE_LORA,355,38,0,0,0,57.51551818847656,0.0,-0.9700757265090942
CENSOR_PRESERVE_LORA,356,32,0,0,0,63.504642486572266,0.0,-1.3832602500915527
CENSOR_PRESERVE_LORA,357,15,0,0,0,26.694957733154297,0.0,-0.628141462802887
CENSOR_PRESERVE_LORA,358,3,0,0,0,5.804465293884277,0.0,-0.5944135785102844
CENSOR_PRESERVE_LORA,359,12,0,0,0,18.47892189025879,0.0,-0.8712379336357117
