episode,building,role,days,arm,step,fit,train_seconds,scaled_RMSE,raw_RMSE,raw_MAE,scaled_2pinball,history_std,official_style_NRMSE_percent,replay_file,replay_sha256,a,b,parameters,objective,predictor_variance
Rat_education_Irma_H3,Rat_education_Irma,tune,3,local_r1_epoch1,2,local_tune_Rat_education_Irma_H3_r1,0.2599774609989254,0.802423029226648,3.8326125146150645,2.868323663075765,0.4238206230617877,4.77629925241406,8.846787180398907,.cache/building_transfer_subspace_v1_20260915/scores/tune_Rat_education_Irma_H3_local_r1_epoch1.npz,36870f4227ce5471eac9531754300b45c1e3c3b1de0351b5a4e15f7b1f1bf0dc,,,,,
Rat_education_Irma_H3,Rat_education_Irma,tune,3,local_r1_epoch4,8,local_tune_Rat_education_Irma_H3_r1,0.8761238489969401,0.8036814347605861,3.8386230360260463,2.874221026102702,0.42446914249878587,4.77629925241406,8.860661216337427,.cache/building_transfer_subspace_v1_20260915/scores/tune_Rat_education_Irma_H3_local_r1_epoch4.npz,4e6ee0f66bdf6def81ff74634b95a748c492abbb155d864d4c998e3314bd73f4,,,,,
Rat_education_Irma_H3,Rat_education_Irma,tune,3,local_r1_epoch16,32,local_tune_Rat_education_Irma_H3_r1,3.2970621220156318,0.8140792357702801,3.888286045215398,2.921989777882894,0.42916313272943574,4.77629925241406,8.975297922072995,.cache/building_transfer_subspace_v1_20260915/scores/tune_Rat_education_Irma_H3_local_r1_epoch16.npz,b7db8b205e2acab0df152f6317205ee0e42ccc29526cdbc79b46b6ae9bb258db,,,,,
Rat_education_Irma_H3,Rat_education_Irma,tune,3,local_r1_fixed120,120,local_tune_Rat_education_Irma_H3_r1,12.236999338012538,0.8272162064810225,3.9510321486001025,3.0851055272420247,0.4796258332607398,4.77629925241406,9.120134223923756,.cache/building_transfer_subspace_v1_20260915/scores/tune_Rat_education_Irma_H3_local_r1_fixed120.npz,17888f117215f19ce6df9130b29af50b9711e5e5fc0f02acc2555e7b51d5cd17,,,,,
Rat_education_Irma_H3,Rat_education_Irma,tune,3,F0,0,local_tune_Rat_education_Irma_H3_r1,0.0,0.8024196410123411,3.8325963314896034,2.8686000696818037,0.4238808065115504,4.77629925241406,8.846749825026736,.cache/building_transfer_subspace_v1_20260915/scores/tune_Rat_education_Irma_H3_F0.npz,0e108fb00dfef2a276e06c2ca2ff5a63fffc9bbcb23a94c89790ba959090455a,,,,,
Rat_education_Irma_H3,Rat_education_Irma,tune,3,AFFINE,0,local_tune_Rat_education_Irma_H3_r1,0.0,0.9081410098040349,4.337553226213561,3.3148723841700503,0.5311252650639164,4.77629925241406,10.012337571208436,.cache/building_transfer_subspace_v1_20260915/scores/tune_Rat_education_Irma_H3_AFFINE.npz,e00e974ce2279ba8e1bf9d7f2bfee5d071edfa4d188c6f6b584e5aae15867a21,0.40150086539711877,23.881193827863655,2,squared median error; a>=1e-6; centered closed-form OLS,17.194823548101184
Rat_education_Irma_H3,Rat_education_Irma,tune,3,local_r8_epoch1,2,local_tune_Rat_education_Irma_H3_r8,0.21174673100176733,0.8020440390531431,3.830802344132681,2.8625491650899253,0.4230961892808527,4.77629925241406,8.842608779123845,.cache/building_transfer_subspace_v1_20260915/scores/tune_Rat_education_Irma_H3_local_r8_epoch1.npz,4b29e978432dc9b4d78070942b6a01bcb5367ac3aa4ed862f6d557d6a5e55cf2,,,,,
Rat_education_Irma_H3,Rat_education_Irma,tune,3,local_r8_epoch4,8,local_tune_Rat_education_Irma_H3_r8,0.824273243008065,0.8142459285962337,3.889082220035383,2.9203626505533857,0.4293605415110046,4.77629925241406,8.97713572570275,.cache/building_transfer_subspace_v1_20260915/scores/tune_Rat_education_Irma_H3_local_r8_epoch4.npz,952ea6e03b1a97707397f5f4ab70fd42b09463cdc07555150b231b1ddf9cf429,,,,,
Rat_education_Irma_H3,Rat_education_Irma,tune,3,local_r8_epoch16,32,local_tune_Rat_education_Irma_H3_r8,3.243255398061592,0.8249387721997659,3.9401544409451144,3.0153681627909346,0.43881282791740644,4.77629925241406,9.095025302980845,.cache/building_transfer_subspace_v1_20260915/scores/tune_Rat_education_Irma_H3_local_r8_epoch16.npz,b8e1b771cfe35c781ca75ae519247e7e629436083bf4cd5b6ed9ba2794c5be15,,,,,
Rat_education_Irma_H3,Rat_education_Irma,tune,3,local_r8_fixed120,120,local_tune_Rat_education_Irma_H3_r8,12.371491969068302,0.88433461735703,4.223846771766256,3.4281204032897947,0.6435530834906429,4.77629925241406,9.749869920305287,.cache/building_transfer_subspace_v1_20260915/scores/tune_Rat_education_Irma_H3_local_r8_fixed120.npz,f4149a35a097f1fa2135df6da469b0b3d078fb71fb05f81c7b66bb74ab3836bc,,,,,
Rat_education_Irma_H14,Rat_education_Irma,tune,14,local_r1_epoch1,13,local_tune_Rat_education_Irma_H14_r1,1.367677479982376,0.20650605176624592,3.835434065845004,2.8701933415730796,0.10908370061393138,18.57298627832232,8.853300143333376,.cache/building_transfer_subspace_v1_20260915/scores/tune_Rat_education_Irma_H14_local_r1_epoch1.npz,56c6730f8f4125089270fb30479a7566261f161f73719054509ddaae8ece36fc,,,,,
Rat_education_Irma_H14,Rat_education_Irma,tune,14,local_r1_epoch4,52,local_tune_Rat_education_Irma_H14_r1,5.374161179977818,0.2078157134427908,3.859758394192716,2.8900281778971357,0.1098573623319119,18.57298627832232,8.9094477855429,.cache/building_transfer_subspace_v1_20260915/scores/tune_Rat_education_Irma_H14_local_r1_epoch4.npz,ae25573eda45877886d57e0df8870cbd2f16be6ba45fc8a149d3bb2575118ca9,,,,,
Rat_education_Irma_H14,Rat_education_Irma,tune,14,local_r1_epoch16,208,local_tune_Rat_education_Irma_H14_r1,21.48371333106479,0.19945204829182728,3.7044201561073886,2.7232214800516767,0.10508922790770832,18.57298627832232,8.55088183918684,.cache/building_transfer_subspace_v1_20260915/scores/tune_Rat_education_Irma_H14_local_r1_epoch16.npz,a714ab3fba153e024306a357689a25ccff9ad72685f3bbe68acfce2051c206e7,,,,,
Rat_education_Irma_H14,Rat_education_Irma,tune,14,local_r1_fixed120,120,local_tune_Rat_education_Irma_H14_r1,12.440086544011137,0.2094105508993172,3.8893792883889358,2.8993082237243653,0.11093022515645981,18.57298627832232,8.977821446080661,.cache/building_transfer_subspace_v1_20260915/scores/tune_Rat_education_Irma_H14_local_r1_fixed120.npz,b67821ce0260e861593339f3c64454699c2d8b7f74321a4d18255f2adcc29a29,,,,,
Rat_education_Irma_H14,Rat_education_Irma,tune,14,F0,0,local_tune_Rat_education_Irma_H14_r1,0.0,0.2063532635009193,3.8325963314896034,2.8686000696818037,0.10900678807999775,18.57298627832232,8.846749825026736,.cache/building_transfer_subspace_v1_20260915/scores/tune_Rat_education_Irma_H14_F0.npz,6c5e440a17548429e1be9af90867f246c2486bd62658221cacbb43c0bdb9dea6,,,,,
Rat_education_Irma_H14,Rat_education_Irma,tune,14,AFFINE,0,local_tune_Rat_education_Irma_H14_r1,0.0,0.154397703486426,2.8676264282578683,2.459385820095866,0.09065391362589585,18.57298627832232,6.619317926595254,.cache/building_transfer_subspace_v1_20260915/scores/tune_Rat_education_Irma_H14_AFFINE.npz,98d61077c3a7c407751d4f97c75cc489af7bbbd3ad2e3697bf0656daa5b385fd,0.7197897009086396,15.208868733328892,2,squared median error; a>=1e-6; centered closed-form OLS,285.3743283401776
Rat_education_Irma_H14,Rat_education_Irma,tune,14,local_r8_epoch1,13,local_tune_Rat_education_Irma_H14_r8,1.3073056269640801,0.20728477280767285,3.849897241062067,2.875987548828125,0.10944838268783327,18.57298627832232,8.88668536884476,.cache/building_transfer_subspace_v1_20260915/scores/tune_Rat_education_Irma_H14_local_r8_epoch1.npz,3c7b9e09a8d9cb43802a2fa90b6c9e448f47ff8c101bac6e6c670929d725d42f,,,,,
Rat_education_Irma_H14,Rat_education_Irma,tune,14,local_r8_epoch4,52,local_tune_Rat_education_Irma_H14_r8,5.286256643987144,0.20890585320609162,3.8800055450579563,2.8994781366984053,0.11101366710971855,18.57298627832232,8.95618411331701,.cache/building_transfer_subspace_v1_20260915/scores/tune_Rat_education_Irma_H14_local_r8_epoch4.npz,18e99796c31dedd7c74ab8b783adf8d01d7e595ad433df730e2fd775f4449792,,,,,
Rat_education_Irma_H14,Rat_education_Irma,tune,14,local_r8_epoch16,208,local_tune_Rat_education_Irma_H14_r8,21.088832571040257,0.14448220005858892,2.683465919149992,1.967263177235921,0.07684404677236487,18.57298627832232,6.194221774845375,.cache/building_transfer_subspace_v1_20260915/scores/tune_Rat_education_Irma_H14_local_r8_epoch16.npz,8df5aea2981eb52ddd63c184e7f7b0067791a689c6cc30cb5fcaaf8907142d01,,,,,
Rat_education_Irma_H14,Rat_education_Irma,tune,14,local_r8_fixed120,120,local_tune_Rat_education_Irma_H14_r8,12.178062853010488,0.17587425897952352,3.266510198736796,2.32230011622111,0.09177048587107776,18.57298627832232,7.540057973674234,.cache/building_transfer_subspace_v1_20260915/scores/tune_Rat_education_Irma_H14_local_r8_fixed120.npz,184eb0ffb0b2f806fd2aeea0c69225b41d78ec62c135d6a623cc430adf6344e3,,,,,
Rat_public_Chrissy_H3,Rat_public_Chrissy,tune,3,local_r1_epoch1,2,local_tune_Rat_public_Chrissy_H3_r1,0.2040135970019037,2.0868990684320448,7.166599434087138,6.969011688232421,1.3425550620138185,3.4340901016701486,15.192861621596268,.cache/building_transfer_subspace_v1_20260915/scores/tune_Rat_public_Chrissy_H3_local_r1_epoch1.npz,da4a53487db7691f9587134258fe85907d53d6b9a6288e74ad79cd16b5619bac,,,,,
Rat_public_Chrissy_H3,Rat_public_Chrissy,tune,3,local_r1_epoch4,8,local_tune_Rat_public_Chrissy_H3_r1,0.819198453988065,2.0962925507603742,7.198857498771068,7.001670900980631,1.3491445188272067,3.4340901016701486,15.261247237037864,.cache/building_transfer_subspace_v1_20260915/scores/tune_Rat_public_Chrissy_H3_local_r1_epoch4.npz,eabb918eab9dfddfbabab80efded173a833d24208d28a328a90e1be3e1765279,,,,,
Rat_public_Chrissy_H3,Rat_public_Chrissy,tune,3,local_r1_epoch16,32,local_tune_Rat_public_Chrissy_H3_r1,3.234041650997824,2.1992470605584753,7.552412561791029,7.360835456848144,1.428445474125345,3.4340901016701486,16.01076773102948,.cache/building_transfer_subspace_v1_20260915/scores/tune_Rat_public_Chrissy_H3_local_r1_epoch16.npz,a474d41c0e61e16678043ac0502ef7b524233f70593bafc5058dd4d59626e162,,,,,
Rat_public_Chrissy_H3,Rat_public_Chrissy,tune,3,local_r1_fixed120,120,local_tune_Rat_public_Chrissy_H3_r1,12.23451619403204,2.599598838918857,8.927256641044458,8.746002578735352,2.0446812197524644,3.4340901016701486,18.92537402924362,.cache/building_transfer_subspace_v1_20260915/scores/tune_Rat_public_Chrissy_H3_local_r1_fixed120.npz,8b016cfdcd9bdba91e259584b0a8af10ba537cea7c8437002c5847bc2c415d21,,,,,
Rat_public_Chrissy_H3,Rat_public_Chrissy,tune,3,F0,0,local_tune_Rat_public_Chrissy_H3_r1,0.0,2.0846520157876363,7.158882852843044,6.961251958211263,1.340979672584703,3.4340901016701486,15.176502823799407,.cache/building_transfer_subspace_v1_20260915/scores/tune_Rat_public_Chrissy_H3_F0.npz,b40d1a61a11683d6209c7fcd40b549a800f2516176655e2d6d5e6431b19d9996,,,,,
Rat_public_Chrissy_H3,Rat_public_Chrissy,tune,3,AFFINE,0,local_tune_Rat_public_Chrissy_H3_r1,0.0,1.9877598016174935,6.826146259232453,6.555941246020827,1.6565379335901715,3.4340901016701486,14.47111652871468,.cache/building_transfer_subspace_v1_20260915/scores/tune_Rat_public_Chrissy_H3_AFFINE.npz,3e8222731de7893d3644802bab30efd1317ee58b9d388d92cd053ce669ec6108,0.23263671983457535,31.260666970282674,2,squared median error; a>=1e-6; centered closed-form OLS,5.321711674646672
Rat_public_Chrissy_H3,Rat_public_Chrissy,tune,3,local_r8_epoch1,2,local_tune_Rat_public_Chrissy_H3_r8,0.20167696199496277,2.1019226499167116,7.218191766555268,7.021063391367594,1.353322367951625,3.4340901016701486,15.302234996672242,.cache/building_transfer_subspace_v1_20260915/scores/tune_Rat_public_Chrissy_H3_local_r8_epoch1.npz,b6774e146792666c301ee2d2c05edde3d51cda5d33f910ec9fff52ef56de3aa9,,,,,
Rat_public_Chrissy_H3,Rat_public_Chrissy,tune,3,local_r8_epoch4,8,local_tune_Rat_public_Chrissy_H3_r8,0.8063211869884981,2.183579896085039,7.498610107351564,7.305853748321533,1.415750389867412,3.4340901016701486,15.896708998890343,.cache/building_transfer_subspace_v1_20260915/scores/tune_Rat_public_Chrissy_H3_local_r8_epoch4.npz,8c69b874e7784bf3604cc96145570d8bb55001dc33699b5c5e368ffaa60f2b67,,,,,
Rat_public_Chrissy_H3,Rat_public_Chrissy,tune,3,local_r8_epoch16,32,local_tune_Rat_public_Chrissy_H3_r8,3.309101409991854,2.6835529268216245,9.215562543306097,9.056087557474772,1.9539240297728746,3.4340901016701486,19.536569299474106,.cache/building_transfer_subspace_v1_20260915/scores/tune_Rat_public_Chrissy_H3_local_r8_epoch16.npz,baf826d7d27fef61044dc2f4c4cb1e2a8e07ea0550c154c80b7cd80db4c954f1,,,,,
Rat_public_Chrissy_H3,Rat_public_Chrissy,tune,3,local_r8_fixed120,120,local_tune_Rat_public_Chrissy_H3_r8,12.312563559098635,2.7177048325023456,9.332843264557434,8.845355733235676,2.465154180042539,3.4340901016701486,19.7851990415492,.cache/building_transfer_subspace_v1_20260915/scores/tune_Rat_public_Chrissy_H3_local_r8_fixed120.npz,546897bf9e3a249cf2e99270da14152530e6f11984cdf8d0bb5af76c6e49dcaf,,,,,
Rat_public_Chrissy_H14,Rat_public_Chrissy,tune,14,local_r1_epoch1,13,local_tune_Rat_public_Chrissy_H14_r1,1.3472848670498934,1.3749941363307643,7.144777595385745,6.947099749247233,0.8848719076987941,5.196224046781694,15.146600325877387,.cache/building_transfer_subspace_v1_20260915/scores/tune_Rat_public_Chrissy_H14_local_r1_epoch1.npz,528124bd5650c07844d3011386194be1c2655cc2a486e1d865f4a693b302054c,,,,,
Rat_public_Chrissy_H14,Rat_public_Chrissy,tune,14,local_r1_epoch4,52,local_tune_Rat_public_Chrissy_H14_r1,5.3613730990327895,1.372234477029923,7.130437787365788,6.933461570739746,0.8882254286876112,5.196224046781694,15.11620059153599,.cache/building_transfer_subspace_v1_20260915/scores/tune_Rat_public_Chrissy_H14_local_r1_epoch4.npz,3962b813f42db0765dca3f7b79b6c1677b0b17a779fec2909b43d49c4050bf65,,,,,
Rat_public_Chrissy_H14,Rat_public_Chrissy,tune,14,local_r1_epoch16,208,local_tune_Rat_public_Chrissy_H14_r1,21.241984940046677,1.3407049837501197,6.966603476202432,6.768099212646484,0.9406779726128511,5.196224046781694,14.768879377162653,.cache/building_transfer_subspace_v1_20260915/scores/tune_Rat_public_Chrissy_H14_local_r1_epoch16.npz,921a3a3e04458e640f2231eb866266d7360a6d0365d9c95f9c0d6678b9e31ef9,,,,,
Rat_public_Chrissy_H14,Rat_public_Chrissy,tune,14,local_r1_fixed120,120,local_tune_Rat_public_Chrissy_H14_r1,12.225275630044052,1.3630495720986764,7.08271096349464,6.891229693094889,0.9117025641891364,5.196224046781694,15.015021917133767,.cache/building_transfer_subspace_v1_20260915/scores/tune_Rat_public_Chrissy_H14_local_r1_fixed120.npz,61eb2cd44ed22b024ab167b8794199ffa6fb0a736facb8941b30778a880c4d13,,,,,
Rat_public_Chrissy_H14,Rat_public_Chrissy,tune,14,F0,0,local_tune_Rat_public_Chrissy_H14_r1,0.0,1.37770865697697,7.158882852843044,6.961251958211263,0.8862291115057215,5.196224046781694,15.176502823799407,.cache/building_transfer_subspace_v1_20260915/scores/tune_Rat_public_Chrissy_H14_F0.npz,66cc41a96b6f012539cb85e28be81f9c5b25aa2f4ea9f108d0e60872c7d031b1,,,,,
Rat_public_Chrissy_H14,Rat_public_Chrissy,tune,14,AFFINE,0,local_tune_Rat_public_Chrissy_H14_r1,0.0,1.0334591720232942,5.37008540103454,5.075682769999243,0.6682461627091695,5.196224046781694,11.384334389614786,.cache/building_transfer_subspace_v1_20260915/scores/tune_Rat_public_Chrissy_H14_AFFINE.npz,d50cef719b0beebe69e80230290691efd39509157295809c76c6d7caa6d73f3a,0.6575815817134528,15.654070442645526,2,squared median error; a>=1e-6; centered closed-form OLS,19.807774707001236
Rat_public_Chrissy_H14,Rat_public_Chrissy,tune,14,local_r8_epoch1,13,local_tune_Rat_public_Chrissy_H14_r8,1.318641492005554,1.3608406013015972,7.07123265632022,6.873575115203857,0.8799668688796861,5.196224046781694,14.990688433149481,.cache/building_transfer_subspace_v1_20260915/scores/tune_Rat_public_Chrissy_H14_local_r8_epoch1.npz,91f78def63d5179d57c3859863def4209473fe87bbb165d2afb513bc6bbfb616,,,,,
Rat_public_Chrissy_H14,Rat_public_Chrissy,tune,14,local_r8_epoch4,52,local_tune_Rat_public_Chrissy_H14_r8,5.318716246110853,1.3487303941740687,7.008305306832648,6.813880666097005,0.9134108007142518,5.196224046781694,14.857285342636125,.cache/building_transfer_subspace_v1_20260915/scores/tune_Rat_public_Chrissy_H14_local_r8_epoch4.npz,172b8d5d059f0edc9b057b955550323a17dbdad093405c83ddd5d134ab0fcf6d,,,,,
Rat_public_Chrissy_H14,Rat_public_Chrissy,tune,14,local_r8_epoch16,208,local_tune_Rat_public_Chrissy_H14_r8,21.133212677101255,1.2766209829722581,6.633608650346531,6.077862669626872,1.0196176756607924,5.196224046781694,14.06294564157908,.cache/building_transfer_subspace_v1_20260915/scores/tune_Rat_public_Chrissy_H14_local_r8_epoch16.npz,b9b8006a1376198b5ffa1161fe7cb2f1086090fdfe8fcf09ea3a6378889f01b0,,,,,
Rat_public_Chrissy_H14,Rat_public_Chrissy,tune,14,local_r8_fixed120,120,local_tune_Rat_public_Chrissy_H14_r8,12.256305999137112,1.3697067961042797,7.117303390957368,6.891234620412191,1.0230028385438807,5.196224046781694,15.088356274443678,.cache/building_transfer_subspace_v1_20260915/scores/tune_Rat_public_Chrissy_H14_local_r8_fixed120.npz,8c2bd9aeaa4566d56805d66502cd757868280f9ec231e1eeeb04ddd38fee47c5,,,,,
Panther_education_Neal_H3,Panther_education_Neal,tune,3,local_r1_epoch1,2,local_tune_Panther_education_Neal_H3_r1,0.19849506601167377,0.6212597266802502,60.65303807007444,44.73633581034343,0.3527646629878428,97.62911623803248,23.160279381486465,.cache/building_transfer_subspace_v1_20260915/scores/tune_Panther_education_Neal_H3_local_r1_epoch1.npz,29b523ebbbb0a2948773c32a05553288db77337dd447a41664774e6991c76190,,,,,
Panther_education_Neal_H3,Panther_education_Neal,tune,3,local_r1_epoch4,8,local_tune_Panther_education_Neal_H3_r1,0.791897771996446,0.621862211001794,60.71185808193402,44.80420595041911,0.3531594462086332,97.62911623803248,23.182739722324072,.cache/building_transfer_subspace_v1_20260915/scores/tune_Panther_education_Neal_H3_local_r1_epoch4.npz,0fc06268be7a686c42f090c0139c05101938bc7f40857ebb566dfc5509c16f9e,,,,,
Panther_education_Neal_H3,Panther_education_Neal,tune,3,local_r1_epoch16,32,local_tune_Panther_education_Neal_H3_r1,3.2335092459543375,0.6283466201127172,61.34492521275931,45.63482484995524,0.3564155084363657,97.62911623803248,23.42447553777012,.cache/building_transfer_subspace_v1_20260915/scores/tune_Panther_education_Neal_H3_local_r1_epoch16.npz,b2a9aa088493f8bc71f0a7aa7db6d6d3c7eee281718b748dc528c6212e6fb948,,,,,
Panther_education_Neal_H3,Panther_education_Neal,tune,3,local_r1_fixed120,120,local_tune_Panther_education_Neal_H3_r1,12.31261810498836,0.7638749822286605,74.57643943132689,60.11538392079672,0.385294061898917,97.62911623803248,28.476911090760712,.cache/building_transfer_subspace_v1_20260915/scores/tune_Panther_education_Neal_H3_local_r1_fixed120.npz,c98dd436faaf474cbe730666e117ad45503d1bbacf35ab5c36cd71eb543eab2d,,,,,
Panther_education_Neal_H3,Panther_education_Neal,tune,3,F0,0,local_tune_Panther_education_Neal_H3_r1,0.0,0.6208022537928127,60.60837539637106,44.70124154917399,0.3526491668316677,97.62911623803248,23.143225000802364,.cache/building_transfer_subspace_v1_20260915/scores/tune_Panther_education_Neal_H3_F0.npz,74e7291819fea8d0231e90eb637886de1551e455e1ceb2de22114d62103dd440,,,,,
Panther_education_Neal_H3,Panther_education_Neal,tune,3,AFFINE,0,local_tune_Panther_education_Neal_H3_r1,0.0,0.8496199127667514,82.94764122165219,76.892515198716,0.7369007834591346,97.62911623803248,31.673443010542513,.cache/building_transfer_subspace_v1_20260915/scores/tune_Panther_education_Neal_H3_AFFINE.npz,efa1d6274c23227d1e3c128670c4b5dfe683baca6692b0034ba291821b194bfe,0.09268966451699939,201.3094806599945,2,squared median error; a>=1e-6; centered closed-form OLS,12113.215368210766
Panther_education_Neal_H3,Panther_education_Neal,tune,3,local_r8_epoch1,2,local_tune_Panther_education_Neal_H3_r8,0.2076306490052957,0.6240149276907158,60.922025909784324,44.94315439097087,0.3537707483287229,97.62911623803248,23.262992019074478,.cache/building_transfer_subspace_v1_20260915/scores/tune_Panther_education_Neal_H3_local_r8_epoch1.npz,9f41049253b72866b6c816e13212f3baeff520ed36d3679ba750a10b5c9e83d0,,,,,
Panther_education_Neal_H3,Panther_education_Neal,tune,3,local_r8_epoch4,8,local_tune_Panther_education_Neal_H3_r8,0.8157522670080652,0.6315679963405494,61.659425326952764,45.76362460632324,0.3572699089203409,97.62911623803248,23.544566974934646,.cache/building_transfer_subspace_v1_20260915/scores/tune_Panther_education_Neal_H3_local_r8_epoch4.npz,778d9ff0161371c1ce050007600573428d44c9d61e4e32132f9426caba084c9f,,,,,
Panther_education_Neal_H3,Panther_education_Neal,tune,3,local_r8_epoch16,32,local_tune_Panther_education_Neal_H3_r8,3.2317706079775235,0.7380835982743681,72.05844940931355,53.69029254353842,0.37881019406302296,97.62911623803248,27.51542005510561,.cache/building_transfer_subspace_v1_20260915/scores/tune_Panther_education_Neal_H3_local_r8_epoch16.npz,19104e14dac7ab1120d6b68e63a6d6a93ffc2f92e3d4f88c158e4a0ef8a4bba9,,,,,
Panther_education_Neal_H3,Panther_education_Neal,tune,3,local_r8_fixed120,120,local_tune_Panther_education_Neal_H3_r8,12.191383072989993,0.8343683605330249,81.45864565581527,69.34686896972657,0.6014773727792305,97.62911623803248,31.104872096374365,.cache/building_transfer_subspace_v1_20260915/scores/tune_Panther_education_Neal_H3_local_r8_fixed120.npz,240e02a40eb419b616d381bdedbf00076c27c85e558489ae3d3ac6c54d082c32,,,,,
Panther_education_Neal_H14,Panther_education_Neal,tune,14,local_r1_epoch1,13,local_tune_Panther_education_Neal_H14_r1,1.3492945650068577,0.6237238718605619,61.46634698176195,45.420028465779616,0.34885061926073224,98.54736968525586,23.47084027369393,.cache/building_transfer_subspace_v1_20260915/scores/tune_Panther_education_Neal_H14_local_r1_epoch1.npz,5cb574acc29948fb8c1df138c7aece322a917df06377fd0b73b482aef151fc7a,,,,,
Panther_education_Neal_H14,Panther_education_Neal,tune,14,local_r1_epoch4,52,local_tune_Panther_education_Neal_H14_r1,5.310213527001906,0.7076327658753134,69.73534778011462,54.20032913665771,0.3648246346308632,98.54736968525586,26.628346884893222,.cache/building_transfer_subspace_v1_20260915/scores/tune_Panther_education_Neal_H14_local_r1_epoch4.npz,bdcdaeb786e0bfcf5939e601edad3712447919fdef82e74529febacc017f58fd,,,,,
Panther_education_Neal_H14,Panther_education_Neal,tune,14,local_r1_epoch16,208,local_tune_Panther_education_Neal_H14_r1,21.332944932059036,0.8974789555432547,88.44419041665843,64.0385119394938,0.5080745846969456,98.54736968525586,33.77229278033233,.cache/building_transfer_subspace_v1_20260915/scores/tune_Panther_education_Neal_H14_local_r1_epoch16.npz,e860ca7c93db3c114357f2ea5e503d5baaf3844c3bfef41dbd6b68a45716e892,,,,,
Panther_education_Neal_H14,Panther_education_Neal,tune,14,local_r1_fixed120,120,local_tune_Panther_education_Neal_H14_r1,12.297863424057141,0.82079001600581,80.88669714129163,62.599375398763016,0.4318249485879733,98.54736968525586,30.886474340718838,.cache/building_transfer_subspace_v1_20260915/scores/tune_Panther_education_Neal_H14_local_r1_fixed120.npz,4a5a2811dd6f4b57c5beb32e3332f521f42feaab82a3f54677e1319ce3d2c673,,,,,
Panther_education_Neal_H14,Panther_education_Neal,tune,14,F0,0,local_tune_Panther_education_Neal_H14_r1,0.0,0.6150176873309179,60.60837539637106,44.70124154917399,0.34936322105617046,98.54736968525586,23.143225000802364,.cache/building_transfer_subspace_v1_20260915/scores/tune_Panther_education_Neal_H14_F0.npz,a5813b802ff84a69c05ed3815fde5c902451405dd3a4ce9cd5a042e70c6e59a2,,,,,
Panther_education_Neal_H14,Panther_education_Neal,tune,14,AFFINE,0,local_tune_Panther_education_Neal_H14_r1,0.0,0.729256261035354,71.86628635153848,57.820716398148626,0.41942625350004187,98.54736968525586,27.442042855108973,.cache/building_transfer_subspace_v1_20260915/scores/tune_Panther_education_Neal_H14_AFFINE.npz,2ba6dd0036247686542006e446f641331530601db567a7bb931f54b59b870255,0.5835433266092364,79.33432640892423,2,squared median error; a>=1e-6; centered closed-form OLS,8080.907912288664
Panther_education_Neal_H14,Panther_education_Neal,tune,14,local_r8_epoch1,13,local_tune_Panther_education_Neal_H14_r8,1.3245434740092605,0.6886953888586901,67.86911908638837,52.584311477152504,0.3574042913944645,98.54736968525586,25.91573001833972,.cache/building_transfer_subspace_v1_20260915/scores/tune_Panther_education_Neal_H14_local_r8_epoch1.npz,9a4707c6adcce3d0ba65b986bcf225808217e1692226ce9c805020fc220ebf03,,,,,
Panther_education_Neal_H14,Panther_education_Neal,tune,14,local_r8_epoch4,52,local_tune_Panther_education_Neal_H14_r8,5.266898140020203,0.8516722561956774,83.93006068199136,63.62382156829833,0.45696788078837686,98.54736968525586,32.048578533761926,.cache/building_transfer_subspace_v1_20260915/scores/tune_Panther_education_Neal_H14_local_r8_epoch4.npz,b6e83b3b56c2b9f9e79873a30db0724c7e6f3f2e1a50577f4650d6c71f7a93ea,,,,,
Panther_education_Neal_H14,Panther_education_Neal,tune,14,local_r8_epoch16,208,local_tune_Panther_education_Neal_H14_r8,21.17358921992127,1.2356237506399879,121.76747054620128,98.96636818033853,0.8380423709705762,98.54736968525586,46.49674158397001,.cache/building_transfer_subspace_v1_20260915/scores/tune_Panther_education_Neal_H14_local_r8_epoch16.npz,3c32da334cef750aae7400532bb59d02b70d40a67da78efc5da797beabca1a09,,,,,
Panther_education_Neal_H14,Panther_education_Neal,tune,14,local_r8_fixed120,120,local_tune_Panther_education_Neal_H14_r8,12.181440189975547,1.0582853284098066,104.29123549128362,82.97089733072916,0.6537367009440979,98.54736968525586,39.82346520264853,.cache/building_transfer_subspace_v1_20260915/scores/tune_Panther_education_Neal_H14_local_r8_fixed120.npz,243967f69b3363421b876ac1472095edf3cd229f013ac835b2cec0965dafe079,,,,,
Rat_lodging_Jeannette_H3,Rat_lodging_Jeannette,tune,3,local_r1_epoch1,2,local_tune_Rat_lodging_Jeannette_H3_r1,0.2023868350079283,1.8305437476264752,2.5024466329250292,2.124889261722565,1.2123004571492964,1.367050984806978,55.77518498347018,.cache/building_transfer_subspace_v1_20260915/scores/tune_Rat_lodging_Jeannette_H3_local_r1_epoch1.npz,a3d46ea32915d2973dc443a794f667d3e837fdf4f7010ec950a9666a75b697c4,,,,,
Rat_lodging_Jeannette_H3,Rat_lodging_Jeannette,tune,3,local_r1_epoch4,8,local_tune_Rat_lodging_Jeannette_H3_r1,0.8036512279941235,1.838608322058828,2.5134713173448264,2.137050337791443,1.2184380246133588,1.367050984806978,56.020906032945604,.cache/building_transfer_subspace_v1_20260915/scores/tune_Rat_lodging_Jeannette_H3_local_r1_epoch4.npz,64c03782335ebe9fe82a7f7e2293cba8a0de9427a3febaa9185e61b561476a85,,,,,
Rat_lodging_Jeannette_H3,Rat_lodging_Jeannette,tune,3,local_r1_epoch16,32,local_tune_Rat_lodging_Jeannette_H3_r1,3.225313562026713,1.9130307755778877,2.6152106057198083,2.2478033177057903,1.2766239382259081,1.367050984806978,58.28849789865843,.cache/building_transfer_subspace_v1_20260915/scores/tune_Rat_lodging_Jeannette_H3_local_r1_epoch16.npz,c00df76576b3e8e38678ac406976cd3a841796308d70030fe622e6d24b2bd1b3,,,,,
Rat_lodging_Jeannette_H3,Rat_lodging_Jeannette,tune,3,local_r1_fixed120,120,local_tune_Rat_lodging_Jeannette_H3_r1,12.18046491999121,2.354375875330646,3.2185518589765505,2.755106401642164,1.631045747921181,1.367050984806978,71.73592553439562,.cache/building_transfer_subspace_v1_20260915/scores/tune_Rat_lodging_Jeannette_H3_local_r1_fixed120.npz,3cb9704a232695000b91b5a2cb2f592dd0d834bd9d954aa694f9c908a6f8afb5,,,,,
Rat_lodging_Jeannette_H3,Rat_lodging_Jeannette,tune,3,F0,0,local_tune_Rat_lodging_Jeannette_H3_r1,0.0,1.8279029410493945,2.4988365156931462,2.120924271345139,1.2102859066843175,1.367050984806978,55.694721746503994,.cache/building_transfer_subspace_v1_20260915/scores/tune_Rat_lodging_Jeannette_H3_F0.npz,71d1c2d5cc540c64c280c155022225923c49b8b54f740e265ed014248d987668,,,,,
Rat_lodging_Jeannette_H3,Rat_lodging_Jeannette,tune,3,AFFINE,0,local_tune_Rat_lodging_Jeannette_H3_r1,0.0,2.0195337665015742,2.7608056243469226,2.401528562104748,1.4415858690097552,1.367050984806978,61.533557749188454,.cache/building_transfer_subspace_v1_20260915/scores/tune_Rat_lodging_Jeannette_H3_AFFINE.npz,ff3cb1aa05f272922a3372a07b21b3d1bf47af12da8c9306325ff74b9baae337,0.7547774555853821,0.2995290788506684,2,squared median error; a>=1e-6; centered closed-form OLS,1.0013389858932398
Rat_lodging_Jeannette_H3,Rat_lodging_Jeannette,tune,3,local_r8_epoch1,2,local_tune_Rat_lodging_Jeannette_H3_r8,0.20271282401517965,1.8477512958990259,2.5259702287371333,2.150298940340678,1.2247403012325622,1.367050984806978,56.29948503871768,.cache/building_transfer_subspace_v1_20260915/scores/tune_Rat_lodging_Jeannette_H3_local_r8_epoch1.npz,3682dc759f06f90a27960a9ee65aa71dc28adf94469fef6caad3e5e995ec0bb6,,,,,
Rat_lodging_Jeannette_H3,Rat_lodging_Jeannette,tune,3,local_r8_epoch4,8,local_tune_Rat_lodging_Jeannette_H3_r8,0.817950335011119,1.9144461316613062,2.617145469647498,2.247628283699354,1.2741426410027843,1.367050984806978,58.331622651875875,.cache/building_transfer_subspace_v1_20260915/scores/tune_Rat_lodging_Jeannette_H3_local_r8_epoch4.npz,952de7a7e90fbc579077e384ee6bb68eacb2af59b8a8a4f32a383ce491443929,,,,,
Rat_lodging_Jeannette_H3,Rat_lodging_Jeannette,tune,3,local_r8_epoch16,32,local_tune_Rat_lodging_Jeannette_H3_r8,3.2629591659788275,2.3437955166753146,3.204087969257169,2.7558956664800647,1.5908916468571987,1.367050984806978,71.41355057779722,.cache/building_transfer_subspace_v1_20260915/scores/tune_Rat_lodging_Jeannette_H3_local_r8_epoch16.npz,218560ec4df0abd11804cc612effa33fa370122d4739b7d452c7ef73e1c21ab6,,,,,
Rat_lodging_Jeannette_H3,Rat_lodging_Jeannette,tune,3,local_r8_fixed120,120,local_tune_Rat_lodging_Jeannette_H3_r8,12.199819691988523,2.4299784701560743,3.3219044606866155,2.8539068919420245,1.8260311178259614,1.367050984806978,74.03947534962738,.cache/building_transfer_subspace_v1_20260915/scores/tune_Rat_lodging_Jeannette_H3_local_r8_fixed120.npz,32427ab930b3d2879544d71c6076f3dd7a217291c7d73f5483138ecf8f55acbc,,,,,
Rat_lodging_Jeannette_H14,Rat_lodging_Jeannette,tune,14,local_r1_epoch1,13,local_tune_Rat_lodging_Jeannette_H14_r1,1.3280685899953824,1.1673002041286182,2.5062081050176053,2.1283363374074304,0.773429478153458,2.147012479012177,55.85902165715316,.cache/building_transfer_subspace_v1_20260915/scores/tune_Rat_lodging_Jeannette_H14_local_r1_epoch1.npz,26863ea700fa88a721ecbf72eed0a1f8ac1a0fc28f1b1f2e409f26712daf920e,,,,,
Rat_lodging_Jeannette_H14,Rat_lodging_Jeannette,tune,14,local_r1_epoch4,52,local_tune_Rat_lodging_Jeannette_H14_r1,5.33968045002257,1.1848434401477588,2.5438736516729556,2.16356830517451,0.7880074190559283,2.147012479012177,56.698521211135706,.cache/building_transfer_subspace_v1_20260915/scores/tune_Rat_lodging_Jeannette_H14_local_r1_epoch4.npz,5b1ea6c98123300fed4eb330bdcb360b158350b5768bc63ef1c88f43a11b3b88,,,,,
Rat_lodging_Jeannette_H14,Rat_lodging_Jeannette,tune,14,local_r1_epoch16,208,local_tune_Rat_lodging_Jeannette_H14_r1,21.236721186927753,1.2459874469605408,2.6751505973168044,2.252284515301387,0.8805272536207593,2.147012479012177,59.62445610661524,.cache/building_transfer_subspace_v1_20260915/scores/tune_Rat_lodging_Jeannette_H14_local_r1_epoch16.npz,a3e3dfd8bfd477e96cc0e81ef898e23a8c79a6fb581edd79e638db5470e4d120,,,,,
Rat_lodging_Jeannette_H14,Rat_lodging_Jeannette,tune,14,local_r1_fixed120,120,local_tune_Rat_lodging_Jeannette_H14_r1,12.311724929997581,1.244971956789997,2.6729703272483327,2.2802568844954174,0.8424530158432075,2.147012479012177,59.57586167715451,.cache/building_transfer_subspace_v1_20260915/scores/tune_Rat_lodging_Jeannette_H14_local_r1_fixed120.npz,058e9bdca486d930a27d425c67ee24b9a9e6ccc0e130ee4b9e62c31debb4a180,,,,,
Rat_lodging_Jeannette_H14,Rat_lodging_Jeannette,tune,14,F0,0,local_tune_Rat_lodging_Jeannette_H14_r1,0.0,1.1638667870448711,2.4988365156931462,2.120924271345139,0.7706161733126184,2.147012479012177,55.694721746503994,.cache/building_transfer_subspace_v1_20260915/scores/tune_Rat_lodging_Jeannette_H14_F0.npz,bd673d4c5cdb3f7401e51f948c04f9b0a0f4e343aea725c5d9a10e896271452d,,,,,
Rat_lodging_Jeannette_H14,Rat_lodging_Jeannette,tune,14,AFFINE,0,local_tune_Rat_lodging_Jeannette_H14_r1,0.0,0.9593911433154398,2.0598247569520094,1.7320405186835952,0.6353574529733476,2.147012479012177,45.90991285925726,.cache/building_transfer_subspace_v1_20260915/scores/tune_Rat_lodging_Jeannette_H14_AFFINE.npz,1ef62f381972d51223d79864511d707fdca55595960500f45a6eb96465258203,0.7209419351753943,1.2407515405212615,2,squared median error; a>=1e-6; centered closed-form OLS,4.379853907951575
Rat_lodging_Jeannette_H14,Rat_lodging_Jeannette,tune,14,local_r8_epoch1,13,local_tune_Rat_lodging_Jeannette_H14_r8,1.3162643370014848,1.1857764602628453,2.545876857503216,2.167216606140137,0.7890023873295282,2.147012479012177,56.74316918655012,.cache/building_transfer_subspace_v1_20260915/scores/tune_Rat_lodging_Jeannette_H14_local_r8_epoch1.npz,02e0830bb436ef2859652ca69bb82ee8910b6728b644b09e0bb48f5699e68e54,,,,,
Rat_lodging_Jeannette_H14,Rat_lodging_Jeannette,tune,14,local_r8_epoch4,52,local_tune_Rat_lodging_Jeannette_H14_r8,5.2691624010331,1.254628520476599,2.693703089987843,2.286685692469279,0.8583477378582968,2.147012479012177,60.03795891503364,.cache/building_transfer_subspace_v1_20260915/scores/tune_Rat_lodging_Jeannette_H14_local_r8_epoch4.npz,7c6681ff410ca448c17fc543bfa09d4eddfb3543163f59e7e9baf6db5bd14070,,,,,
Rat_lodging_Jeannette_H14,Rat_lodging_Jeannette,tune,14,local_r8_epoch16,208,local_tune_Rat_lodging_Jeannette_H14_r8,21.202027502979035,1.1189345253550051,2.4023663891347633,2.028061672449112,0.8665194364357979,2.147012479012177,53.544570337327556,.cache/building_transfer_subspace_v1_20260915/scores/tune_Rat_lodging_Jeannette_H14_local_r8_epoch16.npz,5e64434401af3fabcc320a0904eef0f52463c32c7269d94bf2bf3aafc267f061,,,,,
Rat_lodging_Jeannette_H14,Rat_lodging_Jeannette,tune,14,local_r8_fixed120,120,local_tune_Rat_lodging_Jeannette_H14_r8,12.187542742060032,1.0672522886880187,2.2914039820674827,1.9186380632718405,0.8017488766942855,2.147012479012177,51.07141119021135,.cache/building_transfer_subspace_v1_20260915/scores/tune_Rat_lodging_Jeannette_H14_local_r8_fixed120.npz,2eb6e7d0390842bc01b39f6547ef1366bb11b9ae6d293c858596faf5ac73930c,,,,,
Rat_education_Irma_H3,Rat_education_Irma,tune,3,warm_r1_epoch1,2,warm_tune_Rat_education_Irma_H3,0.2077142320049461,0.8126082600834028,3.881260225141847,3.040542621612549,0.44023248244432006,4.77629925241406,8.95908028078485,.cache/building_transfer_subspace_v1_20260915/scores/tune_Rat_education_Irma_H3_warm_r1_epoch1.npz,6d10b4fec7de2f495e5ff2c515c31816909119bd75cd336c0a520a7b2f14fd56,,,,,
Rat_education_Irma_H3,Rat_education_Irma,tune,3,warm_r1_epoch4,8,warm_tune_Rat_education_Irma_H3,0.819263579978724,0.821913856326859,3.925706537522734,3.0704420598347983,0.44234966017496874,4.77629925241406,9.061675329224473,.cache/building_transfer_subspace_v1_20260915/scores/tune_Rat_education_Irma_H3_warm_r1_epoch4.npz,fad28f76198256a071950cf28a633836063efec3fb80e4f39b2ba0a8198cc847,,,,,
Rat_education_Irma_H3,Rat_education_Irma,tune,3,warm_r1_epoch16,32,warm_tune_Rat_education_Irma_H3,3.318312036950374,0.8200949817966474,3.917019048463849,3.0652427864074707,0.43230999499942957,4.77629925241406,9.041622071415885,.cache/building_transfer_subspace_v1_20260915/scores/tune_Rat_education_Irma_H3_warm_r1_epoch16.npz,52c8275f7665bd596b88d95cd8ecd0537ea1fa4755be539df41b5f56abcff0db,,,,,
Rat_education_Irma_H3,Rat_education_Irma,tune,3,warm_r1_fixed120,120,warm_tune_Rat_education_Irma_H3,12.396041144922492,0.9491034787926664,4.533202236220997,3.866942901611328,0.6538114758143609,4.77629925241406,10.463952532802162,.cache/building_transfer_subspace_v1_20260915/scores/tune_Rat_education_Irma_H3_warm_r1_fixed120.npz,36d3ddfd6ce1eb891f4947ddef23ef2cc7ad3e7a29f54862c1088fac2716df65,,,,,
Rat_education_Irma_H3,Rat_education_Irma,tune,3,POOLED,0,warm_tune_Rat_education_Irma_H3,0.0,0.8164164478182464,3.8994492693728326,3.0687268765767417,0.44422522637536477,4.77629925241406,9.001065898353225,.cache/building_transfer_subspace_v1_20260915/scores/tune_Rat_education_Irma_H3_POOLED.npz,b787a48ddf2a78b442c257daca23bf8f474c3b865ef69ab6d0bdb57a27288c1a,,,,,
Rat_education_Irma_H3,Rat_education_Irma,tune,3,POOLED_AFFINE,0,warm_tune_Rat_education_Irma_H3,0.0,0.9189382924027553,4.389124279017933,3.44136442522028,0.518136311772158,4.77629925241406,10.13137859794662,.cache/building_transfer_subspace_v1_20260915/scores/tune_Rat_education_Irma_H3_POOLED_AFFINE.npz,deaa79009bd3eba9a96a69f05fb7495731b104df9b5a81c6fcb8e55e90e19352,0.4874799187637106,20.338616858334305,2,squared median error; a>=1e-6; centered closed-form OLS,11.290222725227977
Rat_education_Irma_H14,Rat_education_Irma,tune,14,warm_r1_epoch1,13,warm_tune_Rat_education_Irma_H14,1.3396946050052065,0.2121671451836951,3.940577476207588,3.0907324345906577,0.11564479642338313,18.57298627832232,9.096001791713437,.cache/building_transfer_subspace_v1_20260915/scores/tune_Rat_education_Irma_H14_warm_r1_epoch1.npz,87fa8aba3c091ac7b7d2d11aeeec693dc53ca579383e598cfc835709a4ce633b,,,,,
Rat_education_Irma_H14,Rat_education_Irma,tune,14,warm_r1_epoch4,52,warm_tune_Rat_education_Irma_H14,5.365337565977825,0.2192436312866528,4.07200895549656,3.2056569353739426,0.11959881710380735,18.57298627832232,9.399383968137636,.cache/building_transfer_subspace_v1_20260915/scores/tune_Rat_education_Irma_H14_warm_r1_epoch4.npz,3b3a09c51cf86718645da8a5284b08e4e3858cc600368f86b2868f49dd61dbce,,,,,
Rat_education_Irma_H14,Rat_education_Irma,tune,14,warm_r1_epoch16,208,warm_tune_Rat_education_Irma_H14,21.199148884945316,0.23306612019631748,4.328733852348025,3.4945323499043783,0.12660148265021343,18.57298627832232,9.991979884811691,.cache/building_transfer_subspace_v1_20260915/scores/tune_Rat_education_Irma_H14_warm_r1_epoch16.npz,e175c5ad8b0e041a165f46f736e4ef1448d2f63e65153795cbe53f818617aabf,,,,,
Rat_education_Irma_H14,Rat_education_Irma,tune,14,warm_r1_fixed120,120,warm_tune_Rat_education_Irma_H14,12.277344076952431,0.21928299415618682,4.072740041532291,3.2044595972696945,0.11853725764854867,18.57298627832232,9.401071527875024,.cache/building_transfer_subspace_v1_20260915/scores/tune_Rat_education_Irma_H14_warm_r1_fixed120.npz,70d1f786b5dd3a99880c50190caf7e7e1e4651b911e3517c64a1bad76ee9b981,,,,,
Rat_education_Irma_H14,Rat_education_Irma,tune,14,POOLED,0,warm_tune_Rat_education_Irma_H14,0.0,0.20995273516807156,3.8994492693728326,3.0687268765767417,0.1142386358792797,18.57298627832232,9.001065898353225,.cache/building_transfer_subspace_v1_20260915/scores/tune_Rat_education_Irma_H14_POOLED.npz,60362a4c48196d14dbe97e6fd1fc4ac9fa5098bc6a778ca8c15dd4f7033d01af,,,,,
Rat_education_Irma_H14,Rat_education_Irma,tune,14,POOLED_AFFINE,0,warm_tune_Rat_education_Irma_H14,0.0,0.1445107285735786,2.6839957788674362,2.142109158713517,0.08400151625326839,18.57298627832232,6.195444845567452,.cache/building_transfer_subspace_v1_20260915/scores/tune_Rat_education_Irma_H14_POOLED_AFFINE.npz,fbea890af9e70c6f2cf4378776815d616fced106d40fd94b44d6d9943c2f9e44,0.7104403656361977,15.290952798885328,2,squared median error; a>=1e-6; centered closed-form OLS,292.36995974230837
Rat_public_Chrissy_H3,Rat_public_Chrissy,tune,3,warm_r1_epoch1,2,warm_tune_Rat_public_Chrissy_H3,0.2117440540023381,1.916465505064709,6.581315221134999,6.316690667470296,1.1742136549120672,3.4340901016701486,13.952085973610107,.cache/building_transfer_subspace_v1_20260915/scores/tune_Rat_public_Chrissy_H3_warm_r1_epoch1.npz,86ca0b3f9f7dc4dfb9668c45780b87d53ab6dde5b4f0b7b17e53eed95cee0e2c,,,,,
Rat_public_Chrissy_H3,Rat_public_Chrissy,tune,3,warm_r1_epoch4,8,warm_tune_Rat_public_Chrissy_H3,0.8184229400067125,2.0115585535523155,6.9078733176839275,6.664117081960042,1.2478743408272557,3.4340901016701486,14.644374138716922,.cache/building_transfer_subspace_v1_20260915/scores/tune_Rat_public_Chrissy_H3_warm_r1_epoch4.npz,30aac6d27987635d80884f96a1d6d592efb23e77aae5c55fa3c5664745410385,,,,,
Rat_public_Chrissy_H3,Rat_public_Chrissy,tune,3,warm_r1_epoch16,32,warm_tune_Rat_public_Chrissy_H3,3.2769167810329236,2.457251525837361,8.43842314219195,8.234055423736573,1.6444275236748718,3.4340901016701486,17.889069464941862,.cache/building_transfer_subspace_v1_20260915/scores/tune_Rat_public_Chrissy_H3_warm_r1_epoch16.npz,a767e4b68f38b099090fb6e7bf07383d67a26235ebb5850f3a69036e42c3c4bd,,,,,
Rat_public_Chrissy_H3,Rat_public_Chrissy,tune,3,warm_r1_fixed120,120,warm_tune_Rat_public_Chrissy_H3,12.300716606085189,3.110857480780445,10.68296488245466,10.150633875528971,2.652061616097602,3.4340901016701486,22.647394857248642,.cache/building_transfer_subspace_v1_20260915/scores/tune_Rat_public_Chrissy_H3_warm_r1_fixed120.npz,867bcacf65fd934a16f76c11eb8df2ce52c6e980c466dce3bdc208246732e912,,,,,
Rat_public_Chrissy_H3,Rat_public_Chrissy,tune,3,POOLED,0,warm_tune_Rat_public_Chrissy_H3,0.0,1.886297472424705,6.4777154788591,6.205624643961588,1.1525272030761948,3.4340901016701486,13.73245927856359,.cache/building_transfer_subspace_v1_20260915/scores/tune_Rat_public_Chrissy_H3_POOLED.npz,19a935bf27cf1890acfb18b67f7203dee69546de0b8d9daaa1c128caef8e61a3,,,,,
Rat_public_Chrissy_H3,Rat_public_Chrissy,tune,3,POOLED_AFFINE,0,warm_tune_Rat_public_Chrissy_H3,0.0,1.977212138349027,6.7899246332064624,6.541095266446427,1.454581472993396,3.4340901016701486,14.394328345283554,.cache/building_transfer_subspace_v1_20260915/scores/tune_Rat_public_Chrissy_H3_POOLED_AFFINE.npz,ad7f3c4f7088ba82490384a94956dc1a59b98a99f2cd1b61563bb972b20f31b2,0.26451407778466113,29.793863669161553,2,squared median error; a>=1e-6; centered closed-form OLS,6.388858256612341
Rat_public_Chrissy_H14,Rat_public_Chrissy,tune,14,warm_r1_epoch1,13,warm_tune_Rat_public_Chrissy_H14,1.3174206630210392,1.2586451703097374,6.540202300329098,6.294905885060628,0.7676508248926545,5.196224046781694,13.864928469914174,.cache/building_transfer_subspace_v1_20260915/scores/tune_Rat_public_Chrissy_H14_warm_r1_epoch1.npz,f2a9796170be1fe0e118f1f5463642c2b7efed9755bfbeb4040bc8b899a0006b,,,,,
Rat_public_Chrissy_H14,Rat_public_Chrissy,tune,14,warm_r1_epoch4,52,warm_tune_Rat_public_Chrissy_H14,5.312750688943197,1.2930545403267022,6.71900109624586,6.500300312042236,0.8189809941558954,5.196224046781694,14.243973704610958,.cache/building_transfer_subspace_v1_20260915/scores/tune_Rat_public_Chrissy_H14_warm_r1_epoch4.npz,0c3d5d07669e6b706eb56353180c621183f4c1bace77e24bbc7c2c845390831b,,,,,
Rat_public_Chrissy_H14,Rat_public_Chrissy,tune,14,warm_r1_epoch16,208,warm_tune_Rat_public_Chrissy_H14,21.1810259159829,1.2473429370446572,6.481473364054752,6.126020177205404,0.9017586370579218,5.196224046781694,13.740425822569922,.cache/building_transfer_subspace_v1_20260915/scores/tune_Rat_public_Chrissy_H14_warm_r1_epoch16.npz,c6e236dc803e2664341333e65fcc58b703ae9948c68d888acf32515bbdc26ba2,,,,,
Rat_public_Chrissy_H14,Rat_public_Chrissy,tune,14,warm_r1_fixed120,120,warm_tune_Rat_public_Chrissy_H14,12.252056280893157,1.2839808841490428,6.671852345823277,6.453271929423014,0.8605470286044592,5.196224046781694,14.144020519367428,.cache/building_transfer_subspace_v1_20260915/scores/tune_Rat_public_Chrissy_H14_warm_r1_fixed120.npz,81f608fd303f890126186b2a5f5e7317a5f14817c54af0ff29c695ae730b7f2c,,,,,
Rat_public_Chrissy_H14,Rat_public_Chrissy,tune,14,POOLED,0,warm_tune_Rat_public_Chrissy_H14,0.0,1.2466197416701275,6.4777154788591,6.205624643961588,0.7616842969734676,5.196224046781694,13.73245927856359,.cache/building_transfer_subspace_v1_20260915/scores/tune_Rat_public_Chrissy_H14_POOLED.npz,21ee8e104b80c6d8c07df63ff504db99c4c1dd4b2144d1a731403cb9126a3b67,,,,,
Rat_public_Chrissy_H14,Rat_public_Chrissy,tune,14,POOLED_AFFINE,0,warm_tune_Rat_public_Chrissy_H14,0.0,1.0223301313139603,5.312256412083088,5.020972810058748,0.6269478727598281,5.196224046781694,11.261739589258381,.cache/building_transfer_subspace_v1_20260915/scores/tune_Rat_public_Chrissy_H14_POOLED_AFFINE.npz,b2a96b9805a9989b222517ef6f59afeac58302fb05fe1e74ebeaaf6ebb4b52c0,0.6289472318709418,16.384905915078775,2,squared median error; a>=1e-6; centered closed-form OLS,26.25018959947274
Panther_education_Neal_H3,Panther_education_Neal,tune,3,warm_r1_epoch1,2,warm_tune_Panther_education_Neal_H3,0.2086859390110476,0.4888793212481861,47.72885608050959,38.839400946044925,0.30555417987289557,97.62911623803248,18.225198218533432,.cache/building_transfer_subspace_v1_20260915/scores/tune_Panther_education_Neal_H3_warm_r1_epoch1.npz,f106fbc5f8ba53c69b9289e56b5d05a09c8c7c390aa98adb7339e1bb12703aeb,,,,,
Panther_education_Neal_H3,Panther_education_Neal,tune,3,warm_r1_epoch4,8,warm_tune_Panther_education_Neal_H3,0.812454176004394,0.4818094044909079,47.03862635562006,39.25281524353027,0.3173370817838926,97.62911623803248,17.961634944961236,.cache/building_transfer_subspace_v1_20260915/scores/tune_Panther_education_Neal_H3_warm_r1_epoch4.npz,20ada20e361d4ce871073adc29e47285aa777c0928a8b695e4ed40cb7458a7f4,,,,,
Panther_education_Neal_H3,Panther_education_Neal,tune,3,warm_r1_epoch16,32,warm_tune_Panther_education_Neal_H3,3.225607782995212,0.4861581949973026,47.46319492946372,41.563863048299154,0.3698764249932368,97.62911623803248,18.12375587244813,.cache/building_transfer_subspace_v1_20260915/scores/tune_Panther_education_Neal_H3_warm_r1_epoch16.npz,80197b73aba12e1713fc37fdfdb556c0232665e757bbbf567cf4e883e16b5ec6,,,,,
Panther_education_Neal_H3,Panther_education_Neal,tune,3,warm_r1_fixed120,120,warm_tune_Panther_education_Neal_H3,12.210084850012208,0.6737827178261782,65.78081127782939,54.83834439290365,0.38942956563237774,97.62911623803248,25.118312546441825,.cache/building_transfer_subspace_v1_20260915/scores/tune_Panther_education_Neal_H3_warm_r1_fixed120.npz,417c81fd936b8ec8f5b527bb5a4fabcdd1741fb7f11db824c7162b148e62ec56,,,,,
Panther_education_Neal_H3,Panther_education_Neal,tune,3,POOLED,0,warm_tune_Panther_education_Neal_H3,0.0,0.4921010940634519,48.043394913183704,38.99541507059733,0.30480109407886147,97.62911623803248,18.34530444029668,.cache/building_transfer_subspace_v1_20260915/scores/tune_Panther_education_Neal_H3_POOLED.npz,e648b55475d54b466a60fe5179b6d719c6bf46d8a204f44f1dabe638d3793598,,,,,
Panther_education_Neal_H3,Panther_education_Neal,tune,3,POOLED_AFFINE,0,warm_tune_Panther_education_Neal_H3,0.0,0.8930219536283202,87.18494411389412,81.19182054916833,0.8266322020189995,97.62911623803248,33.29145130709186,.cache/building_transfer_subspace_v1_20260915/scores/tune_Panther_education_Neal_H3_POOLED_AFFINE.npz,a6e25a92b57802749b023983be10e660eb821e22a5d72367a82bbe332e964850,0.006011292203256331,220.6878571411318,2,squared median error; a>=1e-6; centered closed-form OLS,22850.10776830679
Panther_education_Neal_H14,Panther_education_Neal,tune,14,warm_r1_epoch1,13,warm_tune_Panther_education_Neal_H14,1.3017654680006672,0.5091855678513203,50.17889839344099,35.9140305674235,0.2827070224339099,98.54736968525586,19.160743514688207,.cache/building_transfer_subspace_v1_20260915/scores/tune_Panther_education_Neal_H14_warm_r1_epoch1.npz,1b5bdda99c4804c5040bcf3d577fe16029b63a4298743038c423ee4f8e0ede9a,,,,,
Panther_education_Neal_H14,Panther_education_Neal,tune,14,warm_r1_epoch4,52,warm_tune_Panther_education_Neal_H14,5.259757777996128,0.6778470628348056,66.80004509124645,52.41473409932454,0.341365651586807,98.54736968525586,25.507505579881048,.cache/building_transfer_subspace_v1_20260915/scores/tune_Panther_education_Neal_H14_warm_r1_epoch4.npz,9e0177b25fd061b8983b45471df30319b1c919f9ce8794671c50b4e0cc7c52fb,,,,,
Panther_education_Neal_H14,Panther_education_Neal,tune,14,warm_r1_epoch16,208,warm_tune_Panther_education_Neal_H14,21.141765667969594,0.8682672156655413,85.56545028777988,59.74169992980956,0.48304052244448087,98.54736968525586,32.67304981125806,.cache/building_transfer_subspace_v1_20260915/scores/tune_Panther_education_Neal_H14_warm_r1_epoch16.npz,c57405dfabc0b9ed81f2ed03020b265800c88c5805367f36879d24ee5d10ac77,,,,,
Panther_education_Neal_H14,Panther_education_Neal,tune,14,warm_r1_fixed120,120,warm_tune_Panther_education_Neal_H14,12.164422913978342,0.8065026678073236,79.47871655655342,58.75320010325114,0.4169143989296097,98.54736968525586,30.348838885944566,.cache/building_transfer_subspace_v1_20260915/scores/tune_Panther_education_Neal_H14_warm_r1_fixed120.npz,559ec9a3fee6af537ee39c90364e964b4750a902ffa6a23289656ed3b63407b7,,,,,
Panther_education_Neal_H14,Panther_education_Neal,tune,14,POOLED,0,warm_tune_Panther_education_Neal_H14,0.0,0.4875157507158885,48.043394913183704,38.99541507059733,0.3019609913318345,98.54736968525586,18.34530444029668,.cache/building_transfer_subspace_v1_20260915/scores/tune_Panther_education_Neal_H14_POOLED.npz,3c4cdcb7a75256cd14f9ed933325bfc4c9de4cb5102d39cf573973683eb49c18,,,,,
Panther_education_Neal_H14,Panther_education_Neal,tune,14,POOLED_AFFINE,0,warm_tune_Panther_education_Neal_H14,0.0,0.7770185410131947,76.57313341352544,67.14677823635593,0.5025877118078006,98.54736968525586,29.239345948741345,.cache/building_transfer_subspace_v1_20260915/scores/tune_Panther_education_Neal_H14_POOLED_AFFINE.npz,882193b045ff0a12b95550f805cf21e4655cccd382d9c71e7073c486bbd43c4d,0.3459086614386895,123.70376981548443,2,squared median error; a>=1e-6; centered closed-form OLS,12392.84535365907
Rat_lodging_Jeannette_H3,Rat_lodging_Jeannette,tune,3,warm_r1_epoch1,2,warm_tune_Rat_lodging_Jeannette_H3,0.20533693800098263,1.8515114035893123,2.5311104876581196,2.1522432239850366,1.1097399985879208,1.367050984806978,56.41405247380652,.cache/building_transfer_subspace_v1_20260915/scores/tune_Rat_lodging_Jeannette_H3_warm_r1_epoch1.npz,953c3000ef7e24d98427bd43a59639c22286adf4f3fdd79bc8c1f131c3a10bd4,,,,,
Rat_lodging_Jeannette_H3,Rat_lodging_Jeannette,tune,3,warm_r1_epoch4,8,warm_tune_Rat_lodging_Jeannette_H3,0.8081207570066908,1.8811776348735068,2.5716657383506893,2.2031741412480677,1.1451237871507742,1.367050984806978,57.317958507073314,.cache/building_transfer_subspace_v1_20260915/scores/tune_Rat_lodging_Jeannette_H3_warm_r1_epoch4.npz,fdb2e5251c115c2d0a7d60295ef6da1e6b3718dbee0109f15fc9134e59a1c0ce,,,,,
Rat_lodging_Jeannette_H3,Rat_lodging_Jeannette,tune,3,warm_r1_epoch16,32,warm_tune_Rat_lodging_Jeannette_H3,3.2778296430187766,2.0826426944553895,2.8470787464562983,2.4888681741555536,1.3366495371090585,1.367050984806978,63.45643565652967,.cache/building_transfer_subspace_v1_20260915/scores/tune_Rat_lodging_Jeannette_H3_warm_r1_epoch16.npz,3af73c180ff9d350d93200ddb41d35a0211046db0d8ca9ee0e7a058a66a91973,,,,,
Rat_lodging_Jeannette_H3,Rat_lodging_Jeannette,tune,3,warm_r1_fixed120,120,warm_tune_Rat_lodging_Jeannette_H3,12.205569870013278,2.5033592591116474,3.4222197404942443,2.931061051487923,1.8939375703487347,1.367050984806978,76.27532853999058,.cache/building_transfer_subspace_v1_20260915/scores/tune_Rat_lodging_Jeannette_H3_warm_r1_fixed120.npz,49833c1c289b4905b1b265316cbdbd11e6fd9b9da8a0410d06a61f92f93703ff,,,,,
Rat_lodging_Jeannette_H3,Rat_lodging_Jeannette,tune,3,POOLED,0,warm_tune_Rat_lodging_Jeannette_H3,0.0,1.8395619952787494,2.514775037259304,2.1317478390534723,1.0959935652093722,1.367050984806978,56.049963683342575,.cache/building_transfer_subspace_v1_20260915/scores/tune_Rat_lodging_Jeannette_H3_POOLED.npz,29eb45d38bbc7b7c2bc5493feb91db820828d819f89d298d7094091205603f6e,,,,,
Rat_lodging_Jeannette_H3,Rat_lodging_Jeannette,tune,3,POOLED_AFFINE,0,warm_tune_Rat_lodging_Jeannette_H3,0.0,2.0794461697955655,2.8427089342721263,2.486823964435137,1.3843294404209043,1.367050984806978,63.359040139794786,.cache/building_transfer_subspace_v1_20260915/scores/tune_Rat_lodging_Jeannette_H3_POOLED_AFFINE.npz,d72b8fcf04a44b39bd469dc4c3432e8db9d5ea4947cf5030da395cc67be7807b,0.7246967664615204,0.2932406425808929,2,squared median error; a>=1e-6; centered closed-form OLS,0.9076992901542992
Rat_lodging_Jeannette_H14,Rat_lodging_Jeannette,tune,14,warm_r1_epoch1,13,warm_tune_Rat_lodging_Jeannette_H14,1.3443404700228712,1.1902028136900544,2.555380293547952,2.171724664370219,0.7270380841493005,2.147012479012177,56.954984254412004,.cache/building_transfer_subspace_v1_20260915/scores/tune_Rat_lodging_Jeannette_H14_warm_r1_epoch1.npz,1d91d009355cde69d05816a308d40f01cbc783ff25bb9f59a9b992bade0086e3,,,,,
Rat_lodging_Jeannette_H14,Rat_lodging_Jeannette,tune,14,warm_r1_epoch4,52,warm_tune_Rat_lodging_Jeannette_H14,5.336972206961946,1.2299254656568928,2.6406653230202117,2.247863488594691,0.7859995593762268,2.147012479012177,58.85583929465553,.cache/building_transfer_subspace_v1_20260915/scores/tune_Rat_lodging_Jeannette_H14_warm_r1_epoch4.npz,390acd37726be04778550c79756efd46a7de889b7a61ebe0c0a4a2fb149a7efa,,,,,
Rat_lodging_Jeannette_H14,Rat_lodging_Jeannette,tune,14,warm_r1_epoch16,208,warm_tune_Rat_lodging_Jeannette_H14,21.148531692946563,1.3165072689643194,2.8265575351766343,2.3809180939197545,0.9028063366734376,2.147012479012177,62.9990535329116,.cache/building_transfer_subspace_v1_20260915/scores/tune_Rat_lodging_Jeannette_H14_warm_r1_epoch16.npz,7bcc9f3f3233e073b7e6019fadec7f107000412698a906d04a6702f50fce172e,,,,,
Rat_lodging_Jeannette_H14,Rat_lodging_Jeannette,tune,14,warm_r1_fixed120,120,warm_tune_Rat_lodging_Jeannette_H14,12.274441737914458,1.3059767413846908,2.80394836105259,2.381868230501811,0.8583271749019606,2.147012479012177,62.49513434738313,.cache/building_transfer_subspace_v1_20260915/scores/tune_Rat_lodging_Jeannette_H14_warm_r1_fixed120.npz,25717e0cf32fff3117c93ce3c4c85d11f584a38166b5d3d252d669f54bf685c1,,,,,
Rat_lodging_Jeannette_H14,Rat_lodging_Jeannette,tune,14,POOLED,0,warm_tune_Rat_lodging_Jeannette_H14,0.0,1.1712903682871612,2.514775037259304,2.1317478390534723,0.6978436768802244,2.147012479012177,56.049963683342575,.cache/building_transfer_subspace_v1_20260915/scores/tune_Rat_lodging_Jeannette_H14_POOLED.npz,6d6400849ed0cf0edb0546959a98ddf442e5bf2b85492ce5c32531e64aac7673,,,,,
Rat_lodging_Jeannette_H14,Rat_lodging_Jeannette,tune,14,POOLED_AFFINE,0,warm_tune_Rat_lodging_Jeannette_H14,0.0,1.0063735373039069,2.1606965431391147,1.7964802300456253,0.6211315737733303,2.147012479012177,48.158169609341336,.cache/building_transfer_subspace_v1_20260915/scores/tune_Rat_lodging_Jeannette_H14_POOLED_AFFINE.npz,3efa26bd9a099bc727280fc4c96ce033b69d6d016e784c3cbc10d6f46239bb66,0.6397473409789314,1.3263687502838488,2,squared median error; a>=1e-6; centered closed-form OLS,6.212604045882188
Bear_education_Holly_H3,Bear_education_Holly,dev,3,LOCAL,2,local_dev_Bear_education_Holly_H3,0.20333565201144665,1.1520000337138143,0.4207394433548186,0.3730742075681686,0.7171719020507396,0.3652252005570174,27.666272057174144,.cache/building_transfer_subspace_v1_20260915/scores/dev_Bear_education_Holly_H3_LOCAL.npz,d0713833af487c795a3d2e778d80ffef1762f6b6fe9d9b38f89d995b5186f2e4,,,,,
Bear_education_Holly_H3,Bear_education_Holly,dev,3,LOCAL_FIXED120,120,local_dev_Bear_education_Holly_H3,12.153818383987527,0.9835071264369345,0.3592015875021853,0.3004012046893438,0.572042547974705,0.3652252005570174,23.619769907865678,.cache/building_transfer_subspace_v1_20260915/scores/dev_Bear_education_Holly_H3_LOCAL_FIXED120.npz,2e04447e365c49bdae8ab16c383372280000b5342094e373f82a735a4968460b,,,,,
Bear_education_Holly_H3,Bear_education_Holly,dev,3,F0,0,local_dev_Bear_education_Holly_H3,0.0,1.1577087454153103,0.4228244087309197,0.37519754853248594,0.7205769497212554,0.3652252005570174,27.803371680791688,.cache/building_transfer_subspace_v1_20260915/scores/dev_Bear_education_Holly_H3_F0.npz,d2e1c69767294d5a5bfac0bc5454774dd83291b81d02a5d2ada1e678a3fbc702,,,,,
Bear_education_Holly_H3,Bear_education_Holly,dev,3,AFFINE,0,local_dev_Bear_education_Holly_H3,0.0,0.5006081494948862,0.18283471179974717,0.1487859540470183,0.4073805085608757,0.3652252005570174,12.022535462359809,.cache/building_transfer_subspace_v1_20260915/scores/dev_Bear_education_Holly_H3_AFFINE.npz,fd35110e50649e06bd1e15c9948b74e413cba3e9563e8a1bf7c7b422ee44c6b7,1e-06,1.596102699472281,2,squared median error; a>=1e-6; centered closed-form OLS,0.042540048260560626
Bear_education_Holly_H3,Bear_education_Holly,dev,3,WARM,2,warm_dev_Bear_education_Holly_H3,0.20995649800170213,2.06757424127824,0.7551302169373683,0.7260496307055156,1.4560572343352571,0.3652252005570174,49.6545744648994,.cache/building_transfer_subspace_v1_20260915/scores/dev_Bear_education_Holly_H3_WARM.npz,5ff770149a4d51d2d2bb14d626b1a83812ea984634a204499379f33d775c6440,,,,,
Bear_education_Holly_H3,Bear_education_Holly,dev,3,POOLED,0,warm_dev_Bear_education_Holly_H3,0.0,2.1687846358095815,0.7920948035785323,0.7643357752402625,1.5303800702224637,0.3652252005570174,52.08522917685372,.cache/building_transfer_subspace_v1_20260915/scores/dev_Bear_education_Holly_H3_POOLED.npz,891dc6565aeaac8875e091467873282cb1798774850a0d4f37d956c20abee64c,,,,,
Bear_education_Holly_H3,Bear_education_Holly,dev,3,POOLED_AFFINE,0,warm_dev_Bear_education_Holly_H3,0.0,0.5242806849935239,0.1914805183249302,0.16455920139926597,0.4056846737052462,0.3652252005570174,12.591051771579918,.cache/building_transfer_subspace_v1_20260915/scores/dev_Bear_education_Holly_H3_POOLED_AFFINE.npz,e0ae522601508bf67d2fe7a2c98711e425f3ca1741883c75a6fe002395923cdc,0.04364205492338568,1.522147172814519,2,squared median error; a>=1e-6; centered closed-form OLS,0.1849283522589301
Bear_education_Holly_H14,Bear_education_Holly,dev,14,LOCAL,13,local_dev_Bear_education_Holly_H14,1.3386446829972556,1.1484969773013198,0.41837463858018065,0.3709466446081797,0.7160849171172347,0.3642801390415987,27.510771228120507,.cache/building_transfer_subspace_v1_20260915/scores/dev_Bear_education_Holly_H14_LOCAL.npz,544c390f5cb8afb1079119f37eaaa1c6cc7519ec456c49558e65bf016b0a2343,,,,,
Bear_education_Holly_H14,Bear_education_Holly,dev,14,LOCAL_FIXED120,120,local_dev_Bear_education_Holly_H14,12.362332309960038,0.599447282213958,0.21836673931300912,0.1913973252614339,0.39019715269956146,0.3642801390415987,14.358990376323945,.cache/building_transfer_subspace_v1_20260915/scores/dev_Bear_education_Holly_H14_LOCAL_FIXED120.npz,8eb8d453fbbeee3c245e419f8decba4468dba70ac5853b87de42c6d40f548dd2,,,,,
Bear_education_Holly_H14,Bear_education_Holly,dev,14,F0,0,local_dev_Bear_education_Holly_H14,0.0,1.1607122195663693,0.4228244087309197,0.37519754853248594,0.7224463613940163,0.3642801390415987,27.803371680791688,.cache/building_transfer_subspace_v1_20260915/scores/dev_Bear_education_Holly_H14_F0.npz,1df413529b982ca47be49363f453b4c4800d867ea657dd9cf5d1e4017c1e2c30,,,,,
Bear_education_Holly_H14,Bear_education_Holly,dev,14,AFFINE,0,local_dev_Bear_education_Holly_H14,0.0,0.4741164531147563,0.17271120746255306,0.13348463135726077,0.2827900792068392,0.3642801390415987,11.356851201973987,.cache/building_transfer_subspace_v1_20260915/scores/dev_Bear_education_Holly_H14_AFFINE.npz,54e4725d8d0c0a85153ab9f3c0b9c12010504c6af79dad970ccc0dedb0971956,0.4070329735173884,0.8274344347733256,2,squared median error; a>=1e-6; centered closed-form OLS,0.05116891254312307
Bear_education_Holly_H14,Bear_education_Holly,dev,14,WARM,13,warm_dev_Bear_education_Holly_H14,1.3345797500078334,2.043870893878144,0.744541573405007,0.7156306891282401,1.4238665933341736,0.3642801390415987,48.95830436873992,.cache/building_transfer_subspace_v1_20260915/scores/dev_Bear_education_Holly_H14_WARM.npz,241875eb8bf6cc6502aa927ace88f6c8106cc187358ca0dc1808f9a0c5235c95,,,,,
Bear_education_Holly_H14,Bear_education_Holly,dev,14,POOLED,0,warm_dev_Bear_education_Holly_H14,0.0,2.1744111706514957,0.7920948035785323,0.7643357752402625,1.5343503753621732,0.3642801390415987,52.08522917685372,.cache/building_transfer_subspace_v1_20260915/scores/dev_Bear_education_Holly_H14_POOLED.npz,7e58e27659ec348af6f0f46805f1dcb494ccc06e16446618fada2e0bf74d38ed,,,,,
Bear_education_Holly_H14,Bear_education_Holly,dev,14,POOLED_AFFINE,0,warm_dev_Bear_education_Holly_H14,0.0,0.4775873948741202,0.17397560260925943,0.14473343494224325,0.3192651760600177,0.3642801390415987,11.439993157569171,.cache/building_transfer_subspace_v1_20260915/scores/dev_Bear_education_Holly_H14_POOLED_AFFINE.npz,f01921a2dd41fe2781eeba3666a2a3d507f3eb4faea1e9154f4abd408ffd5762,0.29072014521423867,0.9449237960694756,2,squared median error; a>=1e-6; centered closed-form OLS,0.14799919735004705
Rat_education_Debra_H3,Rat_education_Debra,dev,3,LOCAL,2,local_dev_Rat_education_Debra_H3,0.20636105599987786,0.7985236138094397,30.67666370158121,24.52205223083496,0.4588553951209656,38.41672703357513,25.477898510511363,.cache/building_transfer_subspace_v1_20260915/scores/dev_Rat_education_Debra_H3_LOCAL.npz,335e443c5c899b938d997ab7fb3a682c88005f3c642d600c1a115c47cb2ed8af,,,,,
Rat_education_Debra_H3,Rat_education_Debra,dev,3,LOCAL_FIXED120,120,local_dev_Rat_education_Debra_H3,12.135131335875485,0.7304211971003558,28.060391748541548,24.163927497863767,0.5748473150779355,38.41672703357513,23.305005397235615,.cache/building_transfer_subspace_v1_20260915/scores/dev_Rat_education_Debra_H3_LOCAL_FIXED120.npz,9813ce02923f3bb393800808c1c7e309dff37e7ddc31adf141ffec9b0113322e,,,,,
Rat_education_Debra_H3,Rat_education_Debra,dev,3,F0,0,local_dev_Rat_education_Debra_H3,0.0,0.7987064412350975,30.683687332886954,24.507503293355303,0.457907051971797,38.41672703357513,25.483731849081806,.cache/building_transfer_subspace_v1_20260915/scores/dev_Rat_education_Debra_H3_F0.npz,db0f48bbd14032bb9ba84e6b3c38e04f6cfe49f5e00aea9a485b7230d4ae6da9,,,,,
Rat_education_Debra_H3,Rat_education_Debra,dev,3,AFFINE,0,local_dev_Rat_education_Debra_H3,0.0,0.9121202898608706,35.04067619737049,28.896549905290197,0.5245017672343159,38.41672703357513,29.10234308988039,.cache/building_transfer_subspace_v1_20260915/scores/dev_Rat_education_Debra_H3_AFFINE.npz,7544c77b43e5f26f26e6635876db1d4951e3c5615136e9b72833447db6057c43,1.148797577278785,-14.540466649862793,2,squared median error; a>=1e-6; centered closed-form OLS,1064.1442083194572
Rat_education_Debra_H3,Rat_education_Debra,dev,3,WARM,2,warm_dev_Rat_education_Debra_H3,0.20430764599586837,0.7799130820903846,29.961707984580574,24.303944091796875,0.48235592258996324,38.41672703357513,24.884106128965218,.cache/building_transfer_subspace_v1_20260915/scores/dev_Rat_education_Debra_H3_WARM.npz,8c82e44ea3181a272acce30280db10651c4a56e6f9e2d62172d414cad02bd6cb,,,,,
Rat_education_Debra_H3,Rat_education_Debra,dev,3,POOLED,0,warm_dev_Rat_education_Debra_H3,0.0,0.7898232645721869,30.34242475983689,24.556754570007325,0.48727841017566387,38.41672703357513,25.20030294409442,.cache/building_transfer_subspace_v1_20260915/scores/dev_Rat_education_Debra_H3_POOLED.npz,9ed83290953d6132e80f1244f635fa6b5189151693a8400c4f53304b274da13f,,,,,
Rat_education_Debra_H3,Rat_education_Debra,dev,3,POOLED_AFFINE,0,warm_dev_Rat_education_Debra_H3,0.0,0.795433783297386,30.55796252621963,24.90640712122368,0.4942083277108502,38.41672703357513,25.37931358848854,.cache/building_transfer_subspace_v1_20260915/scores/dev_Rat_education_Debra_H3_POOLED_AFFINE.npz,cf7e9fedde760a74882cb61049a0a9b7d018382b6bd57c98196a04c4377bcf51,0.9992609022699238,1.1770071338020216,2,squared median error; a>=1e-6; centered closed-form OLS,1373.5203704089402
Rat_education_Debra_H14,Rat_education_Debra,dev,14,LOCAL,13,local_dev_Rat_education_Debra_H14,1.3113508159731282,0.8643231744814903,30.92700573975039,24.797398351033525,0.5006799758730865,35.781761559619845,25.685815156970545,.cache/building_transfer_subspace_v1_20260915/scores/dev_Rat_education_Debra_H14_LOCAL.npz,3b87a57335efc7a829e75c494d84f0180af7c1d6a4aa539f1e6e629e5fa231df,,,,,
Rat_education_Debra_H14,Rat_education_Debra,dev,14,LOCAL_FIXED120,120,local_dev_Rat_education_Debra_H14,12.22629839592264,0.895420361809311,32.039717881889295,25.994537417093913,0.5801785603764137,35.781761559619845,26.609956299065065,.cache/building_transfer_subspace_v1_20260915/scores/dev_Rat_education_Debra_H14_LOCAL_FIXED120.npz,b72927a68a08584fb1b682e72914949404725b6fd9c1201acc46cd2110cac4dd,,,,,
Rat_education_Debra_H14,Rat_education_Debra,dev,14,F0,0,local_dev_Rat_education_Debra_H14,0.0,0.8575231066184811,30.683687332886954,24.507503293355303,0.4916272831632082,35.781761559619845,25.483731849081806,.cache/building_transfer_subspace_v1_20260915/scores/dev_Rat_education_Debra_H14_F0.npz,8e4debd761b66d1699cee02d61804334d1e69b39c73c1fc78c7c27975fa1fc61,,,,,
Rat_education_Debra_H14,Rat_education_Debra,dev,14,AFFINE,0,local_dev_Rat_education_Debra_H14,0.0,0.7923610266521937,28.35207332480438,24.39398119286011,0.504552225743404,35.781761559619845,23.547255782404697,.cache/building_transfer_subspace_v1_20260915/scores/dev_Rat_education_Debra_H14_AFFINE.npz,e88b999d7167ce92500a1c13ac4afc14e0b1352661852f88b6caee5c62f63ad3,0.8164475157964919,28.663010380758934,2,squared median error; a>=1e-6; centered closed-form OLS,1063.2438036282158
Rat_education_Debra_H14,Rat_education_Debra,dev,14,WARM,13,warm_dev_Rat_education_Debra_H14,1.3181623220007168,0.8903752199738306,31.859193819697676,25.809979858398435,0.5759838269957954,35.781761559619845,26.460025596692557,.cache/building_transfer_subspace_v1_20260915/scores/dev_Rat_education_Debra_H14_WARM.npz,fc46f4e7cfc8e5a799a31c48fa22d5989237e6e94f576e53749c917a858ba99e,,,,,
Rat_education_Debra_H14,Rat_education_Debra,dev,14,POOLED,0,warm_dev_Rat_education_Debra_H14,0.0,0.8479857736819388,30.34242475983689,24.556754570007325,0.5231615453555053,35.781761559619845,25.20030294409442,.cache/building_transfer_subspace_v1_20260915/scores/dev_Rat_education_Debra_H14_POOLED.npz,1ac96d32f8d1bd5d34ef88abc1b7aa5d6ee3020f4f45d40e0068f53727fc5f61,,,,,
Rat_education_Debra_H14,Rat_education_Debra,dev,14,POOLED_AFFINE,0,warm_dev_Rat_education_Debra_H14,0.0,0.7600596641809104,27.19627367480607,23.36143877782506,0.5165356191681052,35.781761559619845,22.58732915975754,.cache/building_transfer_subspace_v1_20260915/scores/dev_Rat_education_Debra_H14_POOLED_AFFINE.npz,c1e4162f5c703dcb612c9f13768c42e094aaf3cd90ed673463269b5980f78dc5,0.7945104982528205,30.028929277926338,2,squared median error; a>=1e-6; centered closed-form OLS,1153.0196159326126
Rat_assembly_Kimberley_H3,Rat_assembly_Kimberley,dev,3,LOCAL,2,local_dev_Rat_assembly_Kimberley_H3,0.20332672899530735,0.2756626080759708,2.272299618700788,1.3584169578552243,0.14905955933595874,8.243046217115369,3.845787584980706,.cache/building_transfer_subspace_v1_20260915/scores/dev_Rat_assembly_Kimberley_H3_LOCAL.npz,533fde497b2100092002356f8fcc3c86e299d4b1562c0926cf9d33c3b71bf783,,,,,
Rat_assembly_Kimberley_H3,Rat_assembly_Kimberley,dev,3,LOCAL_FIXED120,120,local_dev_Rat_assembly_Kimberley_H3,12.17436904895294,0.23605323999832012,1.945797767005979,1.528080705006917,0.13858674145062563,8.243046217115369,3.293194626997884,.cache/building_transfer_subspace_v1_20260915/scores/dev_Rat_assembly_Kimberley_H3_LOCAL_FIXED120.npz,a4a47cf219544e41d00c3a19fee1b89fea2fb78f1a4b0e9b729f093386878a82,,,,,
Rat_assembly_Kimberley_H3,Rat_assembly_Kimberley,dev,3,F0,0,local_dev_Rat_assembly_Kimberley_H3,0.0,0.2766726881058389,2.2806257550699756,1.3623645337422685,0.15033342566109237,8.243046217115369,3.8598792794104164,.cache/building_transfer_subspace_v1_20260915/scores/dev_Rat_assembly_Kimberley_H3_F0.npz,940055c43f155da3ad8620275c7b9a8d88720dea23f2f4fd2e40188205dc96a5,,,,,
Rat_assembly_Kimberley_H3,Rat_assembly_Kimberley,dev,3,AFFINE,0,local_dev_Rat_assembly_Kimberley_H3,0.0,0.39439230730093405,3.2509940167563665,2.646646386686284,0.24962937375900834,8.243046217115369,5.502193604044484,.cache/building_transfer_subspace_v1_20260915/scores/dev_Rat_assembly_Kimberley_H3_AFFINE.npz,69a435b44f8e366ca1b4277ccd0c6ca75777aa159be9d6f6e8dee2af9eb5ffd1,0.8120986685478949,14.287481279251857,2,squared median error; a>=1e-6; centered closed-form OLS,45.669618490887785
Rat_assembly_Kimberley_H3,Rat_assembly_Kimberley,dev,3,WARM,2,warm_dev_Rat_assembly_Kimberley_H3,0.20783147899783216,0.20247012982257195,1.6689706377128093,0.837948392232259,0.08210636393979623,8.243046217115369,2.8246743983010063,.cache/building_transfer_subspace_v1_20260915/scores/dev_Rat_assembly_Kimberley_H3_WARM.npz,0688bda83b2e4e69ea8cd8bcd6d5f99fa5995d1a9a114e9deb784ff07d537b99,,,,,
Rat_assembly_Kimberley_H3,Rat_assembly_Kimberley,dev,3,POOLED,0,warm_dev_Rat_assembly_Kimberley_H3,0.0,0.20453154175439162,1.685962951539312,0.8608609072367347,0.08415816979252329,8.243046217115369,2.853433294802263,.cache/building_transfer_subspace_v1_20260915/scores/dev_Rat_assembly_Kimberley_H3_POOLED.npz,c8cb0c9455b412ec9c8518ec7c22292a06e8b7872311c4725e4a30d4a30ae0ac,,,,,
Rat_assembly_Kimberley_H3,Rat_assembly_Kimberley,dev,3,POOLED_AFFINE,0,warm_dev_Rat_assembly_Kimberley_H3,0.0,0.38447605243081434,3.1692538695612744,2.515344398558847,0.23782058260262146,8.243046217115369,5.363851265432854,.cache/building_transfer_subspace_v1_20260915/scores/dev_Rat_assembly_Kimberley_H3_POOLED_AFFINE.npz,7ade2b2e25e74b928ffd1d5dfc860f3fa1b7990f16735d3c756441900b6c2351,0.7350897561837796,18.200979218024486,2,squared median error; a>=1e-6; centered closed-form OLS,54.06402055248827
Rat_assembly_Kimberley_H14,Rat_assembly_Kimberley,dev,14,LOCAL,13,local_dev_Rat_assembly_Kimberley_H14,1.338891756007797,0.21899015132744554,2.2767902975056598,1.3636812400817868,0.11713931338178261,10.396770282610946,3.85338790170557,.cache/building_transfer_subspace_v1_20260915/scores/dev_Rat_assembly_Kimberley_H14_LOCAL.npz,b0664bee8b27167cfabdd2604454ac139b349afb1d40b9343f91b7fb26f9618e,,,,,
Rat_assembly_Kimberley_H14,Rat_assembly_Kimberley,dev,14,LOCAL_FIXED120,120,local_dev_Rat_assembly_Kimberley_H14,12.226081984932534,0.23319597616636978,2.424484995030964,1.5800265312194819,0.10456671160464916,10.396770282610946,4.103356008655769,.cache/building_transfer_subspace_v1_20260915/scores/dev_Rat_assembly_Kimberley_H14_LOCAL_FIXED120.npz,15383401444ce6fb3a1ee883aeec545282143169eeaed3e65e005c3f013991fc,,,,,
Rat_assembly_Kimberley_H14,Rat_assembly_Kimberley,dev,14,F0,0,local_dev_Rat_assembly_Kimberley_H14,0.0,0.21935905988847537,2.2806257550699756,1.3623645337422685,0.1191913779007205,10.396770282610946,3.8598792794104164,.cache/building_transfer_subspace_v1_20260915/scores/dev_Rat_assembly_Kimberley_H14_F0.npz,c3bc8003e3204590bb29d0bf304243c05dd5ffb94630cf70578d140311a52f3c,,,,,
Rat_assembly_Kimberley_H14,Rat_assembly_Kimberley,dev,14,AFFINE,0,local_dev_Rat_assembly_Kimberley_H14,0.0,0.24920833827929612,2.5909618456010417,2.1279313738586945,0.16486409654184922,10.396770282610946,4.3851122523482955,.cache/building_transfer_subspace_v1_20260915/scores/dev_Rat_assembly_Kimberley_H14_AFFINE.npz,d4c9fe7f0afcaaff39e5c26651ff39542569a4eb23ca5719ec11831796e16681,0.7764954288113374,13.794859714269641,2,squared median error; a>=1e-6; centered closed-form OLS,83.44837144467587
Rat_assembly_Kimberley_H14,Rat_assembly_Kimberley,dev,14,WARM,13,warm_dev_Rat_assembly_Kimberley_H14,1.3225208939838922,0.17316475415913674,1.800354170037343,0.9686901601155595,0.07196030922150752,10.396770282610946,3.047036428962042,.cache/building_transfer_subspace_v1_20260915/scores/dev_Rat_assembly_Kimberley_H14_WARM.npz,7b426332d0d388661b7b2ae984510124910ff4a599204b0dbb75b0fadcfd183a,,,,,
Rat_assembly_Kimberley_H14,Rat_assembly_Kimberley,dev,14,POOLED,0,warm_dev_Rat_assembly_Kimberley_H14,0.0,0.16216218168820742,1.685962951539312,0.8608609072367347,0.06672453697547676,10.396770282610946,2.853433294802263,.cache/building_transfer_subspace_v1_20260915/scores/dev_Rat_assembly_Kimberley_H14_POOLED.npz,d270fb822285f12bce82f1d6f064a8612d3da70bcf37b6349babdfb5049dbf65,,,,,
Rat_assembly_Kimberley_H14,Rat_assembly_Kimberley,dev,14,POOLED_AFFINE,0,warm_dev_Rat_assembly_Kimberley_H14,0.0,0.23269109417521547,2.419235852949105,2.059263281126684,0.15201968332821114,10.396770282610946,4.09447201937721,.cache/building_transfer_subspace_v1_20260915/scores/dev_Rat_assembly_Kimberley_H14_POOLED_AFFINE.npz,5b076163ccef795c91885f1fb42ba476fbc70dbd69649e5e50c256589573f018,0.7355307534968837,15.4308193345341,2,squared median error; a>=1e-6; centered closed-form OLS,97.02081946143157
Panther_lodging_Teresita_H3,Panther_lodging_Teresita,dev,3,LOCAL,2,local_dev_Panther_lodging_Teresita_H3,0.20252828099182807,0.723133750875536,6.565537060656597,5.3506255783081045,0.40346789028449964,9.079284506783644,7.905901253243663,.cache/building_transfer_subspace_v1_20260915/scores/dev_Panther_lodging_Teresita_H3_LOCAL.npz,3bc66b483189bfd5903921dad29dd75cad04d195b73f508cca2d55a45cb39df7,,,,,
Panther_lodging_Teresita_H3,Panther_lodging_Teresita,dev,3,LOCAL_FIXED120,120,local_dev_Panther_lodging_Teresita_H3,12.242464794966509,0.8540866184639413,7.754495402470895,6.617574278259276,0.6230312060372178,9.079284506783644,9.337587215528693,.cache/building_transfer_subspace_v1_20260915/scores/dev_Panther_lodging_Teresita_H3_LOCAL_FIXED120.npz,1ddc7391b40249d9e9c7b5bdfdf70b35bf253e9e2f46c5ee8cba95ca7db73d65,,,,,
Panther_lodging_Teresita_H3,Panther_lodging_Teresita,dev,3,F0,0,local_dev_Panther_lodging_Teresita_H3,0.0,0.7223623412647066,6.55853321332861,5.347775045776366,0.4025437864177766,9.079284506783644,7.897467560027662,.cache/building_transfer_subspace_v1_20260915/scores/dev_Panther_lodging_Teresita_H3_F0.npz,11a5e785247c84ef6c5cec3048232a5f2dc94d15a078e0b48cc782c59caf7a01,,,,,
Panther_lodging_Teresita_H3,Panther_lodging_Teresita,dev,3,AFFINE,0,local_dev_Panther_lodging_Teresita_H3,0.0,0.6478170507505603,5.881715312109836,4.779395687608221,0.35828791220754996,9.079284506783644,7.082476273857368,.cache/building_transfer_subspace_v1_20260915/scores/dev_Panther_lodging_Teresita_H3_AFFINE.npz,173ec83c94e3e32586f8831ada1ec916b99255d74d006a33f6d07644bea2efc6,0.9410694069353451,4.578183426720685,2,squared median error; a>=1e-6; centered closed-form OLS,63.00887227649883
Panther_lodging_Teresita_H3,Panther_lodging_Teresita,dev,3,WARM,2,warm_dev_Panther_lodging_Teresita_H3,0.20226377998187672,1.0080922101753595,9.152755985254423,7.876264814249673,0.6501566878684781,9.079284506783644,11.02130478374298,.cache/building_transfer_subspace_v1_20260915/scores/dev_Panther_lodging_Teresita_H3_WARM.npz,457f014e7cd1d8610b01f5b73ef38cf66dc117e174c5dd014f07acbecd77b587,,,,,
Panther_lodging_Teresita_H3,Panther_lodging_Teresita,dev,3,POOLED,0,warm_dev_Panther_lodging_Teresita_H3,0.0,1.0668320352753133,9.686071569215615,8.53423556060791,0.6936330351390068,9.079284506783644,11.66349754035374,.cache/building_transfer_subspace_v1_20260915/scores/dev_Panther_lodging_Teresita_H3_POOLED.npz,4bc57bc30b485dfee573881cff27ebaf4feee35b0f6772e63cb3503fb7963d01,,,,,
Panther_lodging_Teresita_H3,Panther_lodging_Teresita,dev,3,POOLED_AFFINE,0,warm_dev_Panther_lodging_Teresita_H3,0.0,0.5157904523811764,4.683008263051342,4.091598250074696,0.34049921698040536,9.079284506783644,5.639051391190448,.cache/building_transfer_subspace_v1_20260915/scores/dev_Panther_lodging_Teresita_H3_POOLED_AFFINE.npz,2812459ee259d690dcd113ed4c9d676735a5ac15cad1234294490dad29cda54a,1.0205474863876023,-10.719134450377638,2,squared median error; a>=1e-6; centered closed-form OLS,32.915126613652696
Panther_lodging_Teresita_H14,Panther_lodging_Teresita,dev,14,LOCAL,13,local_dev_Panther_lodging_Teresita_H14,1.3404878609871957,0.6955091978575707,6.491076818086273,5.2435746826171865,0.38662456332395095,9.332841086906148,7.816239840991321,.cache/building_transfer_subspace_v1_20260915/scores/dev_Panther_lodging_Teresita_H14_LOCAL.npz,fc5373ea0392ef1fc69ba70bfff4a8f429e982d94c22ada34bb53beb1faaf8d5,,,,,
Panther_lodging_Teresita_H14,Panther_lodging_Teresita,dev,14,LOCAL_FIXED120,120,local_dev_Panther_lodging_Teresita_H14,12.256729506989359,0.6089106277678756,5.682866125085845,4.5965942291259765,0.3327949604637853,9.332841086906148,6.843031728441577,.cache/building_transfer_subspace_v1_20260915/scores/dev_Panther_lodging_Teresita_H14_LOCAL_FIXED120.npz,e13ba7e37080872c6dfc3fe6f6048bee310066042dfc0fa2185ac189f0aa4874,,,,,
Panther_lodging_Teresita_H14,Panther_lodging_Teresita,dev,14,F0,0,local_dev_Panther_lodging_Teresita_H14,0.0,0.7027370499782906,6.55853321332861,5.347775045776366,0.3916073925712281,9.332841086906148,7.897467560027662,.cache/building_transfer_subspace_v1_20260915/scores/dev_Panther_lodging_Teresita_H14_F0.npz,9a44bd209d40872c19bff5e3e7dfebf57b19c0e05ca3545407cac746895cda13,,,,,
Panther_lodging_Teresita_H14,Panther_lodging_Teresita,dev,14,AFFINE,0,local_dev_Panther_lodging_Teresita_H14,0.0,0.5760336130391872,5.376030171211124,4.430342170346279,0.3214245008474871,9.332841086906148,6.473554756509629,.cache/building_transfer_subspace_v1_20260915/scores/dev_Panther_lodging_Teresita_H14_AFFINE.npz,3f84d74b540fae5a5590e450b0123daede93c7d9f4df858456fb6d343f3ae622,0.8728506104793744,10.212406633320057,2,squared median error; a>=1e-6; centered closed-form OLS,62.66423909153736
Panther_lodging_Teresita_H14,Panther_lodging_Teresita,dev,14,WARM,13,warm_dev_Panther_lodging_Teresita_H14,1.3229714530170895,0.8271855492721532,7.719991280742181,6.359724426269531,0.5088440205653671,9.332841086906148,9.296039025838049,.cache/building_transfer_subspace_v1_20260915/scores/dev_Panther_lodging_Teresita_H14_WARM.npz,681d4b0a3304211a70d06002ccadea5b17eff50ce5eba4f6c05eb48c4c53070e,,,,,
Panther_lodging_Teresita_H14,Panther_lodging_Teresita,dev,14,POOLED,0,warm_dev_Panther_lodging_Teresita_H14,0.0,1.0378481192404578,9.686071569215615,8.53423556060791,0.6747882676547955,9.332841086906148,11.66349754035374,.cache/building_transfer_subspace_v1_20260915/scores/dev_Panther_lodging_Teresita_H14_POOLED.npz,49d212f53bacb324b90761e92f2731e444176824abc43d38e086b9fe5a1b45b7,,,,,
Panther_lodging_Teresita_H14,Panther_lodging_Teresita,dev,14,POOLED_AFFINE,0,warm_dev_Panther_lodging_Teresita_H14,0.0,0.4300666648185925,4.013743839527655,3.61509625038688,0.27573349438150163,9.332841086906148,4.833155636463239,.cache/building_transfer_subspace_v1_20260915/scores/dev_Panther_lodging_Teresita_H14_POOLED_AFFINE.npz,e0f1014bc62405d4b75cc2130a4e67b5b3188cef48a6a2a77b8016c0802bb34d,0.7302194880584539,17.988230960865437,2,squared median error; a>=1e-6; centered closed-form OLS,61.16451486858652
Fox_education_Etta_H3,Fox_education_Etta,dev,3,LOCAL,2,local_dev_Fox_education_Etta_H3,0.2103966420108918,0.5296912375195213,17.999502341471317,12.622994562784834,0.2652318946856299,33.98112157898017,7.723423290972134,.cache/building_transfer_subspace_v1_20260915/scores/dev_Fox_education_Etta_H3_LOCAL.npz,34d8d7e64b4b0502b229e9d781bbf9e3ca7ad5f809b6147c1007a4ffad86f0e5,,,,,
Fox_education_Etta_H3,Fox_education_Etta,dev,3,LOCAL_FIXED120,120,local_dev_Fox_education_Etta_H3,12.291032557186554,0.5350718688650908,18.182342229396788,13.463061854044598,0.2883204800148984,33.98112157898017,7.801878229454999,.cache/building_transfer_subspace_v1_20260915/scores/dev_Fox_education_Etta_H3_LOCAL_FIXED120.npz,3f1bb7d02a6d38dc73a15c9c08d5205f11f1e494bc899b13bc060cd44637f191,,,,,
Fox_education_Etta_H3,Fox_education_Etta,dev,3,F0,0,local_dev_Fox_education_Etta_H3,0.0,0.5286956621523932,17.9656715738799,12.595300496419275,0.26475297638670653,33.98112157898017,7.708906815271303,.cache/building_transfer_subspace_v1_20260915/scores/dev_Fox_education_Etta_H3_F0.npz,53bb1778e8d874169a009d118a29b376f492d2bbeabd15e289b5dd448d9f4d70,,,,,
Fox_education_Etta_H3,Fox_education_Etta,dev,3,AFFINE,0,local_dev_Fox_education_Etta_H3,0.0,0.6034484097451742,20.505853778193007,14.698178102605928,0.30586498397627093,33.98112157898017,8.798875972635301,.cache/building_transfer_subspace_v1_20260915/scores/dev_Fox_education_Etta_H3_AFFINE.npz,5edc1b59d5a024371e4bb6ad8017b8fbb000bbf5516f718184c347781c0ff32e,0.8379393203006467,33.97966717614216,2,squared median error; a>=1e-6; centered closed-form OLS,1095.947892186831
Fox_education_Etta_H3,Fox_education_Etta,dev,3,WARM,2,warm_dev_Fox_education_Etta_H3,0.1983003630011808,0.49299490502589305,16.752519805502654,10.512495676676437,0.22898717571998067,33.98112157898017,7.188354388564435,.cache/building_transfer_subspace_v1_20260915/scores/dev_Fox_education_Etta_H3_WARM.npz,0d5db34495b7250c69e4141bbc9536a66d8882bfa917cb798b23f1f26aa6feb0,,,,,
Fox_education_Etta_H3,Fox_education_Etta,dev,3,POOLED,0,warm_dev_Fox_education_Etta_H3,0.0,0.4873790543296446,16.561686900224036,10.31648480733236,0.2267929003174611,33.98112157898017,7.106469718791265,.cache/building_transfer_subspace_v1_20260915/scores/dev_Fox_education_Etta_H3_POOLED.npz,6efb9eb5209d4135c8529863ba485144354846d012d3341881caf0aa96b1f318,,,,,
Fox_education_Etta_H3,Fox_education_Etta,dev,3,POOLED_AFFINE,0,warm_dev_Fox_education_Etta_H3,0.0,0.7146376630418354,24.284189312742875,17.270765252895114,0.3521669173307629,33.98112157898017,10.420125500263335,.cache/building_transfer_subspace_v1_20260915/scores/dev_Fox_education_Etta_H3_POOLED_AFFINE.npz,7b56bb46544cd1e332c0789bce9bacd5506fb359249aec918fa7e80bd64608ff,0.7448017512214378,47.859193077730026,2,squared median error; a>=1e-6; centered closed-form OLS,1169.3735226706438
Fox_education_Etta_H14,Fox_education_Etta,dev,14,LOCAL,13,local_dev_Fox_education_Etta_H14,1.3060228790272959,0.4146081995530171,17.685781983621364,12.402032038370772,0.2073132320002794,42.6566141303721,7.588808729263514,.cache/building_transfer_subspace_v1_20260915/scores/dev_Fox_education_Etta_H14_LOCAL.npz,444b13f2c86436e462b9be53672ce255898bce3239f35acbbe7c4dd128318fd3,,,,,
Fox_education_Etta_H14,Fox_education_Etta,dev,14,LOCAL_FIXED120,120,local_dev_Fox_education_Etta_H14,12.141832730107126,0.37289798633426213,15.906565513053389,11.167121429443363,0.18744647823207827,42.6566141303721,6.825363070168549,.cache/building_transfer_subspace_v1_20260915/scores/dev_Fox_education_Etta_H14_LOCAL_FIXED120.npz,aa7b02da14f8c65cc69d6025d30440962e92992a44c1249169e9c67655d5e7ce,,,,,
Fox_education_Etta_H14,Fox_education_Etta,dev,14,F0,0,local_dev_Fox_education_Etta_H14,0.0,0.4211696577457162,17.9656715738799,12.595300496419275,0.21090757582158484,42.6566141303721,7.708906815271303,.cache/building_transfer_subspace_v1_20260915/scores/dev_Fox_education_Etta_H14_F0.npz,dc494daff089eb1d92e4c06c17b8b1f3137460fb9fd8baec6a45bb1a72dd9b4a,,,,,
Fox_education_Etta_H14,Fox_education_Etta,dev,14,AFFINE,0,local_dev_Fox_education_Etta_H14,0.0,0.36848826128002804,15.71846157299389,11.592526976605178,0.19546690240162395,42.6566141303721,6.744649374633098,.cache/building_transfer_subspace_v1_20260915/scores/dev_Fox_education_Etta_H14_AFFINE.npz,caa851fca7057b5aa477e0bec885068f183297ac0f418f83d198c4f2da6bebe5,0.9982599313798439,7.465639826450854,2,squared median error; a>=1e-6; centered closed-form OLS,1442.6838597722515
Fox_education_Etta_H14,Fox_education_Etta,dev,14,WARM,13,warm_dev_Fox_education_Etta_H14,1.3346838090074016,0.3828474517543464,16.330976020281405,10.362516148885094,0.17556554546533795,42.6566141303721,7.007473771579765,.cache/building_transfer_subspace_v1_20260915/scores/dev_Fox_education_Etta_H14_WARM.npz,dd6356dd7df372f6e96ea0129a67f4239f5a79eb6023b53efdf9a96e1ee28cc3,,,,,
Fox_education_Etta_H14,Fox_education_Etta,dev,14,POOLED,0,warm_dev_Fox_education_Etta_H14,0.0,0.3882560122940439,16.561686900224036,10.31648480733236,0.18066781145318134,42.6566141303721,7.106469718791265,.cache/building_transfer_subspace_v1_20260915/scores/dev_Fox_education_Etta_H14_POOLED.npz,7436248b8b3bacc4aa08953b6a818057cbe5086938864060f1136c08ab8a6cdf,,,,,
Fox_education_Etta_H14,Fox_education_Etta,dev,14,POOLED_AFFINE,0,warm_dev_Fox_education_Etta_H14,0.0,0.4251369432961689,18.13490254275056,11.539356266891707,0.19482719717110053,42.6566141303721,7.781522289951288,.cache/building_transfer_subspace_v1_20260915/scores/dev_Fox_education_Etta_H14_POOLED_AFFINE.npz,b4501e801e023ddc8b4bfb612bda47887e1183304ff5ea801275e66bcff3cf6c,0.8805624512582874,25.60950575229907,2,squared median error; a>=1e-6; centered closed-form OLS,1668.085915998809
Fox_education_Otilia_H3,Fox_education_Otilia,dev,3,LOCAL,2,local_dev_Fox_education_Otilia_H3,0.20549223200941924,0.74013780332773,36.63735533869398,30.423470153808584,0.4073472798715638,49.50072158720841,4.076136996054831,.cache/building_transfer_subspace_v1_20260915/scores/dev_Fox_education_Otilia_H3_LOCAL.npz,c91f23ce270306fb3267ce9a35d7607ccc24444a206963201d8f14d52c81246a,,,,,
Fox_education_Otilia_H3,Fox_education_Otilia,dev,3,LOCAL_FIXED120,120,local_dev_Fox_education_Otilia_H3,12.085316684941063,0.6710984043092343,33.219855269331234,26.317894592285146,0.4374242139315555,49.50072158720841,3.6959185458426975,.cache/building_transfer_subspace_v1_20260915/scores/dev_Fox_education_Otilia_H3_LOCAL_FIXED120.npz,aa8ddeabb03d3b4726e8fb7553733c3ab6af62a2486bb1fdac231aae759d261b,,,,,
Fox_education_Otilia_H3,Fox_education_Otilia,dev,3,F0,0,local_dev_Fox_education_Otilia_H3,0.0,0.7394457290202361,36.60309716108106,30.394717508951814,0.4055981115782614,49.50072158720841,4.072325557595517,.cache/building_transfer_subspace_v1_20260915/scores/dev_Fox_education_Otilia_H3_F0.npz,f6d188935e106bcdb489b61555cdeeddc569cb48b3afd3a8da3c246c52e7321c,,,,,
Fox_education_Otilia_H3,Fox_education_Otilia,dev,3,AFFINE,0,local_dev_Fox_education_Otilia_H3,0.0,0.6937988674616393,34.34354457573912,28.843972228245192,0.3827332996827587,49.50072158720841,3.820936072669557,.cache/building_transfer_subspace_v1_20260915/scores/dev_Fox_education_Otilia_H3_AFFINE.npz,66177879e2d791fb6ac9147f75c2b6968d3b48caf34354e4a673de9dbaa98f59,0.9539034063601725,41.371633168996595,2,squared median error; a>=1e-6; centered closed-form OLS,2366.328050500246
Fox_education_Otilia_H3,Fox_education_Otilia,dev,3,WARM,2,warm_dev_Fox_education_Otilia_H3,0.21010562700394075,0.8282274509273462,40.99785645923788,34.96810048421223,0.4854244259281333,49.50072158720841,4.561270264394639,.cache/building_transfer_subspace_v1_20260915/scores/dev_Fox_education_Otilia_H3_WARM.npz,96d63ef99e94eeb9b7802bf865af56bf7d550445bd9ff45e89f205d97ff431b7,,,,,
Fox_education_Otilia_H3,Fox_education_Otilia,dev,3,POOLED,0,warm_dev_Fox_education_Otilia_H3,0.0,0.8479999747714173,41.976610657119686,36.10608571370442,0.4921249191427268,49.50072158720841,4.670162845727235,.cache/building_transfer_subspace_v1_20260915/scores/dev_Fox_education_Otilia_H3_POOLED.npz,b39b3aee85b3f0dc1d877e03c6d19f8bda36591d447fb8dd3842bc9f46bfc864,,,,,
Fox_education_Otilia_H3,Fox_education_Otilia,dev,3,POOLED_AFFINE,0,warm_dev_Fox_education_Otilia_H3,0.0,0.7225153205508777,35.76502972508164,29.59944274068852,0.3960006912696826,49.50072158720841,3.9790852663821874,.cache/building_transfer_subspace_v1_20260915/scores/dev_Fox_education_Otilia_H3_POOLED_AFFINE.npz,91f9995daf0a9088da8870a68ef85d3a2b63f8df1cc5ee0ffa4752629868abc4,1.0038343522441602,-11.282979869108885,2,squared median error; a>=1e-6; centered closed-form OLS,2132.8287586238635
Fox_education_Otilia_H14,Fox_education_Otilia,dev,14,LOCAL,13,local_dev_Fox_education_Otilia_H14,1.304418273983174,0.630184909649601,37.13815865591437,30.874962463378896,0.3482169611076068,58.93216115975251,4.131854525614424,.cache/building_transfer_subspace_v1_20260915/scores/dev_Fox_education_Otilia_H14_LOCAL.npz,892f9e94bf31ff309f8ceef150738cc5d2423058845277b6f0fa39beb3f1f1f4,,,,,
Fox_education_Otilia_H14,Fox_education_Otilia,dev,14,LOCAL_FIXED120,120,local_dev_Fox_education_Otilia_H14,12.101616846979596,0.6546066485858111,38.5773845107045,31.86844187418619,0.3966937453788413,58.93216115975251,4.291977484767889,.cache/building_transfer_subspace_v1_20260915/scores/dev_Fox_education_Otilia_H14_LOCAL_FIXED120.npz,ef97d28dcee65ca4c042abf4cc620648db405a4bd4b8d2ce6827df36f1bac893,,,,,
Fox_education_Otilia_H14,Fox_education_Otilia,dev,14,F0,0,local_dev_Fox_education_Otilia_H14,0.0,0.6211056313013513,36.60309716108106,30.394717508951814,0.3406866268336481,58.93216115975251,4.072325557595517,.cache/building_transfer_subspace_v1_20260915/scores/dev_Fox_education_Otilia_H14_F0.npz,ef568ec7d0210ac4c9c45bad37b6939546ff02b4cb4711944cce1abddfb92c4f,,,,,
Fox_education_Otilia_H14,Fox_education_Otilia,dev,14,AFFINE,0,local_dev_Fox_education_Otilia_H14,0.0,0.7320529074130284,43.14145991712997,40.732298535351866,0.49685664839929156,58.93216115975251,4.7997596771486455,.cache/building_transfer_subspace_v1_20260915/scores/dev_Fox_education_Otilia_H14_AFFINE.npz,bf15264482dd56d102aae0142bc210a610eeb6737aebcdd892b6f972ed801a19,0.7997321504704927,197.43297757346613,2,squared median error; a>=1e-6; centered closed-form OLS,2242.4623544589676
Fox_education_Otilia_H14,Fox_education_Otilia,dev,14,WARM,13,warm_dev_Fox_education_Otilia_H14,1.3136044729471905,0.7113951231572934,41.924052046167596,35.309082641601556,0.4270125149859043,58.93216115975251,4.664315368566766,.cache/building_transfer_subspace_v1_20260915/scores/dev_Fox_education_Otilia_H14_WARM.npz,2e8e6f5a7d96054ccbb3bc74041eeec1dafb5674baee53ed081f1d11edfc8a39,,,,,
Fox_education_Otilia_H14,Fox_education_Otilia,dev,14,POOLED,0,warm_dev_Fox_education_Otilia_H14,0.0,0.7122869725298221,41.976610657119686,36.10608571370442,0.4133657773482182,58.93216115975251,4.670162845727235,.cache/building_transfer_subspace_v1_20260915/scores/dev_Fox_education_Otilia_H14_POOLED.npz,c613518a4dd5c936833e4adfc793b1b2a9c25fbd0bfe9360e39153b17a5523f7,,,,,
Fox_education_Otilia_H14,Fox_education_Otilia,dev,14,POOLED_AFFINE,0,warm_dev_Fox_education_Otilia_H14,0.0,0.7464470915708148,43.989740297679795,41.472989063192514,0.5071961246784106,58.93216115975251,4.894136222896062,.cache/building_transfer_subspace_v1_20260915/scores/dev_Fox_education_Otilia_H14_POOLED_AFFINE.npz,c6d72a5b004f87557daff018fca3bcf4df78fc050abaad2235f93c55cbca813a,0.8073768233482728,185.81771836256075,2,squared median error; a>=1e-6; centered closed-form OLS,2200.0062413770543
Bear_assembly_Genia_H3,Bear_assembly_Genia,dev,3,LOCAL,2,local_dev_Bear_assembly_Genia_H3,0.20445017599558923,0.7942560975484374,51.490308561883566,35.659451192220054,0.40693947993352536,64.8283453168497,22.17319287677359,.cache/building_transfer_subspace_v1_20260915/scores/dev_Bear_assembly_Genia_H3_LOCAL.npz,80ca9ea44523a4216f98e39333949d25c60c0a763892d2d75c104d0f8d4a2074,,,,,
Bear_assembly_Genia_H3,Bear_assembly_Genia,dev,3,LOCAL_FIXED120,120,local_dev_Bear_assembly_Genia_H3,12.291860815952532,1.3983519131058229,90.6528406973017,61.914716276041666,0.8079474342794225,64.8283453168497,39.03769423313727,.cache/building_transfer_subspace_v1_20260915/scores/dev_Bear_assembly_Genia_H3_LOCAL_FIXED120.npz,1d474e205fa1267353d0c75d357e726345e7703b29e191437f607411ae610219,,,,,
Bear_assembly_Genia_H3,Bear_assembly_Genia,dev,3,F0,0,local_dev_Bear_assembly_Genia_H3,0.0,0.7969541970847587,51.66522189032343,35.57053504943848,0.40675561837949953,64.8283453168497,22.248515536057216,.cache/building_transfer_subspace_v1_20260915/scores/dev_Bear_assembly_Genia_H3_F0.npz,e8b7d5c8af191a592cfba779752bfe322ed46780e1ba1e703fc74dd0ce4cb862,,,,,
Bear_assembly_Genia_H3,Bear_assembly_Genia,dev,3,AFFINE,0,local_dev_Bear_assembly_Genia_H3,0.0,2.11018530535579,136.7998216581471,120.99798302330218,1.422361807259107,64.8283453168497,58.90989811196743,.cache/building_transfer_subspace_v1_20260915/scores/dev_Bear_assembly_Genia_H3_AFFINE.npz,83f48a33142440d19451cf72bc616640f71022be2fd41adf8f709ff309eb1ae6,3.1839332410270353,-398.5027205216684,2,squared median error; a>=1e-6; centered closed-form OLS,110.99849430519801
Bear_assembly_Genia_H3,Bear_assembly_Genia,dev,3,WARM,2,warm_dev_Bear_assembly_Genia_H3,0.20018895898829214,1.1158903818578692,72.34132701083323,65.73377015482585,0.7411213987389733,64.8283453168497,31.15223508216396,.cache/building_transfer_subspace_v1_20260915/scores/dev_Bear_assembly_Genia_H3_WARM.npz,22f3b66c6790793b12c18b1b54b435eafb8313fcc60a72ee51ef23cba0a8e66f,,,,,
Bear_assembly_Genia_H3,Bear_assembly_Genia,dev,3,POOLED,0,warm_dev_Bear_assembly_Genia_H3,0.0,1.0320722378908551,66.90753542992222,61.498828672281896,0.7117647283828846,64.8283453168497,28.81228971883555,.cache/building_transfer_subspace_v1_20260915/scores/dev_Bear_assembly_Genia_H3_POOLED.npz,0c411d2526abfbf1c7a1ebb639f2ee42043eb019df7605456ca306cde24438df,,,,,
Bear_assembly_Genia_H3,Bear_assembly_Genia,dev,3,POOLED_AFFINE,0,warm_dev_Bear_assembly_Genia_H3,0.0,2.3956808945087236,155.30802829819092,140.20803067760642,1.5763551740241224,64.8283453168497,66.88005884890788,.cache/building_transfer_subspace_v1_20260915/scores/dev_Bear_assembly_Genia_H3_POOLED_AFFINE.npz,69fb74fb79df8a2e78f6899a83d94d0de0abfc9fbc6449bde1f778c76fecd908,1.6277708956676185,-105.67813758396187,2,squared median error; a>=1e-6; centered closed-form OLS,1140.0222433446988
Bear_assembly_Genia_H14,Bear_assembly_Genia,dev,14,LOCAL,13,local_dev_Bear_assembly_Genia_H14,1.335862449981505,0.9161209450459906,51.431018352591366,34.762933120727546,0.45976784710662844,56.13998744457202,22.14766082456691,.cache/building_transfer_subspace_v1_20260915/scores/dev_Bear_assembly_Genia_H14_LOCAL.npz,6836d3bbac0aa2e143acea584e9a120f0aa1ef68059417b52d0cddb842af5600,,,,,
Bear_assembly_Genia_H14,Bear_assembly_Genia,dev,14,LOCAL_FIXED120,120,local_dev_Bear_assembly_Genia_H14,12.318279856961453,0.5725854362530225,32.14493920218948,23.23257789611817,0.2997759700045255,56.13998744457202,13.842526037413098,.cache/building_transfer_subspace_v1_20260915/scores/dev_Bear_assembly_Genia_H14_LOCAL_FIXED120.npz,177803948b3026400db118022f4b97c806c0adaadbf22d9ffb1630b3863c327b,,,,,
Bear_assembly_Genia_H14,Bear_assembly_Genia,dev,14,F0,0,local_dev_Bear_assembly_Genia_H14,0.0,0.9202927225684436,51.66522189032343,35.57053504943848,0.4697060845250418,56.13998744457202,22.248515536057216,.cache/building_transfer_subspace_v1_20260915/scores/dev_Bear_assembly_Genia_H14_F0.npz,eb429839a6c2e7125b957b8f5b64bbbe0a8f52e7096d7e67679f46c161e363e6,,,,,
Bear_assembly_Genia_H14,Bear_assembly_Genia,dev,14,AFFINE,0,local_dev_Bear_assembly_Genia_H14,0.0,1.0232611529306321,57.44586827804398,37.396346703997786,0.504169588145174,56.13998744457202,24.73782645469941,.cache/building_transfer_subspace_v1_20260915/scores/dev_Bear_assembly_Genia_H14_AFFINE.npz,a3b11a5def25a3e35650790f3228d445f27560794a372347ac8b027ca4942f82,0.4324774091711309,129.9433700470731,2,squared median error; a>=1e-6; centered closed-form OLS,748.0021823094393
Bear_assembly_Genia_H14,Bear_assembly_Genia,dev,14,WARM,13,warm_dev_Bear_assembly_Genia_H14,1.3269971379922936,0.7629419337471312,42.83155058150144,36.819265131632484,0.5405387069904244,56.13998744457202,18.444485161969947,.cache/building_transfer_subspace_v1_20260915/scores/dev_Bear_assembly_Genia_H14_WARM.npz,6434d22ba549d80d5dc0d736b34662d5018010bdfad57413959d6411966231a4,,,,,
Bear_assembly_Genia_H14,Bear_assembly_Genia,dev,14,POOLED,0,warm_dev_Bear_assembly_Genia_H14,0.0,1.1917981901221688,66.90753542992222,61.498828672281896,0.821919129239505,56.13998744457202,28.81228971883555,.cache/building_transfer_subspace_v1_20260915/scores/dev_Bear_assembly_Genia_H14_POOLED.npz,bd3197c461d355b002566f89b6004ace1ec8e79e1a69f620ff32684fe223d917,,,,,
Bear_assembly_Genia_H14,Bear_assembly_Genia,dev,14,POOLED_AFFINE,0,warm_dev_Bear_assembly_Genia_H14,0.0,0.6994317677092577,39.266090657532544,37.141648465013446,0.482138756732097,56.13998744457202,16.90909660446007,.cache/building_transfer_subspace_v1_20260915/scores/dev_Bear_assembly_Genia_H14_POOLED_AFFINE.npz,e57c3432ade953835aa7f41c24279d47a99abe6f506d4ada9ad5f6744025ec31,0.4644278041985115,117.51598931695895,2,squared median error; a>=1e-6; centered closed-form OLS,2017.3308079987985
Rat_retail_Jeffrey_H3,Rat_retail_Jeffrey,dev,3,LOCAL,2,local_dev_Rat_retail_Jeffrey_H3,0.20732254000904504,0.6771811658147021,5.479289215695213,4.269368896484376,0.4143070435006727,8.091319564541045,10.731867725685325,.cache/building_transfer_subspace_v1_20260915/scores/dev_Rat_retail_Jeffrey_H3_LOCAL.npz,b3f883242d3507eafc94e4c07ecbfef1dd49028470843175d27ae1dc82307472,,,,,
Rat_retail_Jeffrey_H3,Rat_retail_Jeffrey,dev,3,LOCAL_FIXED120,120,local_dev_Rat_retail_Jeffrey_H3,12.088518682983704,0.4937814789754847,3.995343741442352,2.9975479380289713,0.28668407141631413,8.091319564541045,7.825376406301583,.cache/building_transfer_subspace_v1_20260915/scores/dev_Rat_retail_Jeffrey_H3_LOCAL_FIXED120.npz,28dfb751a1f174aa6d8c1a989bdec0e965e128da813b7b1d5a8b5e953eda2e1c,,,,,
Rat_retail_Jeffrey_H3,Rat_retail_Jeffrey,dev,3,F0,0,local_dev_Rat_retail_Jeffrey_H3,0.0,0.6845915123335667,5.539248697463331,4.322857151031495,0.42003495179808015,8.091319564541045,10.849305809696817,.cache/building_transfer_subspace_v1_20260915/scores/dev_Rat_retail_Jeffrey_H3_F0.npz,16f658fd4b9dc4c218d29c8d5e5a6543fe9d460d834b072db063e325d02a595c,,,,,
Rat_retail_Jeffrey_H3,Rat_retail_Jeffrey,dev,3,AFFINE,0,local_dev_Rat_retail_Jeffrey_H3,0.0,0.4849456287790126,3.9238500538782835,3.0429280362119067,0.30789140382472385,8.091319564541045,7.685347149229103,.cache/building_transfer_subspace_v1_20260915/scores/dev_Rat_retail_Jeffrey_H3_AFFINE.npz,468374e49d4d01001bfb9d6f1a348865aa9205662e654f485e6a68acfd39b953,1.1236560668120705,-3.0830637940612178,2,squared median error; a>=1e-6; centered closed-form OLS,44.63545711942499
Rat_retail_Jeffrey_H3,Rat_retail_Jeffrey,dev,3,WARM,2,warm_dev_Rat_retail_Jeffrey_H3,0.20871281799918506,0.6500789418801629,5.259996460931103,4.2004425175984705,0.39589356998198955,8.091319564541045,10.302355658574813,.cache/building_transfer_subspace_v1_20260915/scores/dev_Rat_retail_Jeffrey_H3_WARM.npz,7528415cd121d56d23d4a4315e882e9f97ca4933db8b7bc5d854bbf4e68ff2db,,,,,
Rat_retail_Jeffrey_H3,Rat_retail_Jeffrey,dev,3,POOLED,0,warm_dev_Rat_retail_Jeffrey_H3,0.0,0.6896766112985206,5.58039385820609,4.463670934041342,0.4187841766483464,8.091319564541045,10.929893711751431,.cache/building_transfer_subspace_v1_20260915/scores/dev_Rat_retail_Jeffrey_H3_POOLED.npz,7524f431ef388a69787ce7ea90e9529a4ee80ff7fd91fd6179fd11ecbc827ed8,,,,,
Rat_retail_Jeffrey_H3,Rat_retail_Jeffrey,dev,3,POOLED_AFFINE,0,warm_dev_Rat_retail_Jeffrey_H3,0.0,0.6043875265110441,4.8902926178233805,3.852132952347978,0.3562815622922377,8.091319564541045,9.578244813952024,.cache/building_transfer_subspace_v1_20260915/scores/dev_Rat_retail_Jeffrey_H3_POOLED_AFFINE.npz,1cfd34e9891273fe0228af42495115743fa6870f2530dacd2c3a514df929ea0e,1.0075281805805802,1.0774335714257148,2,squared median error; a>=1e-6; centered closed-form OLS,56.47866053326885
Rat_retail_Jeffrey_H14,Rat_retail_Jeffrey,dev,14,LOCAL,13,local_dev_Rat_retail_Jeffrey_H14,1.3012967790127732,0.5368494245646198,5.080250277286222,3.9314801088968907,0.3216161063684222,9.46308228123046,9.950300457409666,.cache/building_transfer_subspace_v1_20260915/scores/dev_Rat_retail_Jeffrey_H14_LOCAL.npz,89090ba6fe1b5e5c02c435485bae6e59339aa18f501702084a280e56a72cb6a8,,,,,
Rat_retail_Jeffrey_H14,Rat_retail_Jeffrey,dev,14,LOCAL_FIXED120,120,local_dev_Rat_retail_Jeffrey_H14,12.219479316991055,0.460900657508076,4.361540845472143,3.375258255004882,0.25752223741370067,9.46308228123046,8.542618867371072,.cache/building_transfer_subspace_v1_20260915/scores/dev_Rat_retail_Jeffrey_H14_LOCAL_FIXED120.npz,502798b73a94e673ee4977c05bfa2087f8a09fc9ba430eef9019bfe5c36ab84b,,,,,
Rat_retail_Jeffrey_H14,Rat_retail_Jeffrey,dev,14,F0,0,local_dev_Rat_retail_Jeffrey_H14,0.0,0.5853535383973305,5.539248697463331,4.322857151031495,0.35914693778113754,9.46308228123046,10.849305809696817,.cache/building_transfer_subspace_v1_20260915/scores/dev_Rat_retail_Jeffrey_H14_F0.npz,f98e6f5aae1bbeddc980dc6f2d8da36114ec2003639a394e3595844f40a9a90b,,,,,
Rat_retail_Jeffrey_H14,Rat_retail_Jeffrey,dev,14,AFFINE,0,local_dev_Rat_retail_Jeffrey_H14,0.0,0.478703912964939,4.5300145167342025,3.577650450983898,0.30060636413636654,9.46308228123046,8.872595454492256,.cache/building_transfer_subspace_v1_20260915/scores/dev_Rat_retail_Jeffrey_H14_AFFINE.npz,8333e6e4a4af046ccc8e530df3d9202be3aa669511680462bb56c114633fd832,0.994140847929445,2.443802146008501,2,squared median error; a>=1e-6; centered closed-form OLS,69.18229839171362
Rat_retail_Jeffrey_H14,Rat_retail_Jeffrey,dev,14,WARM,13,warm_dev_Rat_retail_Jeffrey_H14,1.3686600649962202,0.5095521708509491,4.8219341193421315,3.809759127298991,0.3102494076171771,9.46308228123046,9.444356213670474,.cache/building_transfer_subspace_v1_20260915/scores/dev_Rat_retail_Jeffrey_H14_WARM.npz,d4dfe66426b0eafaab2ffc7e465d4389fa30da395c2e8c278a17fbb523d490da,,,,,
Rat_retail_Jeffrey_H14,Rat_retail_Jeffrey,dev,14,POOLED,0,warm_dev_Rat_retail_Jeffrey_H14,0.0,0.589701504474342,5.58039385820609,4.463670934041342,0.35807747424493264,9.46308228123046,10.929893711751431,.cache/building_transfer_subspace_v1_20260915/scores/dev_Rat_retail_Jeffrey_H14_POOLED.npz,b001af7e1b85df224b25b9d9d97ff2e89993c783c861adee57ed3e9f55a01dd3,,,,,
Rat_retail_Jeffrey_H14,Rat_retail_Jeffrey,dev,14,POOLED_AFFINE,0,warm_dev_Rat_retail_Jeffrey_H14,0.0,0.5402499025406367,5.112429280168781,4.119222999604005,0.3300911268059613,9.46308228123046,10.013327026894418,.cache/building_transfer_subspace_v1_20260915/scores/dev_Rat_retail_Jeffrey_H14_POOLED_AFFINE.npz,4567552ab458b05d67e69b46c78523762f98fb404c86dd5cbb95bbf3a7fef1a4,0.9475232468795778,3.8886784554761107,2,squared median error; a>=1e-6; centered closed-form OLS,77.38075852463776
