method,baseline,policy,condition,seed,method_score,baseline_score,gain_percent,ci_low,ci_high,replicates
C3,C2,selected,PRIMARY,73101,0.6685674727647326,0.6686816306423919,0.01707208220295629,-0.04145074355583753,0.0788010237060975,2000
C3,C2,selected,PRIMARY,73102,0.6785050447128413,0.6784061906343006,-0.01457151775815663,-0.04829085410704476,0.01716080123845804,2000
C3,C2,selected,PRIMARY,MEAN,0.673536258738787,0.6735439106383463,0.001136065435149032,-0.03888354476695576,0.04034222670497992,2000
C3,C0,selected,PRIMARY,73101,0.6685674727647326,0.6892906687836109,3.006452423829913,-1.2963439229341496,9.585820178307117,2000
C3,C0,selected,PRIMARY,73102,0.6785050447128413,0.6853963558234799,1.0054490444961433,-4.037532688356866,7.189845683356246,2000
C3,C0,selected,PRIMARY,MEAN,0.673536258738787,0.6873435123035454,2.008785027807297,-2.5273996504963216,8.210136798852645,2000
C3,C1,selected,PRIMARY,73101,0.6685674727647326,0.6693248720478322,0.11315869389139703,-2.531049597706002,2.862960814811815,2000
C3,C1,selected,PRIMARY,73102,0.6785050447128413,0.6675268624501649,-1.6446053155645148,-7.653509860132021,3.022574998347067,2000
C3,C1,selected,PRIMARY,MEAN,0.673536258738787,0.6684258672489986,-0.7645412513463856,-4.712657159568904,2.8936202561015616,2000
C3,C2,selected,delta1,73101,0.6663125578302319,0.6670570164523485,0.11160344674521006,0.027230460263250336,0.2305149549607943,2000
C3,C2,selected,delta1,73102,0.6716067995639561,0.6716659028486265,0.008799506483764931,-0.03440344790453808,0.05735363622636034,2000
C3,C2,selected,delta1,MEAN,0.6689596786970939,0.6693614596504875,0.06002451255610051,0.005750045397541021,0.13516079041382878,2000
C3,C0,selected,delta1,73101,0.6663125578302319,0.6619732841223567,-0.6555058658640943,-4.209218911391281,3.721660344661117,2000
C3,C0,selected,delta1,73102,0.6716067995639561,0.6665093453936518,-0.7647986041806554,-6.151219775843013,3.955075588744939,2000
C3,C0,selected,delta1,MEAN,0.6689596786970939,0.6642413147580042,-0.7103388232947756,-4.830577422502478,3.825499818809285,2000
C3,C1,selected,delta1,73101,0.6663125578302319,0.6521035040138639,-2.1789568264712114,-5.702345880748196,1.4697637402419617,2000
C3,C1,selected,delta1,73102,0.6716067995639561,0.6481670924670274,-3.616306253332516,-10.316459163712974,1.3870632561874354,2000
C3,C1,selected,delta1,MEAN,0.6689596786970939,0.6501352982404456,-2.8954558393607424,-7.894985738493571,1.3646495274565087,2000
C3,C2,selected,delta2,73101,0.665843056946574,0.6660132435931477,0.02555304240732467,-0.03574265778058558,0.09601233798136666,2000
C3,C2,selected,delta2,73102,0.6773910687012968,0.6772995369055173,-0.013514226836442609,-0.051838699963992166,0.025078634393224532,2000
C3,C2,selected,delta2,MEAN,0.6716170628239354,0.6716563902493324,0.005855289396179152,-0.033272549484340684,0.04747115303844589,2000
C3,C0,selected,delta2,73101,0.665843056946574,0.6921370334475601,3.7989552979147523,-2.2249266221009742,11.550600934185919,2000
C3,C0,selected,delta2,73102,0.6773910687012968,0.689838082680312,1.8043384805102747,-5.4207356707885594,9.833908608887883,2000
C3,C0,selected,delta2,MEAN,0.6716170628239354,0.690987558063936,2.8033059371248825,-3.513390797704263,10.493712156596702,2000
C3,C1,selected,delta2,73101,0.665843056946574,0.6609460623854615,-0.7409068363972743,-3.612433287110509,1.831581588721459,2000
C3,C1,selected,delta2,73102,0.6773910687012968,0.6593694879532573,-2.733153577363751,-8.702328207855478,1.8833029549414746,2000
C3,C1,selected,delta2,MEAN,0.6716170628239354,0.6601577751693595,-1.7358407468027053,-5.737746466765601,1.703997089571089,2000
C3,C2,selected,delta4,73101,0.6835966242709907,0.683541218650035,-0.008105673724410121,-0.05965599502790632,0.03256422905128187,2000
C3,C2,selected,delta4,73102,0.6846403483975693,0.6844565610787186,-0.026851567988633432,-0.07701594750512333,0.016570640198928288,2000
C3,C2,selected,delta4,MEAN,0.68411848633428,0.6839988898643767,-0.01748489239901261,-0.0646455358497362,0.01659686628264291,2000
C3,C0,selected,delta4,73101,0.6835966242709907,0.6975707650121982,2.003257797216193,-1.6810749575930484,5.1196315050353896,2000
C3,C0,selected,delta4,73102,0.6846403483975693,0.7018198405908483,2.447849319679535,-0.5109627608100384,5.322189587295985,2000
C3,C0,selected,delta4,MEAN,0.68411848633428,0.6996953028015233,2.2262285318873776,-1.0004055571321564,5.181385917499297,2000
C3,C1,selected,delta4,73101,0.6835966242709907,0.6859776035083499,0.3470928533500244,-2.932387233947566,3.447644872054749,2000
C3,C1,selected,delta4,73102,0.6846403483975693,0.6838285020330096,-0.11872075559092095,-4.170043488253323,3.6761750828783466,2000
C3,C1,selected,delta4,MEAN,0.68411848633428,0.6849030527706798,0.11455145852043405,-3.034434518506755,3.3371233880932754,2000
C3,C2,selected,irregular,73101,0.6712918885828913,0.671350017691636,0.008658539839556183,-0.048932736328626,0.0631412824600994,2000
C3,C2,selected,irregular,73102,0.6796190207243857,0.6795128443630841,-0.015625364874615955,-0.051054960752333595,0.016980907779912128,2000
C3,C2,selected,irregular,MEAN,0.6754554546536385,0.6754314310273601,-0.003556782402302657,-0.04490647842387835,0.033488800804879204,2000
C3,C0,selected,irregular,73101,0.6712918885828913,0.6864443041196618,2.2073772694789677,-1.0688872970994772,7.74373697990758,2000
C3,C0,selected,irregular,73102,0.6796190207243857,0.6809546289666479,0.19613762583404282,-3.214502893017808,4.974226823138452,2000
C3,C0,selected,irregular,MEAN,0.6754554546536385,0.6836994665431548,1.2057946938585085,-1.9825513681578548,6.27804272012554,2000
C3,C1,selected,irregular,73101,0.6712918885828913,0.677703681710203,0.9461056949154137,-1.974119329121253,4.3569140793671925,2000
C3,C1,selected,irregular,73102,0.6796190207243857,0.6756842369470724,-0.5823406203897571,-6.5327718339844365,4.216007539967887,2000
C3,C1,selected,irregular,MEAN,0.6754554546536385,0.6766939593286376,0.18302286549562707,-3.9584923924439814,4.259378302715118,2000
C3,C2,fixed512,PRIMARY,73101,0.6963859763014948,0.699679289635055,0.470688983130822,-0.5102137217822036,1.7810471630583455,2000
C3,C2,fixed512,PRIMARY,73102,0.6790195835232506,0.676707553464029,-0.3416586747682204,-0.6469316213906222,-0.04453580828342427,2000
C3,C2,fixed512,PRIMARY,MEAN,0.6877027799123727,0.688193421549542,0.0712941480993153,-0.43324657612234496,0.6898015548719577,2000
C3,C0,fixed512,PRIMARY,73101,0.6963859763014948,0.6936606621377202,-0.39288867201662825,-4.830749218332331,5.830986198219966,2000
C3,C0,fixed512,PRIMARY,73102,0.6790195835232506,0.6853619359808347,0.9254019116931864,-3.6996054762129003,6.804353906016589,2000
C3,C0,fixed512,PRIMARY,MEAN,0.6877027799123727,0.6895112990592774,0.2622899942861183,-4.115104671166178,6.22522334246712,2000
C3,C1,fixed512,PRIMARY,73101,0.6963859763014948,0.6693248720478322,-4.0430447729916,-9.164644436402817,1.6267704720704672,2000
C3,C1,fixed512,PRIMARY,73102,0.6790195835232506,0.6675268624501649,-1.721686679529507,-6.675689293944164,3.5702431384800053,2000
C3,C1,fixed512,PRIMARY,MEAN,0.6877027799123727,0.6684258672489986,-2.883926790971007,-8.039236583512897,2.4579578356050362,2000
C3,C2,fixed512,delta1,73101,0.6976830401640743,0.6997397689099789,0.2939276624377719,-0.5602189297277966,1.1452246191125826,2000
C3,C2,fixed512,delta1,73102,0.690874448156873,0.6874118070496129,-0.5037215060535355,-0.7689816064282129,-0.20773254394292956,2000
C3,C2,fixed512,delta1,MEAN,0.6942787441604736,0.6935757879797959,-0.10135246830418548,-0.5433853044360702,0.2908910345129486,2000
C3,C0,fixed512,delta1,73101,0.6976830401640743,0.7115250852048188,1.9454050642163843,-3.5744005464369124,9.218625030592014,2000
C3,C0,fixed512,delta1,73102,0.690874448156873,0.6987869779898913,1.1323235953507895,-3.5192067863553613,7.023764126156365,2000
C3,C0,fixed512,delta1,MEAN,0.6942787441604736,0.7051560315973551,1.5425362543154673,-3.3407687896793954,7.646177877073139,2000
C3,C1,fixed512,delta1,73101,0.6976830401640743,0.6521035040138639,-6.989616812309209,-11.020704095601287,-2.86486328634308,2000
C3,C1,fixed512,delta1,73102,0.690874448156873,0.6481670924670274,-6.588942293767895,-13.01739807370436,-0.08818010850926351,2000
C3,C1,fixed512,delta1,MEAN,0.6942787441604736,0.6501352982404456,-6.789886049796065,-11.7866671810897,-1.5204358198355494,2000
C3,C2,fixed512,delta2,73101,0.6950367986968982,0.6974540817361168,0.34658669330624187,-0.5653468718662608,1.5513867481899035,2000
C3,C2,fixed512,delta2,73102,0.6755403348772862,0.6732407939985302,-0.3415629146740276,-0.5988663581647474,-0.06996955695985856,2000
C3,C2,fixed512,delta2,MEAN,0.6852885667870922,0.6853474378673234,0.008589961379950299,-0.45897571277344973,0.5825079850389576,2000
C3,C0,fixed512,delta2,73101,0.6950367986968982,0.692936015020301,-0.30317137961657475,-6.810367220408955,7.34842076547043,2000
C3,C0,fixed512,delta2,73102,0.6755403348772862,0.6850673497103522,1.3906683535705067,-6.389796587727462,9.031027936275603,2000
C3,C0,fixed512,delta2,MEAN,0.6852885667870922,0.6890016823653267,0.5389124109954951,-6.266964054951138,8.220508652648212,2000
C3,C1,fixed512,delta2,73101,0.6950367986968982,0.6609460623854615,-5.15786964346193,-10.981400124193808,0.801657079049485,2000
C3,C1,fixed512,delta2,73102,0.6755403348772862,0.6593694879532573,-2.4524712197746044,-8.546255239361692,3.804996233206897,2000
C3,C1,fixed512,delta2,MEAN,0.6852885667870922,0.6601577751693595,-3.8067856750282965,-9.803755019453329,2.2521365512664655,2000
C3,C2,fixed512,delta4,73101,0.7050439978931167,0.7081882197163667,0.4439810965098099,-0.7801221542364248,1.970738945733091,2000
C3,C2,fixed512,delta4,73102,0.6924521926147876,0.6906491087782322,-0.26107089890337437,-0.5197324794720596,-0.008054854479146107,2000
C3,C2,fixed512,delta4,MEAN,0.6987480952539522,0.6994186642472995,0.0958751928744894,-0.5296171518826841,0.8452096728199102,2000
C3,C0,fixed512,delta4,73101,0.7050439978931167,0.7380082146312845,4.466646317024678,1.0531963332900836,8.459398434061386,2000
C3,C0,fixed512,delta4,73102,0.6924521926147876,0.7151757256411901,3.1773356130103196,0.49432229347209866,6.180641623069535,2000
C3,C0,fixed512,delta4,MEAN,0.6987480952539522,0.7265919701362373,3.8321198178207703,1.2662820931100078,6.806715879471626,2000
C3,C1,fixed512,delta4,73101,0.7050439978931167,0.6859776035083499,-2.7794485253241477,-7.5831859296027115,3.26159813989319,2000
C3,C1,fixed512,delta4,73102,0.6924521926147876,0.6838285020330096,-1.2610896673858953,-4.318691903098796,2.1683243034764845,2000
C3,C1,fixed512,delta4,MEAN,0.6987480952539522,0.6849030527706798,-2.0214601799866805,-5.860682937616496,2.652584841475337,2000
C3,C2,fixed512,irregular,73101,0.6977351539060915,0.7019044975339933,0.594004404096279,-0.46641266546127347,2.049832277849557,2000
C3,C2,fixed512,irregular,73102,0.6824988321692151,0.6801743129295277,-0.3417534587090917,-0.7033989373711709,-0.0049400464571779665,2000
C3,C2,fixed512,irregular,MEAN,0.6901169930376534,0.6910394052317606,0.1334818517039271,-0.40818795090564625,0.817263592074162,2000
C3,C0,fixed512,irregular,73101,0.6977351539060915,0.6943853092551393,-0.4824187099444219,-4.412536083293315,5.815078895927528,2000
C3,C0,fixed512,irregular,73102,0.6824988321692151,0.6856565222513173,0.46053526505284226,-2.716748468938129,5.3421913072645815,2000
C3,C0,fixed512,irregular,MEAN,0.6901169930376534,0.6900209157532283,-0.013923822051131397,-3.361757941941754,5.421537808860984,2000
C3,C1,fixed512,irregular,73101,0.6977351539060915,0.677703681710203,-2.9557862435302957,-7.6759423179810025,2.8761485686884924,2000
C3,C1,fixed512,irregular,73102,0.6824988321692151,0.6756842369470724,-1.0085473138951713,-5.205442605530089,3.351926568634222,2000
C3,C1,fixed512,irregular,MEAN,0.6901169930376534,0.6766939593286376,-1.983619555630885,-6.394277520916675,3.0716009465731395,2000
