dataset,source,budget,seed,arm,candidate_id,step,lr,prediction_file,checkpoint_available,cache_available,duplicate_group,canonical_id
beijing_32,beijing,32,34000,native,beijing_32_34000_native_0_step0,0,3e-05,.cache/anchor_window_study_20260914/anchor/beijing_32_34000_native_0_V_0.npz,True,True,a1bfcafd7f285b9fd53577c250b85d1751ee018ef8272eb22ad1f24320684274,beijing_32_34000_native_0_step0
beijing_32,beijing,32,34000,native,beijing_32_34000_native_0_step150,150,3e-05,.cache/anchor_window_study_20260914/anchor/beijing_32_34000_native_0_V_150.npz,True,True,33038be5b5f2b781a5f9c5b39c72870574903f1006032b91c45b81c6cb1bdc84,beijing_32_34000_native_0_step150
beijing_32,beijing,32,34000,native,beijing_32_34000_native_0_step450,450,3e-05,.cache/anchor_window_study_20260914/anchor/beijing_32_34000_native_0_V_450.npz,True,True,dd058a4eaf9fa55c2bf3b0cb0ddced2c33314a08a863fedfc54ed3652ffb262e,beijing_32_34000_native_0_step450
beijing_32,beijing,32,34000,native,beijing_32_34000_native_0_step900,900,3e-05,.cache/anchor_window_study_20260914/anchor/beijing_32_34000_native_0_V_900.npz,True,True,e3bb37ea5a8e234906895ac50aab51d66c1ad385a5bcbc8c68e3ee4b6b0d36f5,beijing_32_34000_native_0_step900
beijing_32,beijing,32,34000,native,beijing_32_34000_native_1_step0,0,0.0001,.cache/anchor_window_study_20260914/anchor/beijing_32_34000_native_1_V_0.npz,True,True,a1bfcafd7f285b9fd53577c250b85d1751ee018ef8272eb22ad1f24320684274,beijing_32_34000_native_0_step0
beijing_32,beijing,32,34000,native,beijing_32_34000_native_1_step150,150,0.0001,.cache/anchor_window_study_20260914/anchor/beijing_32_34000_native_1_V_150.npz,True,True,a5e48411f97ea034cfeadbac842ce5d7aae0e6fed44700fea185fd5f621b1e5d,beijing_32_34000_native_1_step150
beijing_32,beijing,32,34000,native,beijing_32_34000_native_1_step450,450,0.0001,.cache/anchor_window_study_20260914/anchor/beijing_32_34000_native_1_V_450.npz,True,True,3f8075de958e1a04872bc7c0ab10f60e49c228116c1c52b3a53444ea37e20180,beijing_32_34000_native_1_step450
beijing_32,beijing,32,34000,native,beijing_32_34000_native_1_step900,900,0.0001,.cache/anchor_window_study_20260914/anchor/beijing_32_34000_native_1_V_900.npz,True,True,4ff68697d8813d4a9696e98d5135e1fdad39308fb5f7758c5d6ef75be090e594,beijing_32_34000_native_1_step900
beijing_32,beijing,32,34000,native_anchor,beijing_32_34000_native_anchor_0_step0,0,3e-05,.cache/anchor_window_study_20260914/anchor/beijing_32_34000_native_anchor_0_V_0.npz,True,True,a1bfcafd7f285b9fd53577c250b85d1751ee018ef8272eb22ad1f24320684274,beijing_32_34000_native_anchor_0_step0
beijing_32,beijing,32,34000,native_anchor,beijing_32_34000_native_anchor_0_step150,150,3e-05,.cache/anchor_window_study_20260914/anchor/beijing_32_34000_native_anchor_0_V_150.npz,True,True,b882736220f1c74cc3bd023cbf12fd91de3155206719e866fa310b372a974b43,beijing_32_34000_native_anchor_0_step150
beijing_32,beijing,32,34000,native_anchor,beijing_32_34000_native_anchor_0_step450,450,3e-05,.cache/anchor_window_study_20260914/anchor/beijing_32_34000_native_anchor_0_V_450.npz,True,True,da5eb29b1c8ee1d5d9a603a6a0b3f2708e855b1a69302cc007ce5f542d47a98a,beijing_32_34000_native_anchor_0_step450
beijing_32,beijing,32,34000,native_anchor,beijing_32_34000_native_anchor_0_step900,900,3e-05,.cache/anchor_window_study_20260914/anchor/beijing_32_34000_native_anchor_0_V_900.npz,True,True,b9aa70de57b5b837b570bc7c42a3a6edac0dc3ab08e73e676ca5c9a1f3f32f07,beijing_32_34000_native_anchor_0_step900
beijing_32,beijing,32,34000,native_anchor,beijing_32_34000_native_anchor_1_step0,0,0.0001,.cache/anchor_window_study_20260914/anchor/beijing_32_34000_native_anchor_1_V_0.npz,True,True,a1bfcafd7f285b9fd53577c250b85d1751ee018ef8272eb22ad1f24320684274,beijing_32_34000_native_anchor_0_step0
beijing_32,beijing,32,34000,native_anchor,beijing_32_34000_native_anchor_1_step150,150,0.0001,.cache/anchor_window_study_20260914/anchor/beijing_32_34000_native_anchor_1_V_150.npz,True,True,0e82116fb42539f3c69bc37b35f167f77cc70f5c717810e726916b8ed84c1c3a,beijing_32_34000_native_anchor_1_step150
beijing_32,beijing,32,34000,native_anchor,beijing_32_34000_native_anchor_1_step450,450,0.0001,.cache/anchor_window_study_20260914/anchor/beijing_32_34000_native_anchor_1_V_450.npz,True,True,d444708ef0c8a8ab96530d0186e9524e9e01e0e8a2a5a41bbce164197eea48b3,beijing_32_34000_native_anchor_1_step450
beijing_32,beijing,32,34000,native_anchor,beijing_32_34000_native_anchor_1_step900,900,0.0001,.cache/anchor_window_study_20260914/anchor/beijing_32_34000_native_anchor_1_V_900.npz,True,True,9d86bacc135b65d76e7925742fd8a5af5b871d2948a92de728b37a7204ffbeab,beijing_32_34000_native_anchor_1_step900
beijing_32,beijing,32,34001,native,beijing_32_34001_native_0_step0,0,3e-05,.cache/anchor_window_study_20260914/anchor/beijing_32_34001_native_0_V_0.npz,True,True,a1bfcafd7f285b9fd53577c250b85d1751ee018ef8272eb22ad1f24320684274,beijing_32_34001_native_0_step0
beijing_32,beijing,32,34001,native,beijing_32_34001_native_0_step150,150,3e-05,.cache/anchor_window_study_20260914/anchor/beijing_32_34001_native_0_V_150.npz,True,True,7e7f75711109d48810cc3e94f4f2a4513d4d9d469f0820e62f0748c1daa935c5,beijing_32_34001_native_0_step150
beijing_32,beijing,32,34001,native,beijing_32_34001_native_0_step450,450,3e-05,.cache/anchor_window_study_20260914/anchor/beijing_32_34001_native_0_V_450.npz,True,True,6f0913b48cb599efd7746cf25214dee5521767536c6e9c0260aabbeeeda724fb,beijing_32_34001_native_0_step450
beijing_32,beijing,32,34001,native,beijing_32_34001_native_0_step900,900,3e-05,.cache/anchor_window_study_20260914/anchor/beijing_32_34001_native_0_V_900.npz,True,True,a07ea45d7dc8a2fdf043bd45133c8815d0043b8518b918890c7e9e55319fcf6e,beijing_32_34001_native_0_step900
beijing_32,beijing,32,34001,native,beijing_32_34001_native_1_step0,0,0.0001,.cache/anchor_window_study_20260914/anchor/beijing_32_34001_native_1_V_0.npz,True,True,a1bfcafd7f285b9fd53577c250b85d1751ee018ef8272eb22ad1f24320684274,beijing_32_34001_native_0_step0
beijing_32,beijing,32,34001,native,beijing_32_34001_native_1_step150,150,0.0001,.cache/anchor_window_study_20260914/anchor/beijing_32_34001_native_1_V_150.npz,True,True,60ce73f2a648637ea3ddbe1bd0420c65e1a716041eb912600b3213d391d7a1e3,beijing_32_34001_native_1_step150
beijing_32,beijing,32,34001,native,beijing_32_34001_native_1_step450,450,0.0001,.cache/anchor_window_study_20260914/anchor/beijing_32_34001_native_1_V_450.npz,True,True,1ab416433ea0ba731e8b29baab5f0aa32b6e4d4f0593da16ece66714bcb0da07,beijing_32_34001_native_1_step450
beijing_32,beijing,32,34001,native,beijing_32_34001_native_1_step900,900,0.0001,.cache/anchor_window_study_20260914/anchor/beijing_32_34001_native_1_V_900.npz,True,True,83dead7353818b6cef79fa60af02cc0dfb6121b1d37690f6709933926791c9c4,beijing_32_34001_native_1_step900
beijing_32,beijing,32,34001,native_anchor,beijing_32_34001_native_anchor_0_step0,0,3e-05,.cache/anchor_window_study_20260914/anchor/beijing_32_34001_native_anchor_0_V_0.npz,True,True,a1bfcafd7f285b9fd53577c250b85d1751ee018ef8272eb22ad1f24320684274,beijing_32_34001_native_anchor_0_step0
beijing_32,beijing,32,34001,native_anchor,beijing_32_34001_native_anchor_0_step150,150,3e-05,.cache/anchor_window_study_20260914/anchor/beijing_32_34001_native_anchor_0_V_150.npz,True,True,464998188796f3a764dede484fdd05347d3a6d38270e03badef33ba7156844b5,beijing_32_34001_native_anchor_0_step150
beijing_32,beijing,32,34001,native_anchor,beijing_32_34001_native_anchor_0_step450,450,3e-05,.cache/anchor_window_study_20260914/anchor/beijing_32_34001_native_anchor_0_V_450.npz,True,True,156aa3cbe50961cde3372f5b4b59c32b23a2d5805d4e13215db7d12775672f58,beijing_32_34001_native_anchor_0_step450
beijing_32,beijing,32,34001,native_anchor,beijing_32_34001_native_anchor_0_step900,900,3e-05,.cache/anchor_window_study_20260914/anchor/beijing_32_34001_native_anchor_0_V_900.npz,True,True,230f79b5be9418784ca23b5ce89b6d9bd14529956ba57fcdc304fe087a64f111,beijing_32_34001_native_anchor_0_step900
beijing_32,beijing,32,34001,native_anchor,beijing_32_34001_native_anchor_1_step0,0,0.0001,.cache/anchor_window_study_20260914/anchor/beijing_32_34001_native_anchor_1_V_0.npz,True,True,a1bfcafd7f285b9fd53577c250b85d1751ee018ef8272eb22ad1f24320684274,beijing_32_34001_native_anchor_0_step0
beijing_32,beijing,32,34001,native_anchor,beijing_32_34001_native_anchor_1_step150,150,0.0001,.cache/anchor_window_study_20260914/anchor/beijing_32_34001_native_anchor_1_V_150.npz,True,True,9706ccca865d89e124193c8e0d1f85a740ad012d602d28fbb2fd3c17f23ce37e,beijing_32_34001_native_anchor_1_step150
beijing_32,beijing,32,34001,native_anchor,beijing_32_34001_native_anchor_1_step450,450,0.0001,.cache/anchor_window_study_20260914/anchor/beijing_32_34001_native_anchor_1_V_450.npz,True,True,00e3766d1174d57dcfd51bbbe332ca1802486e0feac47a6f5351d5cc0f173579,beijing_32_34001_native_anchor_1_step450
beijing_32,beijing,32,34001,native_anchor,beijing_32_34001_native_anchor_1_step900,900,0.0001,.cache/anchor_window_study_20260914/anchor/beijing_32_34001_native_anchor_1_V_900.npz,True,True,d9ee9e7c354a0d2c65bbc969b01a7b469b1b6ff4561b3ab57c38bf09ce9c0850,beijing_32_34001_native_anchor_1_step900
beijing_233,beijing,233,34000,native,beijing_233_34000_native_0_step0,0,3e-05,.cache/anchor_window_study_20260914/anchor/beijing_233_34000_native_0_V_0.npz,True,True,a1bfcafd7f285b9fd53577c250b85d1751ee018ef8272eb22ad1f24320684274,beijing_233_34000_native_0_step0
beijing_233,beijing,233,34000,native,beijing_233_34000_native_0_step150,150,3e-05,.cache/anchor_window_study_20260914/anchor/beijing_233_34000_native_0_V_150.npz,True,True,505c606c7ccecc8463cf0658dbc14745362860c9f90ab57bb62bb284adb12bf1,beijing_233_34000_native_0_step150
beijing_233,beijing,233,34000,native,beijing_233_34000_native_0_step450,450,3e-05,.cache/anchor_window_study_20260914/anchor/beijing_233_34000_native_0_V_450.npz,True,True,2773984417eb169c06b8a7185bb50397eb63e65586c56dbd2aa5aea18527b891,beijing_233_34000_native_0_step450
beijing_233,beijing,233,34000,native,beijing_233_34000_native_0_step900,900,3e-05,.cache/anchor_window_study_20260914/anchor/beijing_233_34000_native_0_V_900.npz,True,True,ec8e89b4e3f09395703da3aff9ad9e0285b6ac5a37bf8de104b33e6d34010901,beijing_233_34000_native_0_step900
beijing_233,beijing,233,34000,native,beijing_233_34000_native_1_step0,0,0.0001,.cache/anchor_window_study_20260914/anchor/beijing_233_34000_native_1_V_0.npz,True,True,a1bfcafd7f285b9fd53577c250b85d1751ee018ef8272eb22ad1f24320684274,beijing_233_34000_native_0_step0
beijing_233,beijing,233,34000,native,beijing_233_34000_native_1_step150,150,0.0001,.cache/anchor_window_study_20260914/anchor/beijing_233_34000_native_1_V_150.npz,True,True,6db1c014f9c64f1d9067ba59fbe8bf820bc2bf9a05c2e022094aef628690fded,beijing_233_34000_native_1_step150
beijing_233,beijing,233,34000,native,beijing_233_34000_native_1_step450,450,0.0001,.cache/anchor_window_study_20260914/anchor/beijing_233_34000_native_1_V_450.npz,True,True,1c6bdf9dce742a66d313a5d1e27ec7028f640f74ff7dc0a8f94810143e5cff0d,beijing_233_34000_native_1_step450
beijing_233,beijing,233,34000,native,beijing_233_34000_native_1_step900,900,0.0001,.cache/anchor_window_study_20260914/anchor/beijing_233_34000_native_1_V_900.npz,True,True,b1db1d8a1b619fb56d3bf5291546a5586cf2d9f6d64b00d463d5402206d5c222,beijing_233_34000_native_1_step900
beijing_233,beijing,233,34000,native_anchor,beijing_233_34000_native_anchor_0_step0,0,3e-05,.cache/anchor_window_study_20260914/anchor/beijing_233_34000_native_anchor_0_V_0.npz,True,True,a1bfcafd7f285b9fd53577c250b85d1751ee018ef8272eb22ad1f24320684274,beijing_233_34000_native_anchor_0_step0
beijing_233,beijing,233,34000,native_anchor,beijing_233_34000_native_anchor_0_step150,150,3e-05,.cache/anchor_window_study_20260914/anchor/beijing_233_34000_native_anchor_0_V_150.npz,True,True,738dea2a6771277fa3d194a132c87c83108b40f4f190747b6b0a6591bfb63627,beijing_233_34000_native_anchor_0_step150
beijing_233,beijing,233,34000,native_anchor,beijing_233_34000_native_anchor_0_step450,450,3e-05,.cache/anchor_window_study_20260914/anchor/beijing_233_34000_native_anchor_0_V_450.npz,True,True,f7dfe9fa362d60ba8126182f801a5930a1eff0a8e9dbc8accc9ef9aadac464cb,beijing_233_34000_native_anchor_0_step450
beijing_233,beijing,233,34000,native_anchor,beijing_233_34000_native_anchor_0_step900,900,3e-05,.cache/anchor_window_study_20260914/anchor/beijing_233_34000_native_anchor_0_V_900.npz,True,True,9ddf41484d43fdc02856a627f8c18cb86527312a186891bac300910fdcc6bb50,beijing_233_34000_native_anchor_0_step900
beijing_233,beijing,233,34000,native_anchor,beijing_233_34000_native_anchor_1_step0,0,0.0001,.cache/anchor_window_study_20260914/anchor/beijing_233_34000_native_anchor_1_V_0.npz,True,True,a1bfcafd7f285b9fd53577c250b85d1751ee018ef8272eb22ad1f24320684274,beijing_233_34000_native_anchor_0_step0
beijing_233,beijing,233,34000,native_anchor,beijing_233_34000_native_anchor_1_step150,150,0.0001,.cache/anchor_window_study_20260914/anchor/beijing_233_34000_native_anchor_1_V_150.npz,True,True,2ebce970f0e142b1575de6e61926c2d4d1510a06eaf6b5f14689de2cdac89cbf,beijing_233_34000_native_anchor_1_step150
beijing_233,beijing,233,34000,native_anchor,beijing_233_34000_native_anchor_1_step450,450,0.0001,.cache/anchor_window_study_20260914/anchor/beijing_233_34000_native_anchor_1_V_450.npz,True,True,6b295ad915381f3bd79a1e0b8a663e604896abae17e189ac42022f5a07f2eb41,beijing_233_34000_native_anchor_1_step450
beijing_233,beijing,233,34000,native_anchor,beijing_233_34000_native_anchor_1_step900,900,0.0001,.cache/anchor_window_study_20260914/anchor/beijing_233_34000_native_anchor_1_V_900.npz,True,True,c077585ed4f2197577026655464e78eae1b172f0e0e5913d6d1102cf5fa7a916,beijing_233_34000_native_anchor_1_step900
beijing_233,beijing,233,34001,native,beijing_233_34001_native_0_step0,0,3e-05,.cache/anchor_window_study_20260914/anchor/beijing_233_34001_native_0_V_0.npz,True,True,a1bfcafd7f285b9fd53577c250b85d1751ee018ef8272eb22ad1f24320684274,beijing_233_34001_native_0_step0
beijing_233,beijing,233,34001,native,beijing_233_34001_native_0_step150,150,3e-05,.cache/anchor_window_study_20260914/anchor/beijing_233_34001_native_0_V_150.npz,True,True,37d4292a34d43c09990fad691ab037e352d2590fb9cd558e56985c6eebc7e278,beijing_233_34001_native_0_step150
beijing_233,beijing,233,34001,native,beijing_233_34001_native_0_step450,450,3e-05,.cache/anchor_window_study_20260914/anchor/beijing_233_34001_native_0_V_450.npz,True,True,d66188e282b405738256a2d325ba0189e58c79af7fc5e6b991dd67c2b7025f56,beijing_233_34001_native_0_step450
beijing_233,beijing,233,34001,native,beijing_233_34001_native_0_step900,900,3e-05,.cache/anchor_window_study_20260914/anchor/beijing_233_34001_native_0_V_900.npz,True,True,e738ee851e74836940ecf09772458bdfce858cda8c64fe0baf03b27bdbc769fe,beijing_233_34001_native_0_step900
beijing_233,beijing,233,34001,native,beijing_233_34001_native_1_step0,0,0.0001,.cache/anchor_window_study_20260914/anchor/beijing_233_34001_native_1_V_0.npz,True,True,a1bfcafd7f285b9fd53577c250b85d1751ee018ef8272eb22ad1f24320684274,beijing_233_34001_native_0_step0
beijing_233,beijing,233,34001,native,beijing_233_34001_native_1_step150,150,0.0001,.cache/anchor_window_study_20260914/anchor/beijing_233_34001_native_1_V_150.npz,True,True,b380827fcc6358d5ec5407324e665ebb0e066069cb68fdfe53a7ae3eaf6f798e,beijing_233_34001_native_1_step150
beijing_233,beijing,233,34001,native,beijing_233_34001_native_1_step450,450,0.0001,.cache/anchor_window_study_20260914/anchor/beijing_233_34001_native_1_V_450.npz,True,True,1f42c6b883efdcc93bec3f244e26e81722cea52ee0615ce29c5b46f412d860bb,beijing_233_34001_native_1_step450
beijing_233,beijing,233,34001,native,beijing_233_34001_native_1_step900,900,0.0001,.cache/anchor_window_study_20260914/anchor/beijing_233_34001_native_1_V_900.npz,True,True,fd9b27b3d0bf00d670faae7eac77f637655d1a0fbba98c98af9c1c0067e3cac3,beijing_233_34001_native_1_step900
beijing_233,beijing,233,34001,native_anchor,beijing_233_34001_native_anchor_0_step0,0,3e-05,.cache/anchor_window_study_20260914/anchor/beijing_233_34001_native_anchor_0_V_0.npz,True,True,a1bfcafd7f285b9fd53577c250b85d1751ee018ef8272eb22ad1f24320684274,beijing_233_34001_native_anchor_0_step0
beijing_233,beijing,233,34001,native_anchor,beijing_233_34001_native_anchor_0_step150,150,3e-05,.cache/anchor_window_study_20260914/anchor/beijing_233_34001_native_anchor_0_V_150.npz,True,True,5f3ea6c6bb2c1f8ebcb67e6db5c9e590a3e1248e03e6e0552b6a3d75f80d3f98,beijing_233_34001_native_anchor_0_step150
beijing_233,beijing,233,34001,native_anchor,beijing_233_34001_native_anchor_0_step450,450,3e-05,.cache/anchor_window_study_20260914/anchor/beijing_233_34001_native_anchor_0_V_450.npz,True,True,72ab06bb9d8d1c917b8c331ca28ce879a8ea7a694f7d2eccbb3cdd36868f8a43,beijing_233_34001_native_anchor_0_step450
beijing_233,beijing,233,34001,native_anchor,beijing_233_34001_native_anchor_0_step900,900,3e-05,.cache/anchor_window_study_20260914/anchor/beijing_233_34001_native_anchor_0_V_900.npz,True,True,fc7468f1c780ed90c7fcb5ba0033a186e36fc1a32f0386d583c0edeca817fad1,beijing_233_34001_native_anchor_0_step900
beijing_233,beijing,233,34001,native_anchor,beijing_233_34001_native_anchor_1_step0,0,0.0001,.cache/anchor_window_study_20260914/anchor/beijing_233_34001_native_anchor_1_V_0.npz,True,True,a1bfcafd7f285b9fd53577c250b85d1751ee018ef8272eb22ad1f24320684274,beijing_233_34001_native_anchor_0_step0
beijing_233,beijing,233,34001,native_anchor,beijing_233_34001_native_anchor_1_step150,150,0.0001,.cache/anchor_window_study_20260914/anchor/beijing_233_34001_native_anchor_1_V_150.npz,True,True,5382a993bea9de5e05d0d731dfa74756d6dd2aecdf67f98a0ae3f04b80df3c07,beijing_233_34001_native_anchor_1_step150
beijing_233,beijing,233,34001,native_anchor,beijing_233_34001_native_anchor_1_step450,450,0.0001,.cache/anchor_window_study_20260914/anchor/beijing_233_34001_native_anchor_1_V_450.npz,True,True,ade7683cfc3b85d39a4e2a02e9b6d25e6b76643b6210172877100978a4f117ac,beijing_233_34001_native_anchor_1_step450
beijing_233,beijing,233,34001,native_anchor,beijing_233_34001_native_anchor_1_step900,900,0.0001,.cache/anchor_window_study_20260914/anchor/beijing_233_34001_native_anchor_1_V_900.npz,True,True,cf975a926618eaa13fe51cdfcee3b782f1769d8be7442e6e90bfbc7982941ded,beijing_233_34001_native_anchor_1_step900
ettm2_later_32,ettm2_later,32,34000,native,ettm2_later_32_34000_native_0_step0,0,3e-05,.cache/anchor_window_study_20260914/anchor/ettm2_later_32_34000_native_0_V_0.npz,True,True,c60863e06ad57257a3e10d3831b28f66e0d7ad50d1ac9ea82bb42f55c0680dd5,ettm2_later_32_34000_native_0_step0
ettm2_later_32,ettm2_later,32,34000,native,ettm2_later_32_34000_native_0_step150,150,3e-05,.cache/anchor_window_study_20260914/anchor/ettm2_later_32_34000_native_0_V_150.npz,True,True,e780ec81a6ffced82fc43518ce7e4426d61afb4bdd787691e83ad371b364b5f2,ettm2_later_32_34000_native_0_step150
ettm2_later_32,ettm2_later,32,34000,native,ettm2_later_32_34000_native_0_step450,450,3e-05,.cache/anchor_window_study_20260914/anchor/ettm2_later_32_34000_native_0_V_450.npz,True,True,b09a694308c5a9a964967048ad7175504b814af991b0468175027ae6362a9a53,ettm2_later_32_34000_native_0_step450
ettm2_later_32,ettm2_later,32,34000,native,ettm2_later_32_34000_native_0_step900,900,3e-05,.cache/anchor_window_study_20260914/anchor/ettm2_later_32_34000_native_0_V_900.npz,True,True,98455086aac05b3aaf5b087426e8e4fbabdf0907a68b07341224016cf03e2af2,ettm2_later_32_34000_native_0_step900
ettm2_later_32,ettm2_later,32,34000,native,ettm2_later_32_34000_native_1_step0,0,0.0001,.cache/anchor_window_study_20260914/anchor/ettm2_later_32_34000_native_1_V_0.npz,True,True,c60863e06ad57257a3e10d3831b28f66e0d7ad50d1ac9ea82bb42f55c0680dd5,ettm2_later_32_34000_native_0_step0
ettm2_later_32,ettm2_later,32,34000,native,ettm2_later_32_34000_native_1_step150,150,0.0001,.cache/anchor_window_study_20260914/anchor/ettm2_later_32_34000_native_1_V_150.npz,True,True,60deaef48b189238b975d39c4b27493a29a41aae56eed1f6baa36764ca8c62b1,ettm2_later_32_34000_native_1_step150
ettm2_later_32,ettm2_later,32,34000,native,ettm2_later_32_34000_native_1_step450,450,0.0001,.cache/anchor_window_study_20260914/anchor/ettm2_later_32_34000_native_1_V_450.npz,True,True,efe784a565142d43f863b1aa1ddf9a1783d6a3d696602b06f5d1f1acc1d7b853,ettm2_later_32_34000_native_1_step450
ettm2_later_32,ettm2_later,32,34000,native,ettm2_later_32_34000_native_1_step900,900,0.0001,.cache/anchor_window_study_20260914/anchor/ettm2_later_32_34000_native_1_V_900.npz,True,True,5d0375eea5a6b3f3bcf6b813b6507428b42b9607e82f7b184b9f81ff1f717315,ettm2_later_32_34000_native_1_step900
ettm2_later_32,ettm2_later,32,34000,native_anchor,ettm2_later_32_34000_native_anchor_0_step0,0,3e-05,.cache/anchor_window_study_20260914/anchor/ettm2_later_32_34000_native_anchor_0_V_0.npz,True,True,c60863e06ad57257a3e10d3831b28f66e0d7ad50d1ac9ea82bb42f55c0680dd5,ettm2_later_32_34000_native_anchor_0_step0
ettm2_later_32,ettm2_later,32,34000,native_anchor,ettm2_later_32_34000_native_anchor_0_step150,150,3e-05,.cache/anchor_window_study_20260914/anchor/ettm2_later_32_34000_native_anchor_0_V_150.npz,True,True,387700d7cb259c94ce94f151f4c9e2a5544098afe04a7d459f6e7a58318ac5e0,ettm2_later_32_34000_native_anchor_0_step150
ettm2_later_32,ettm2_later,32,34000,native_anchor,ettm2_later_32_34000_native_anchor_0_step450,450,3e-05,.cache/anchor_window_study_20260914/anchor/ettm2_later_32_34000_native_anchor_0_V_450.npz,True,True,02c1937d24dbc064adb54d24a773ff7808ffc4c405e33f1ca63dbbc82ec651f9,ettm2_later_32_34000_native_anchor_0_step450
ettm2_later_32,ettm2_later,32,34000,native_anchor,ettm2_later_32_34000_native_anchor_0_step900,900,3e-05,.cache/anchor_window_study_20260914/anchor/ettm2_later_32_34000_native_anchor_0_V_900.npz,True,True,478a643f46e181c707c58d020fe3468adb47ac63dd0b3a7064bf94d6f958c52b,ettm2_later_32_34000_native_anchor_0_step900
ettm2_later_32,ettm2_later,32,34000,native_anchor,ettm2_later_32_34000_native_anchor_1_step0,0,0.0001,.cache/anchor_window_study_20260914/anchor/ettm2_later_32_34000_native_anchor_1_V_0.npz,True,True,c60863e06ad57257a3e10d3831b28f66e0d7ad50d1ac9ea82bb42f55c0680dd5,ettm2_later_32_34000_native_anchor_0_step0
ettm2_later_32,ettm2_later,32,34000,native_anchor,ettm2_later_32_34000_native_anchor_1_step150,150,0.0001,.cache/anchor_window_study_20260914/anchor/ettm2_later_32_34000_native_anchor_1_V_150.npz,True,True,76c52e9c133c5559ee657de57cea91ce1a5e0594ed3c483012025e894e902ec3,ettm2_later_32_34000_native_anchor_1_step150
ettm2_later_32,ettm2_later,32,34000,native_anchor,ettm2_later_32_34000_native_anchor_1_step450,450,0.0001,.cache/anchor_window_study_20260914/anchor/ettm2_later_32_34000_native_anchor_1_V_450.npz,True,True,ebc282e9c0010d5e089bda8ce9f6ba31081f17d38a2e2b8e1d85899bb1b54480,ettm2_later_32_34000_native_anchor_1_step450
ettm2_later_32,ettm2_later,32,34000,native_anchor,ettm2_later_32_34000_native_anchor_1_step900,900,0.0001,.cache/anchor_window_study_20260914/anchor/ettm2_later_32_34000_native_anchor_1_V_900.npz,True,True,4d23c83e900758cad92692ef51aea539d599520294cc11e2868c1aadbc742a3f,ettm2_later_32_34000_native_anchor_1_step900
ettm2_later_32,ettm2_later,32,34001,native,ettm2_later_32_34001_native_0_step0,0,3e-05,.cache/anchor_window_study_20260914/anchor/ettm2_later_32_34001_native_0_V_0.npz,True,True,c60863e06ad57257a3e10d3831b28f66e0d7ad50d1ac9ea82bb42f55c0680dd5,ettm2_later_32_34001_native_0_step0
ettm2_later_32,ettm2_later,32,34001,native,ettm2_later_32_34001_native_0_step150,150,3e-05,.cache/anchor_window_study_20260914/anchor/ettm2_later_32_34001_native_0_V_150.npz,True,True,7a9e6ff35c83171dc62d731ff30357f79b071428b60d777d5b3d35391f4e9834,ettm2_later_32_34001_native_0_step150
ettm2_later_32,ettm2_later,32,34001,native,ettm2_later_32_34001_native_0_step450,450,3e-05,.cache/anchor_window_study_20260914/anchor/ettm2_later_32_34001_native_0_V_450.npz,True,True,0a0d868b1b2b570255e07528dfa4f4dffe898002fae106c977c722c90ad2ba7f,ettm2_later_32_34001_native_0_step450
ettm2_later_32,ettm2_later,32,34001,native,ettm2_later_32_34001_native_0_step900,900,3e-05,.cache/anchor_window_study_20260914/anchor/ettm2_later_32_34001_native_0_V_900.npz,True,True,208146278942dfcfa088c7bec82a98ea7ae689182787a0330bc181b9a03fba4f,ettm2_later_32_34001_native_0_step900
ettm2_later_32,ettm2_later,32,34001,native,ettm2_later_32_34001_native_1_step0,0,0.0001,.cache/anchor_window_study_20260914/anchor/ettm2_later_32_34001_native_1_V_0.npz,True,True,c60863e06ad57257a3e10d3831b28f66e0d7ad50d1ac9ea82bb42f55c0680dd5,ettm2_later_32_34001_native_0_step0
ettm2_later_32,ettm2_later,32,34001,native,ettm2_later_32_34001_native_1_step150,150,0.0001,.cache/anchor_window_study_20260914/anchor/ettm2_later_32_34001_native_1_V_150.npz,True,True,a61a5a562310568397d99b2a68f3334d76200ea3b355a16ad4c401709fc0d5c6,ettm2_later_32_34001_native_1_step150
ettm2_later_32,ettm2_later,32,34001,native,ettm2_later_32_34001_native_1_step450,450,0.0001,.cache/anchor_window_study_20260914/anchor/ettm2_later_32_34001_native_1_V_450.npz,True,True,64ab858da2f5df02ff731ea37b33e59fa52e1250058ce8b91c71740429b4d8e9,ettm2_later_32_34001_native_1_step450
ettm2_later_32,ettm2_later,32,34001,native,ettm2_later_32_34001_native_1_step900,900,0.0001,.cache/anchor_window_study_20260914/anchor/ettm2_later_32_34001_native_1_V_900.npz,True,True,84dd11eadff8c626c06b13a23eb64ae4c75e030a51eb6cf12cecba71255e22ef,ettm2_later_32_34001_native_1_step900
ettm2_later_32,ettm2_later,32,34001,native_anchor,ettm2_later_32_34001_native_anchor_0_step0,0,3e-05,.cache/anchor_window_study_20260914/anchor/ettm2_later_32_34001_native_anchor_0_V_0.npz,True,True,c60863e06ad57257a3e10d3831b28f66e0d7ad50d1ac9ea82bb42f55c0680dd5,ettm2_later_32_34001_native_anchor_0_step0
ettm2_later_32,ettm2_later,32,34001,native_anchor,ettm2_later_32_34001_native_anchor_0_step150,150,3e-05,.cache/anchor_window_study_20260914/anchor/ettm2_later_32_34001_native_anchor_0_V_150.npz,True,True,17068e1670dbd42f225f699d7570fecac2703a8693a6170fc6f315353ae9d6ee,ettm2_later_32_34001_native_anchor_0_step150
ettm2_later_32,ettm2_later,32,34001,native_anchor,ettm2_later_32_34001_native_anchor_0_step450,450,3e-05,.cache/anchor_window_study_20260914/anchor/ettm2_later_32_34001_native_anchor_0_V_450.npz,True,True,f34213808a1924574b968ed63f59c089c5153c6d2cff98e72d4acf356565470b,ettm2_later_32_34001_native_anchor_0_step450
ettm2_later_32,ettm2_later,32,34001,native_anchor,ettm2_later_32_34001_native_anchor_0_step900,900,3e-05,.cache/anchor_window_study_20260914/anchor/ettm2_later_32_34001_native_anchor_0_V_900.npz,True,True,f82cb687cc0aa8a5f6a53da6c278519dd16cc48a3d5c5fb9884eac3733ffd511,ettm2_later_32_34001_native_anchor_0_step900
ettm2_later_32,ettm2_later,32,34001,native_anchor,ettm2_later_32_34001_native_anchor_1_step0,0,0.0001,.cache/anchor_window_study_20260914/anchor/ettm2_later_32_34001_native_anchor_1_V_0.npz,True,True,c60863e06ad57257a3e10d3831b28f66e0d7ad50d1ac9ea82bb42f55c0680dd5,ettm2_later_32_34001_native_anchor_0_step0
ettm2_later_32,ettm2_later,32,34001,native_anchor,ettm2_later_32_34001_native_anchor_1_step150,150,0.0001,.cache/anchor_window_study_20260914/anchor/ettm2_later_32_34001_native_anchor_1_V_150.npz,True,True,030a0ad5b2c7ddf8f3c2990092a5120dd3834a4a0aea8d7ef197da9f2fe9d808,ettm2_later_32_34001_native_anchor_1_step150
ettm2_later_32,ettm2_later,32,34001,native_anchor,ettm2_later_32_34001_native_anchor_1_step450,450,0.0001,.cache/anchor_window_study_20260914/anchor/ettm2_later_32_34001_native_anchor_1_V_450.npz,True,True,2e6ea6331ad22dbc54d87384435704de691d71c5ef6e54c733eb3ece37c98f24,ettm2_later_32_34001_native_anchor_1_step450
ettm2_later_32,ettm2_later,32,34001,native_anchor,ettm2_later_32_34001_native_anchor_1_step900,900,0.0001,.cache/anchor_window_study_20260914/anchor/ettm2_later_32_34001_native_anchor_1_V_900.npz,True,True,aab667f4d1bbe8d65a07648529ce79a0fea3a63c4b2eb00fb4999871d5612651,ettm2_later_32_34001_native_anchor_1_step900
ettm2_later_233,ettm2_later,233,34000,native,ettm2_later_233_34000_native_0_step0,0,3e-05,.cache/anchor_window_study_20260914/anchor/ettm2_later_233_34000_native_0_V_0.npz,True,True,c60863e06ad57257a3e10d3831b28f66e0d7ad50d1ac9ea82bb42f55c0680dd5,ettm2_later_233_34000_native_0_step0
ettm2_later_233,ettm2_later,233,34000,native,ettm2_later_233_34000_native_0_step150,150,3e-05,.cache/anchor_window_study_20260914/anchor/ettm2_later_233_34000_native_0_V_150.npz,True,True,08f09ac479ea41b9034e34f221f4789dee4e27faff5afc2535e3ea1dc232ce0f,ettm2_later_233_34000_native_0_step150
ettm2_later_233,ettm2_later,233,34000,native,ettm2_later_233_34000_native_0_step450,450,3e-05,.cache/anchor_window_study_20260914/anchor/ettm2_later_233_34000_native_0_V_450.npz,True,True,bdbe4d2136a40195eed9c28be9af92b8664a6ca528bea31548bb97103c2a21e8,ettm2_later_233_34000_native_0_step450
ettm2_later_233,ettm2_later,233,34000,native,ettm2_later_233_34000_native_0_step900,900,3e-05,.cache/anchor_window_study_20260914/anchor/ettm2_later_233_34000_native_0_V_900.npz,True,True,4b78b67146b027e48057043a2e112a262e3a2a110aa3b1cabb38c60a562913d3,ettm2_later_233_34000_native_0_step900
ettm2_later_233,ettm2_later,233,34000,native,ettm2_later_233_34000_native_1_step0,0,0.0001,.cache/anchor_window_study_20260914/anchor/ettm2_later_233_34000_native_1_V_0.npz,True,True,c60863e06ad57257a3e10d3831b28f66e0d7ad50d1ac9ea82bb42f55c0680dd5,ettm2_later_233_34000_native_0_step0
ettm2_later_233,ettm2_later,233,34000,native,ettm2_later_233_34000_native_1_step150,150,0.0001,.cache/anchor_window_study_20260914/anchor/ettm2_later_233_34000_native_1_V_150.npz,True,True,170379802ff4b696056397de95b4d8f96e4557b2e61afc47e5adaa22833115a7,ettm2_later_233_34000_native_1_step150
ettm2_later_233,ettm2_later,233,34000,native,ettm2_later_233_34000_native_1_step450,450,0.0001,.cache/anchor_window_study_20260914/anchor/ettm2_later_233_34000_native_1_V_450.npz,True,True,33f387108cba05ea87f5dba3070809ffa8fe93f4eea9e44960581d19333096b0,ettm2_later_233_34000_native_1_step450
ettm2_later_233,ettm2_later,233,34000,native,ettm2_later_233_34000_native_1_step900,900,0.0001,.cache/anchor_window_study_20260914/anchor/ettm2_later_233_34000_native_1_V_900.npz,True,True,f04e9c35e6e0a008bd711b689fdc2b77bbbf21942701c0190263aacee4dade71,ettm2_later_233_34000_native_1_step900
ettm2_later_233,ettm2_later,233,34000,native_anchor,ettm2_later_233_34000_native_anchor_0_step0,0,3e-05,.cache/anchor_window_study_20260914/anchor/ettm2_later_233_34000_native_anchor_0_V_0.npz,True,True,c60863e06ad57257a3e10d3831b28f66e0d7ad50d1ac9ea82bb42f55c0680dd5,ettm2_later_233_34000_native_anchor_0_step0
ettm2_later_233,ettm2_later,233,34000,native_anchor,ettm2_later_233_34000_native_anchor_0_step150,150,3e-05,.cache/anchor_window_study_20260914/anchor/ettm2_later_233_34000_native_anchor_0_V_150.npz,True,True,605622a2d8f339f6b6a572066c2272ac3651ea63001610a4595352b3fd1128c4,ettm2_later_233_34000_native_anchor_0_step150
ettm2_later_233,ettm2_later,233,34000,native_anchor,ettm2_later_233_34000_native_anchor_0_step450,450,3e-05,.cache/anchor_window_study_20260914/anchor/ettm2_later_233_34000_native_anchor_0_V_450.npz,True,True,72f7eb7fecbac5e1d59084631b0ffaa91366aba89c8630fc8c12d28f530ce6b4,ettm2_later_233_34000_native_anchor_0_step450
ettm2_later_233,ettm2_later,233,34000,native_anchor,ettm2_later_233_34000_native_anchor_0_step900,900,3e-05,.cache/anchor_window_study_20260914/anchor/ettm2_later_233_34000_native_anchor_0_V_900.npz,True,True,34a0e6a51ce2ea9e9ce64b90116e6e87b9edc7f8b0a4b2539a491fa559ba022f,ettm2_later_233_34000_native_anchor_0_step900
ettm2_later_233,ettm2_later,233,34000,native_anchor,ettm2_later_233_34000_native_anchor_1_step0,0,0.0001,.cache/anchor_window_study_20260914/anchor/ettm2_later_233_34000_native_anchor_1_V_0.npz,True,True,c60863e06ad57257a3e10d3831b28f66e0d7ad50d1ac9ea82bb42f55c0680dd5,ettm2_later_233_34000_native_anchor_0_step0
ettm2_later_233,ettm2_later,233,34000,native_anchor,ettm2_later_233_34000_native_anchor_1_step150,150,0.0001,.cache/anchor_window_study_20260914/anchor/ettm2_later_233_34000_native_anchor_1_V_150.npz,True,True,6aca33dc2fc00d8d125ea3697c0f4ac7f860ed77ca6d47d738feec12f0332283,ettm2_later_233_34000_native_anchor_1_step150
ettm2_later_233,ettm2_later,233,34000,native_anchor,ettm2_later_233_34000_native_anchor_1_step450,450,0.0001,.cache/anchor_window_study_20260914/anchor/ettm2_later_233_34000_native_anchor_1_V_450.npz,True,True,e8935c9486eb629d40756e341cc5c73cc04e2374e22150401371ae61b5689648,ettm2_later_233_34000_native_anchor_1_step450
ettm2_later_233,ettm2_later,233,34000,native_anchor,ettm2_later_233_34000_native_anchor_1_step900,900,0.0001,.cache/anchor_window_study_20260914/anchor/ettm2_later_233_34000_native_anchor_1_V_900.npz,True,True,590b0185e02bf68bc662c0a7fdefd103c7b4a40a1f54749ec22ba98cff34bc6b,ettm2_later_233_34000_native_anchor_1_step900
ettm2_later_233,ettm2_later,233,34001,native,ettm2_later_233_34001_native_0_step0,0,3e-05,.cache/anchor_window_study_20260914/anchor/ettm2_later_233_34001_native_0_V_0.npz,True,True,c60863e06ad57257a3e10d3831b28f66e0d7ad50d1ac9ea82bb42f55c0680dd5,ettm2_later_233_34001_native_0_step0
ettm2_later_233,ettm2_later,233,34001,native,ettm2_later_233_34001_native_0_step150,150,3e-05,.cache/anchor_window_study_20260914/anchor/ettm2_later_233_34001_native_0_V_150.npz,True,True,1473665539b465658064196749d99afd5e0f22af97ef76c26d214a933344f14f,ettm2_later_233_34001_native_0_step150
ettm2_later_233,ettm2_later,233,34001,native,ettm2_later_233_34001_native_0_step450,450,3e-05,.cache/anchor_window_study_20260914/anchor/ettm2_later_233_34001_native_0_V_450.npz,True,True,28f973db942dbc82f002bf5a44f978d340938187618d6a5edd55f11b802d8874,ettm2_later_233_34001_native_0_step450
ettm2_later_233,ettm2_later,233,34001,native,ettm2_later_233_34001_native_0_step900,900,3e-05,.cache/anchor_window_study_20260914/anchor/ettm2_later_233_34001_native_0_V_900.npz,True,True,46a07a1e06f506eab3d7ef10b4473fa1b998f953b4f944cd73bd07e1cc33b239,ettm2_later_233_34001_native_0_step900
ettm2_later_233,ettm2_later,233,34001,native,ettm2_later_233_34001_native_1_step0,0,0.0001,.cache/anchor_window_study_20260914/anchor/ettm2_later_233_34001_native_1_V_0.npz,True,True,c60863e06ad57257a3e10d3831b28f66e0d7ad50d1ac9ea82bb42f55c0680dd5,ettm2_later_233_34001_native_0_step0
ettm2_later_233,ettm2_later,233,34001,native,ettm2_later_233_34001_native_1_step150,150,0.0001,.cache/anchor_window_study_20260914/anchor/ettm2_later_233_34001_native_1_V_150.npz,True,True,2b6467f656bd9f704a2c96bf62b7ab1bf977059ae1537b928febc4d9f958c4ba,ettm2_later_233_34001_native_1_step150
ettm2_later_233,ettm2_later,233,34001,native,ettm2_later_233_34001_native_1_step450,450,0.0001,.cache/anchor_window_study_20260914/anchor/ettm2_later_233_34001_native_1_V_450.npz,True,True,9a7492c132dee244f6e1a953c3aa21395abe5a966c13c4617aaafced07d01ee2,ettm2_later_233_34001_native_1_step450
ettm2_later_233,ettm2_later,233,34001,native,ettm2_later_233_34001_native_1_step900,900,0.0001,.cache/anchor_window_study_20260914/anchor/ettm2_later_233_34001_native_1_V_900.npz,True,True,99d3c0df924ecb9d7639b863d03f17a4065d351f70619e2f2813aa09aad1923a,ettm2_later_233_34001_native_1_step900
ettm2_later_233,ettm2_later,233,34001,native_anchor,ettm2_later_233_34001_native_anchor_0_step0,0,3e-05,.cache/anchor_window_study_20260914/anchor/ettm2_later_233_34001_native_anchor_0_V_0.npz,True,True,c60863e06ad57257a3e10d3831b28f66e0d7ad50d1ac9ea82bb42f55c0680dd5,ettm2_later_233_34001_native_anchor_0_step0
ettm2_later_233,ettm2_later,233,34001,native_anchor,ettm2_later_233_34001_native_anchor_0_step150,150,3e-05,.cache/anchor_window_study_20260914/anchor/ettm2_later_233_34001_native_anchor_0_V_150.npz,True,True,5cae48002bad626c684ca1bacb6e4161c794abffc091b6ee265c65492aebc74f,ettm2_later_233_34001_native_anchor_0_step150
ettm2_later_233,ettm2_later,233,34001,native_anchor,ettm2_later_233_34001_native_anchor_0_step450,450,3e-05,.cache/anchor_window_study_20260914/anchor/ettm2_later_233_34001_native_anchor_0_V_450.npz,True,True,2071f62adc06f07611cc16368c3fdf331e5dcad904cd7d7a989bac327f15b4eb,ettm2_later_233_34001_native_anchor_0_step450
ettm2_later_233,ettm2_later,233,34001,native_anchor,ettm2_later_233_34001_native_anchor_0_step900,900,3e-05,.cache/anchor_window_study_20260914/anchor/ettm2_later_233_34001_native_anchor_0_V_900.npz,True,True,eabeb02395190417db3230404598594dd4bb4d18cde6cf9233b62eda505f62cf,ettm2_later_233_34001_native_anchor_0_step900
ettm2_later_233,ettm2_later,233,34001,native_anchor,ettm2_later_233_34001_native_anchor_1_step0,0,0.0001,.cache/anchor_window_study_20260914/anchor/ettm2_later_233_34001_native_anchor_1_V_0.npz,True,True,c60863e06ad57257a3e10d3831b28f66e0d7ad50d1ac9ea82bb42f55c0680dd5,ettm2_later_233_34001_native_anchor_0_step0
ettm2_later_233,ettm2_later,233,34001,native_anchor,ettm2_later_233_34001_native_anchor_1_step150,150,0.0001,.cache/anchor_window_study_20260914/anchor/ettm2_later_233_34001_native_anchor_1_V_150.npz,True,True,af6efa980ffdad8db77e0991e66905fa241a2f0400517afc2013b782dc2ed015,ettm2_later_233_34001_native_anchor_1_step150
ettm2_later_233,ettm2_later,233,34001,native_anchor,ettm2_later_233_34001_native_anchor_1_step450,450,0.0001,.cache/anchor_window_study_20260914/anchor/ettm2_later_233_34001_native_anchor_1_V_450.npz,True,True,00416712a71213b3a264f98cbced52eef30a9474d0783961c7b41ae0da7bccab,ettm2_later_233_34001_native_anchor_1_step450
ettm2_later_233,ettm2_later,233,34001,native_anchor,ettm2_later_233_34001_native_anchor_1_step900,900,0.0001,.cache/anchor_window_study_20260914/anchor/ettm2_later_233_34001_native_anchor_1_V_900.npz,True,True,2d8a99213c9480f9d01b525e81294fe84583f95eb8628df5caaa0d9015c12561,ettm2_later_233_34001_native_anchor_1_step900
electricity_new_32,electricity_new,32,34000,native,electricity_new_32_34000_native_0_step0,0,3e-05,.cache/anchor_window_study_20260914/anchor/electricity_new_32_34000_native_0_V_0.npz,True,True,d6a0b1c171f1f81c191ac1d88620d3c2901ba048ce4a3a6c6b969f607b0a08ab,electricity_new_32_34000_native_0_step0
electricity_new_32,electricity_new,32,34000,native,electricity_new_32_34000_native_0_step150,150,3e-05,.cache/anchor_window_study_20260914/anchor/electricity_new_32_34000_native_0_V_150.npz,True,True,5a5ef7b315557c4a8d4fe4ae066b74e3aee8a1fe4a22d54b68ae1ace9cfb61c8,electricity_new_32_34000_native_0_step150
electricity_new_32,electricity_new,32,34000,native,electricity_new_32_34000_native_0_step450,450,3e-05,.cache/anchor_window_study_20260914/anchor/electricity_new_32_34000_native_0_V_450.npz,True,True,c67c60a1edc4c87f0211d636dabe7a05f1811bbcffd819979466e8421d323e8f,electricity_new_32_34000_native_0_step450
electricity_new_32,electricity_new,32,34000,native,electricity_new_32_34000_native_0_step900,900,3e-05,.cache/anchor_window_study_20260914/anchor/electricity_new_32_34000_native_0_V_900.npz,True,True,1f5b7adcfc213b70e873923209eb797f4b61c8c987094dab61afb22378466e5d,electricity_new_32_34000_native_0_step900
electricity_new_32,electricity_new,32,34000,native,electricity_new_32_34000_native_1_step0,0,0.0001,.cache/anchor_window_study_20260914/anchor/electricity_new_32_34000_native_1_V_0.npz,True,True,d6a0b1c171f1f81c191ac1d88620d3c2901ba048ce4a3a6c6b969f607b0a08ab,electricity_new_32_34000_native_0_step0
electricity_new_32,electricity_new,32,34000,native,electricity_new_32_34000_native_1_step150,150,0.0001,.cache/anchor_window_study_20260914/anchor/electricity_new_32_34000_native_1_V_150.npz,True,True,ea6a4c912d159c90c7b32492cbc23e31efe9c092e3197c0ff22d6acde8bb2dfb,electricity_new_32_34000_native_1_step150
electricity_new_32,electricity_new,32,34000,native,electricity_new_32_34000_native_1_step450,450,0.0001,.cache/anchor_window_study_20260914/anchor/electricity_new_32_34000_native_1_V_450.npz,True,True,68ac94c10242f678705c0ac345161eb926362d072eeb3827828fdb9b20639ade,electricity_new_32_34000_native_1_step450
electricity_new_32,electricity_new,32,34000,native,electricity_new_32_34000_native_1_step900,900,0.0001,.cache/anchor_window_study_20260914/anchor/electricity_new_32_34000_native_1_V_900.npz,True,True,811c6fc1234d6a4d4ac39644b5b7103007e0fdd53abd269eb56a4c2e948f5e3c,electricity_new_32_34000_native_1_step900
electricity_new_32,electricity_new,32,34000,native_anchor,electricity_new_32_34000_native_anchor_0_step0,0,3e-05,.cache/anchor_window_study_20260914/anchor/electricity_new_32_34000_native_anchor_0_V_0.npz,True,True,d6a0b1c171f1f81c191ac1d88620d3c2901ba048ce4a3a6c6b969f607b0a08ab,electricity_new_32_34000_native_anchor_0_step0
electricity_new_32,electricity_new,32,34000,native_anchor,electricity_new_32_34000_native_anchor_0_step150,150,3e-05,.cache/anchor_window_study_20260914/anchor/electricity_new_32_34000_native_anchor_0_V_150.npz,True,True,9ad25dbe19a3460092698a60a7b396485fd88637239fd3a2f372532aaabb7a87,electricity_new_32_34000_native_anchor_0_step150
electricity_new_32,electricity_new,32,34000,native_anchor,electricity_new_32_34000_native_anchor_0_step450,450,3e-05,.cache/anchor_window_study_20260914/anchor/electricity_new_32_34000_native_anchor_0_V_450.npz,True,True,09a3dab90baf973e333cd5cd66553e6e283799a9abe174f092c5b47ea51ff2fc,electricity_new_32_34000_native_anchor_0_step450
electricity_new_32,electricity_new,32,34000,native_anchor,electricity_new_32_34000_native_anchor_0_step900,900,3e-05,.cache/anchor_window_study_20260914/anchor/electricity_new_32_34000_native_anchor_0_V_900.npz,True,True,48ff3b82976466f589624465d0199b4aea733392ad4fcd1529ad3a3f03afc7e8,electricity_new_32_34000_native_anchor_0_step900
electricity_new_32,electricity_new,32,34000,native_anchor,electricity_new_32_34000_native_anchor_1_step0,0,0.0001,.cache/anchor_window_study_20260914/anchor/electricity_new_32_34000_native_anchor_1_V_0.npz,True,True,d6a0b1c171f1f81c191ac1d88620d3c2901ba048ce4a3a6c6b969f607b0a08ab,electricity_new_32_34000_native_anchor_0_step0
electricity_new_32,electricity_new,32,34000,native_anchor,electricity_new_32_34000_native_anchor_1_step150,150,0.0001,.cache/anchor_window_study_20260914/anchor/electricity_new_32_34000_native_anchor_1_V_150.npz,True,True,f01a45ba1a56ebb6ad6dc20e35f7d7780a8a45ef7d53dcbf529fc22d6add69df,electricity_new_32_34000_native_anchor_1_step150
electricity_new_32,electricity_new,32,34000,native_anchor,electricity_new_32_34000_native_anchor_1_step450,450,0.0001,.cache/anchor_window_study_20260914/anchor/electricity_new_32_34000_native_anchor_1_V_450.npz,True,True,6afdc90556a2c14d4e25fa4b79b07846cdb3ab440d51a35023d386f7dd732e37,electricity_new_32_34000_native_anchor_1_step450
electricity_new_32,electricity_new,32,34000,native_anchor,electricity_new_32_34000_native_anchor_1_step900,900,0.0001,.cache/anchor_window_study_20260914/anchor/electricity_new_32_34000_native_anchor_1_V_900.npz,True,True,df9a770ff2141f8a42bcb40f76219902d7a574a284ae361c7c7b89fc7c41dbb8,electricity_new_32_34000_native_anchor_1_step900
electricity_new_32,electricity_new,32,34001,native,electricity_new_32_34001_native_0_step0,0,3e-05,.cache/anchor_window_study_20260914/anchor/electricity_new_32_34001_native_0_V_0.npz,True,True,d6a0b1c171f1f81c191ac1d88620d3c2901ba048ce4a3a6c6b969f607b0a08ab,electricity_new_32_34001_native_0_step0
electricity_new_32,electricity_new,32,34001,native,electricity_new_32_34001_native_0_step150,150,3e-05,.cache/anchor_window_study_20260914/anchor/electricity_new_32_34001_native_0_V_150.npz,True,True,33b088864e3edfd281c1d0eda7de3045b04656b24cf8d5225edca36e77df661a,electricity_new_32_34001_native_0_step150
electricity_new_32,electricity_new,32,34001,native,electricity_new_32_34001_native_0_step450,450,3e-05,.cache/anchor_window_study_20260914/anchor/electricity_new_32_34001_native_0_V_450.npz,True,True,c13cab2fd87645d2201ecd41b33e66eace04d3756ef1f58f48839eb6fa9ae6e0,electricity_new_32_34001_native_0_step450
electricity_new_32,electricity_new,32,34001,native,electricity_new_32_34001_native_0_step900,900,3e-05,.cache/anchor_window_study_20260914/anchor/electricity_new_32_34001_native_0_V_900.npz,True,True,80067e1cba4813255feb925b0317910c8eb2ccc550d1128b8793847ce7a006e6,electricity_new_32_34001_native_0_step900
electricity_new_32,electricity_new,32,34001,native,electricity_new_32_34001_native_1_step0,0,0.0001,.cache/anchor_window_study_20260914/anchor/electricity_new_32_34001_native_1_V_0.npz,True,True,d6a0b1c171f1f81c191ac1d88620d3c2901ba048ce4a3a6c6b969f607b0a08ab,electricity_new_32_34001_native_0_step0
electricity_new_32,electricity_new,32,34001,native,electricity_new_32_34001_native_1_step150,150,0.0001,.cache/anchor_window_study_20260914/anchor/electricity_new_32_34001_native_1_V_150.npz,True,True,35533d54eb9df3b7e627463267acc3cdd73d6ee8cfcd16e2b25a47e5d3099722,electricity_new_32_34001_native_1_step150
electricity_new_32,electricity_new,32,34001,native,electricity_new_32_34001_native_1_step450,450,0.0001,.cache/anchor_window_study_20260914/anchor/electricity_new_32_34001_native_1_V_450.npz,True,True,7e493d2401bdfa75f0cd23940dd4afc71d03ff1288d5d04165bd30eb64aa34e6,electricity_new_32_34001_native_1_step450
electricity_new_32,electricity_new,32,34001,native,electricity_new_32_34001_native_1_step900,900,0.0001,.cache/anchor_window_study_20260914/anchor/electricity_new_32_34001_native_1_V_900.npz,True,True,1073d4513492615a8f75729d0afbf0b5c08d48b4e752a4e7ce94a2790ed73993,electricity_new_32_34001_native_1_step900
electricity_new_32,electricity_new,32,34001,native_anchor,electricity_new_32_34001_native_anchor_0_step0,0,3e-05,.cache/anchor_window_study_20260914/anchor/electricity_new_32_34001_native_anchor_0_V_0.npz,True,True,d6a0b1c171f1f81c191ac1d88620d3c2901ba048ce4a3a6c6b969f607b0a08ab,electricity_new_32_34001_native_anchor_0_step0
electricity_new_32,electricity_new,32,34001,native_anchor,electricity_new_32_34001_native_anchor_0_step150,150,3e-05,.cache/anchor_window_study_20260914/anchor/electricity_new_32_34001_native_anchor_0_V_150.npz,True,True,5d63203be1ff714419de4166eb99fcc8701eca172e109a8cdd88f977243eadc2,electricity_new_32_34001_native_anchor_0_step150
electricity_new_32,electricity_new,32,34001,native_anchor,electricity_new_32_34001_native_anchor_0_step450,450,3e-05,.cache/anchor_window_study_20260914/anchor/electricity_new_32_34001_native_anchor_0_V_450.npz,True,True,673004a6cf3df1eb2de9e262966ac5baf58614b03c797ff7ff5d02a47bf5d501,electricity_new_32_34001_native_anchor_0_step450
electricity_new_32,electricity_new,32,34001,native_anchor,electricity_new_32_34001_native_anchor_0_step900,900,3e-05,.cache/anchor_window_study_20260914/anchor/electricity_new_32_34001_native_anchor_0_V_900.npz,True,True,8e20cf55bd31c47729d061c04c5a4b16788948083f72cdbdcc89289f080e226c,electricity_new_32_34001_native_anchor_0_step900
electricity_new_32,electricity_new,32,34001,native_anchor,electricity_new_32_34001_native_anchor_1_step0,0,0.0001,.cache/anchor_window_study_20260914/anchor/electricity_new_32_34001_native_anchor_1_V_0.npz,True,True,d6a0b1c171f1f81c191ac1d88620d3c2901ba048ce4a3a6c6b969f607b0a08ab,electricity_new_32_34001_native_anchor_0_step0
electricity_new_32,electricity_new,32,34001,native_anchor,electricity_new_32_34001_native_anchor_1_step150,150,0.0001,.cache/anchor_window_study_20260914/anchor/electricity_new_32_34001_native_anchor_1_V_150.npz,True,True,70768229913fd7336b568fd39dc8c744d9af8b3affa8cdb90513ea477dbe855d,electricity_new_32_34001_native_anchor_1_step150
electricity_new_32,electricity_new,32,34001,native_anchor,electricity_new_32_34001_native_anchor_1_step450,450,0.0001,.cache/anchor_window_study_20260914/anchor/electricity_new_32_34001_native_anchor_1_V_450.npz,True,True,526d6506bc77efc7f44773c925063d27e5b1d98246ee8e43cacaf6b522564eb9,electricity_new_32_34001_native_anchor_1_step450
electricity_new_32,electricity_new,32,34001,native_anchor,electricity_new_32_34001_native_anchor_1_step900,900,0.0001,.cache/anchor_window_study_20260914/anchor/electricity_new_32_34001_native_anchor_1_V_900.npz,True,True,a2c5552b838a614f4c157a303984a365a22ced474ebe003bb5c8894ab4bf03b0,electricity_new_32_34001_native_anchor_1_step900
electricity_new_233,electricity_new,233,34000,native,electricity_new_233_34000_native_0_step0,0,3e-05,.cache/anchor_window_study_20260914/anchor/electricity_new_233_34000_native_0_V_0.npz,True,True,d6a0b1c171f1f81c191ac1d88620d3c2901ba048ce4a3a6c6b969f607b0a08ab,electricity_new_233_34000_native_0_step0
electricity_new_233,electricity_new,233,34000,native,electricity_new_233_34000_native_0_step150,150,3e-05,.cache/anchor_window_study_20260914/anchor/electricity_new_233_34000_native_0_V_150.npz,True,True,360287e7592561b8e0fba502defb2fc4e63ff55b53aab81f56c2574fbf0326f6,electricity_new_233_34000_native_0_step150
electricity_new_233,electricity_new,233,34000,native,electricity_new_233_34000_native_0_step450,450,3e-05,.cache/anchor_window_study_20260914/anchor/electricity_new_233_34000_native_0_V_450.npz,True,True,a8dd6c69a9a688619f2003965822fdc0f3a236f00e2b54541925f1d35c2626a2,electricity_new_233_34000_native_0_step450
electricity_new_233,electricity_new,233,34000,native,electricity_new_233_34000_native_0_step900,900,3e-05,.cache/anchor_window_study_20260914/anchor/electricity_new_233_34000_native_0_V_900.npz,True,True,9aacc44e470c4003c2c0ad8892f8a223ad45e9445661678505243273d7bc237c,electricity_new_233_34000_native_0_step900
electricity_new_233,electricity_new,233,34000,native,electricity_new_233_34000_native_1_step0,0,0.0001,.cache/anchor_window_study_20260914/anchor/electricity_new_233_34000_native_1_V_0.npz,True,True,d6a0b1c171f1f81c191ac1d88620d3c2901ba048ce4a3a6c6b969f607b0a08ab,electricity_new_233_34000_native_0_step0
electricity_new_233,electricity_new,233,34000,native,electricity_new_233_34000_native_1_step150,150,0.0001,.cache/anchor_window_study_20260914/anchor/electricity_new_233_34000_native_1_V_150.npz,True,True,d8cfe65d0c27a21e55fa8bc17bc9c804b2b4e33bf9c9431c0ce25259b35748ad,electricity_new_233_34000_native_1_step150
electricity_new_233,electricity_new,233,34000,native,electricity_new_233_34000_native_1_step450,450,0.0001,.cache/anchor_window_study_20260914/anchor/electricity_new_233_34000_native_1_V_450.npz,True,True,5ab651dcf579b27a380e42fe5f7fe8667ebaa31e735052055c0f714e58b45e7b,electricity_new_233_34000_native_1_step450
electricity_new_233,electricity_new,233,34000,native,electricity_new_233_34000_native_1_step900,900,0.0001,.cache/anchor_window_study_20260914/anchor/electricity_new_233_34000_native_1_V_900.npz,True,True,93745630400f6566781790a178949530c9c11d1138cc6a3568bebf56e0726acc,electricity_new_233_34000_native_1_step900
electricity_new_233,electricity_new,233,34000,native_anchor,electricity_new_233_34000_native_anchor_0_step0,0,3e-05,.cache/anchor_window_study_20260914/anchor/electricity_new_233_34000_native_anchor_0_V_0.npz,True,True,d6a0b1c171f1f81c191ac1d88620d3c2901ba048ce4a3a6c6b969f607b0a08ab,electricity_new_233_34000_native_anchor_0_step0
electricity_new_233,electricity_new,233,34000,native_anchor,electricity_new_233_34000_native_anchor_0_step150,150,3e-05,.cache/anchor_window_study_20260914/anchor/electricity_new_233_34000_native_anchor_0_V_150.npz,True,True,c984b879984df8f7715a355260093c7d89df0d0cf2d727c0332b583056bb1d00,electricity_new_233_34000_native_anchor_0_step150
electricity_new_233,electricity_new,233,34000,native_anchor,electricity_new_233_34000_native_anchor_0_step450,450,3e-05,.cache/anchor_window_study_20260914/anchor/electricity_new_233_34000_native_anchor_0_V_450.npz,True,True,a78a26cfcb11203750b2306a543979b3d2a989b36fdf156570212f4568753b89,electricity_new_233_34000_native_anchor_0_step450
electricity_new_233,electricity_new,233,34000,native_anchor,electricity_new_233_34000_native_anchor_0_step900,900,3e-05,.cache/anchor_window_study_20260914/anchor/electricity_new_233_34000_native_anchor_0_V_900.npz,True,True,a54a8b6f96432833c53bafb653d946deb8d927e18ea6f1a07df7269476e916ce,electricity_new_233_34000_native_anchor_0_step900
electricity_new_233,electricity_new,233,34000,native_anchor,electricity_new_233_34000_native_anchor_1_step0,0,0.0001,.cache/anchor_window_study_20260914/anchor/electricity_new_233_34000_native_anchor_1_V_0.npz,True,True,d6a0b1c171f1f81c191ac1d88620d3c2901ba048ce4a3a6c6b969f607b0a08ab,electricity_new_233_34000_native_anchor_0_step0
electricity_new_233,electricity_new,233,34000,native_anchor,electricity_new_233_34000_native_anchor_1_step150,150,0.0001,.cache/anchor_window_study_20260914/anchor/electricity_new_233_34000_native_anchor_1_V_150.npz,True,True,285609cee5ea11a3777dbe8944f4b52299d669f47b3bcc831530e11585c4ba73,electricity_new_233_34000_native_anchor_1_step150
electricity_new_233,electricity_new,233,34000,native_anchor,electricity_new_233_34000_native_anchor_1_step450,450,0.0001,.cache/anchor_window_study_20260914/anchor/electricity_new_233_34000_native_anchor_1_V_450.npz,True,True,7c34f150958f66b6f8d353d1a9b734bd76aa855d28de5b0698d87d8709070d1a,electricity_new_233_34000_native_anchor_1_step450
electricity_new_233,electricity_new,233,34000,native_anchor,electricity_new_233_34000_native_anchor_1_step900,900,0.0001,.cache/anchor_window_study_20260914/anchor/electricity_new_233_34000_native_anchor_1_V_900.npz,True,True,09fe96e4e84bcdfe32ec8facf0449c63501e1aa2137de3b958f70bb2487fe935,electricity_new_233_34000_native_anchor_1_step900
electricity_new_233,electricity_new,233,34001,native,electricity_new_233_34001_native_0_step0,0,3e-05,.cache/anchor_window_study_20260914/anchor/electricity_new_233_34001_native_0_V_0.npz,True,True,d6a0b1c171f1f81c191ac1d88620d3c2901ba048ce4a3a6c6b969f607b0a08ab,electricity_new_233_34001_native_0_step0
electricity_new_233,electricity_new,233,34001,native,electricity_new_233_34001_native_0_step150,150,3e-05,.cache/anchor_window_study_20260914/anchor/electricity_new_233_34001_native_0_V_150.npz,True,True,390eabdd912f7f3f7d9e119b1175faf74fa4cc1ceb184a98c288699856075441,electricity_new_233_34001_native_0_step150
electricity_new_233,electricity_new,233,34001,native,electricity_new_233_34001_native_0_step450,450,3e-05,.cache/anchor_window_study_20260914/anchor/electricity_new_233_34001_native_0_V_450.npz,True,True,91204bafcdcff205fc2a821fecc2f4e585fc6a36d725525486082e89527c6c8e,electricity_new_233_34001_native_0_step450
electricity_new_233,electricity_new,233,34001,native,electricity_new_233_34001_native_0_step900,900,3e-05,.cache/anchor_window_study_20260914/anchor/electricity_new_233_34001_native_0_V_900.npz,True,True,45b5383611101098b22e94c3b6d2c580e122dc963bea73de243f43ba150cb3a9,electricity_new_233_34001_native_0_step900
electricity_new_233,electricity_new,233,34001,native,electricity_new_233_34001_native_1_step0,0,0.0001,.cache/anchor_window_study_20260914/anchor/electricity_new_233_34001_native_1_V_0.npz,True,True,d6a0b1c171f1f81c191ac1d88620d3c2901ba048ce4a3a6c6b969f607b0a08ab,electricity_new_233_34001_native_0_step0
electricity_new_233,electricity_new,233,34001,native,electricity_new_233_34001_native_1_step150,150,0.0001,.cache/anchor_window_study_20260914/anchor/electricity_new_233_34001_native_1_V_150.npz,True,True,319da2ad7e78804722d429536aa179961fffc8c03ed7d8a5a29b45e912ff6bef,electricity_new_233_34001_native_1_step150
electricity_new_233,electricity_new,233,34001,native,electricity_new_233_34001_native_1_step450,450,0.0001,.cache/anchor_window_study_20260914/anchor/electricity_new_233_34001_native_1_V_450.npz,True,True,71d5f522ccffa067e37441fd4798503b09061e65fa0f1e9720db0dbe7b53d6fe,electricity_new_233_34001_native_1_step450
electricity_new_233,electricity_new,233,34001,native,electricity_new_233_34001_native_1_step900,900,0.0001,.cache/anchor_window_study_20260914/anchor/electricity_new_233_34001_native_1_V_900.npz,True,True,2c877496119e18b86baf6cd83c2b8b2d2c3e15e8e8996c2cae6a0b28ec546c85,electricity_new_233_34001_native_1_step900
electricity_new_233,electricity_new,233,34001,native_anchor,electricity_new_233_34001_native_anchor_0_step0,0,3e-05,.cache/anchor_window_study_20260914/anchor/electricity_new_233_34001_native_anchor_0_V_0.npz,True,True,d6a0b1c171f1f81c191ac1d88620d3c2901ba048ce4a3a6c6b969f607b0a08ab,electricity_new_233_34001_native_anchor_0_step0
electricity_new_233,electricity_new,233,34001,native_anchor,electricity_new_233_34001_native_anchor_0_step150,150,3e-05,.cache/anchor_window_study_20260914/anchor/electricity_new_233_34001_native_anchor_0_V_150.npz,True,True,4a532938986ad7bf16c2bc1124a4c7a636a502cb040222a23371e51783063e31,electricity_new_233_34001_native_anchor_0_step150
electricity_new_233,electricity_new,233,34001,native_anchor,electricity_new_233_34001_native_anchor_0_step450,450,3e-05,.cache/anchor_window_study_20260914/anchor/electricity_new_233_34001_native_anchor_0_V_450.npz,True,True,aa8e5ba3640ca86840fe2aaaa8367e0618f9a5f25ac293442520b79a0c57ebfa,electricity_new_233_34001_native_anchor_0_step450
electricity_new_233,electricity_new,233,34001,native_anchor,electricity_new_233_34001_native_anchor_0_step900,900,3e-05,.cache/anchor_window_study_20260914/anchor/electricity_new_233_34001_native_anchor_0_V_900.npz,True,True,570146db1c8a4cc7833cde5faa73ec7998f4b85deb7175fb99cc78ce4345ab8a,electricity_new_233_34001_native_anchor_0_step900
electricity_new_233,electricity_new,233,34001,native_anchor,electricity_new_233_34001_native_anchor_1_step0,0,0.0001,.cache/anchor_window_study_20260914/anchor/electricity_new_233_34001_native_anchor_1_V_0.npz,True,True,d6a0b1c171f1f81c191ac1d88620d3c2901ba048ce4a3a6c6b969f607b0a08ab,electricity_new_233_34001_native_anchor_0_step0
electricity_new_233,electricity_new,233,34001,native_anchor,electricity_new_233_34001_native_anchor_1_step150,150,0.0001,.cache/anchor_window_study_20260914/anchor/electricity_new_233_34001_native_anchor_1_V_150.npz,True,True,3d579f818d6291b094209a8a9ca78cd634ee394f671424a87e0476c2fa2388bf,electricity_new_233_34001_native_anchor_1_step150
electricity_new_233,electricity_new,233,34001,native_anchor,electricity_new_233_34001_native_anchor_1_step450,450,0.0001,.cache/anchor_window_study_20260914/anchor/electricity_new_233_34001_native_anchor_1_V_450.npz,True,True,09633129b0a7f9df91b0d9b152750583f7af1d034edaac3b0a4e54eeaa792ea5,electricity_new_233_34001_native_anchor_1_step450
electricity_new_233,electricity_new,233,34001,native_anchor,electricity_new_233_34001_native_anchor_1_step900,900,0.0001,.cache/anchor_window_study_20260914/anchor/electricity_new_233_34001_native_anchor_1_V_900.npz,True,True,99d3a85946886c761a26247657f941b68ded676dc40adf7b779cd2857ba31745,electricity_new_233_34001_native_anchor_1_step900
